Density,U_0,r0,n
0.0017589698011384106,64.9540433610764,2.01876826119542,10.714478241554893
