Density,U_0,r0,n
0.0009425955938852306,0.1,2.0479709480959367,28.512209564486042
