Density,U_0,r0,n
0.002169193908966393,70.36291472310585,2.0232734433826134,13.262393141440379
