Density,U_0,r0,n
0.0029045610896588584,100.0,2.0942704827092684,0.1
