# Cluster list (3075 data points):
# "Cluster Identifier" "Cluster Size" "Radius of Gyration" "Gyration Tensor.XX" "Gyration Tensor.YY" "Gyration Tensor.ZZ" "Gyration Tensor.XY" "Gyration Tensor.XZ" "Gyration Tensor.YZ"
1 18 5.91766071 10.1877524979 16.6432400076 8.1877157736 -9.4406674623 -0.5154397258 0.3660703085 
2 16 4.5607258509 7.416690788 7.9317030831 5.4518264155 4.5240098734 3.0514621494 -0.6753404639 
3 14 4.8926114038 5.8566393252 11.507085338 6.5739216852 7.4834887178 3.7953581707 4.6371742263 
4 13 4.1599743378 2.5420240017 4.0502191821 10.7131433073 1.1344000417 2.7803432664 -1.4525703718 
5 12 5.6542128047 4.3121193097 6.6635807088 20.9944224218 -0.7631120998 3.1174740632 -10.8132568585 
6 11 3.3325630662 1.9338821076 1.5002703672 7.6718241153 0.1744389555 1.1331936701 -0.5339426393 
7 11 4.6932559105 15.6682364272 2.8065759989 3.5518386152 -3.1619140483 -4.075605218 0.1407817124 
8 11 5.4436787682 22.6067571163 0.6144621576 6.4124192569 0.3703548409 -10.4165403574 -0.0125096604 
9 10 4.9250598137 11.8773868358 9.7535430687 2.625284264 -8.5349102111 2.5224350724 -1.3703285454 
10 10 3.8777757962 6.7176627986 4.6128392778 3.7066430494 -1.1038426225 -3.2195970439 2.1923889933 
11 10 4.950498437 3.501260596 2.9529297432 18.053244435 -0.9469402824 -2.2764800709 5.2911970801 
12 10 3.3632607545 4.3549272603 2.4957091789 4.4608864632 -0.5880750653 -1.0626722159 0.0064881476 
13 9 3.9069499731 1.6559529286 4.3192418595 9.2890633044 -0.2213400841 -1.6191109924 2.9163528025 
14 9 4.1977625356 1.0961330412 7.9411630569 8.5839142074 -0.0380689015 -0.7539178695 -5.2000210041 
15 8 3.3908563168 1.1199532309 2.0474387808 8.3305145496 0.5953517371 -0.6529931781 1.4505787484 
16 8 3.6267660472 1.5238112389 2.3949724807 9.2346482415 -1.2302132742 -1.6872913903 2.8872124336 
17 8 3.5857915738 4.1563365965 4.9135808587 3.7879837557 1.9254635787 -2.7581108103 -3.2708505869 
18 8 3.5711548797 2.0944910434 5.5951798166 5.0634763151 -1.0828069968 -1.8950260309 1.3950878637 
19 8 3.1467797603 2.4710372141 4.377084674 3.0541009719 -2.0745605499 -0.3696588868 -0.215432922 
20 8 3.8631548968 1.7479478092 11.948931281 1.2270866668 -2.8748817702 -1.1782290272 1.9045100639 
21 8 3.6535581031 1.9188750704 5.5073029602 5.9223087819 -0.1624703985 0.8023953353 -1.5138590882 
22 7 2.8909989814 3.6625450846 3.6351893142 1.0601407118 -1.3374096668 -0.1068061239 1.1761681034 
23 7 3.8114126734 3.9980220246 6.9160918733 3.612752669 -4.9839928495 1.9550663101 -3.5365535712 
24 7 3.534074314 0.9051469083 1.3083030216 10.2762313273 0.5241676517 -1.8657192025 -1.7343239897 
25 7 3.3393462026 2.0689356205 2.8385181976 6.2437792431 -0.6464713008 -0.564390683 -1.9899177407 
26 7 3.7328879108 4.1391028131 5.9459693584 3.8493799828 3.3930298259 -2.522600629 -3.9975291162 
27 7 2.9234376279 1.2640576668 4.2944929452 2.9879369522 -1.6201261588 -0.4867653454 2.6836383508 
28 7 2.8043791133 3.6485560119 0.9537980146 3.2621881844 0.1050571154 2.9607603698 -0.4792969874 
29 7 3.0732640117 4.0535138271 3.4591561017 1.932281757 2.2413266706 -1.3632995217 0.5160877615 
30 7 2.9718940295 1.4586462067 2.9513057705 4.4222021456 1.1196432988 -0.0142308552 0.5825404075 
31 7 3.0123221108 0.5653426112 1.8194946971 6.6892471907 -0.1161551453 -0.8017453481 1.6426069673 
32 7 3.08870402 4.4024212494 2.1806297286 2.9570415454 -1.3551827434 -1.5782716587 2.2215466725 
33 7 3.7972779589 4.3545759181 2.9376677144 7.1270762646 2.1482956395 -4.8515719545 -1.1364018376 
34 7 4.2549429544 0.8236774138 1.8175258494 15.4633362824 0.7594785134 1.9487182304 3.9185376505 
35 7 3.9181226569 4.214889277 3.8887698844 7.2480259928 -3.3142093997 2.2183085451 -3.4494788541 
36 7 3.7479815947 3.7092537049 4.7257991039 5.6123132251 -2.8018141657 -2.1995436365 3.6843708222 
37 7 3.3956701607 1.6745336953 2.7033520156 7.1526901295 -0.3492973172 1.7586939883 0.5058989299 
38 7 3.5227029174 1.8426467875 10.1426739049 0.4241151519 -3.5622361905 -0.2599338259 0.6162952886 
39 7 3.4635732563 1.4739711325 3.7487376342 6.7736309353 -1.2648711131 -0.3834179717 3.7791195159 
40 7 3.1298941895 2.3291036116 2.1148206459 5.3523133798 1.0045295413 -1.1219923307 1.9414423447 
41 7 2.9369877841 3.2734433345 3.9833134283 1.369140481 -2.4363382105 0.734954303 -0.5535595708 
42 7 2.4452755455 1.363869356 1.8377790049 2.7777241325 -0.0994969912 0.2913949606 0.7136450119 
43 6 2.4953995697 2.952547885 1.0309094852 2.2435616424 0.7735961736 -1.50302511 -1.0304781622 
44 6 3.2249290651 0.7280923341 3.7450059971 5.9270691437 -0.0409741271 -1.0140480832 -3.4357976857 
45 6 3.6785396884 1.038719119 11.6186880597 0.8742470604 2.3121468264 0.4283493035 2.050961238 
46 6 2.7532255941 1.0492952771 3.5968015579 2.9341543372 0.6529500098 -1.4720885536 -2.1943155454 
47 6 2.1513046188 3.2387469121 0.4092519886 0.980112662 -0.1612720644 0.6390257042 0.0873940958 
48 6 2.8170166832 2.421877746 4.6219111902 0.8917940572 -2.4283690819 -0.4096531682 -0.0033473876 
49 6 3.2148345598 4.9124256634 3.4022771805 2.0204584032 0.0185131406 1.5633157154 1.728220223 
50 6 3.9636370002 2.7008687116 12.034932969 0.9746165888 -4.2533180391 0.538421175 -2.3356275418 
51 6 4.0771168215 12.4663488126 2.2556978616 1.9008349017 4.2036660615 -1.5645188182 -1.0271030447 
52 6 2.8554493177 1.8850487322 6.0121636593 0.2563784146 2.2309818685 0.1473530556 0.9048314954 
53 6 3.1363586511 2.4767436405 3.6542096782 3.7057922695 -0.9110441728 0.911840942 0.630484672 
54 6 3.3484603758 6.9650424224 1.6305222874 2.6166221784 -1.6051751904 3.5240748788 -0.4421657075 
55 6 3.1751582405 1.5406490975 7.8639557559 0.6770249988 2.0296536249 -0.6497307154 -1.2837746234 
56 6 2.248578294 1.8816454516 2.576121941 0.5983369515 -1.8518697276 0.2433898607 -0.114030988 
57 6 2.8063401763 2.582844513 3.1211268415 2.1715738306 -1.9377312496 -0.1322031261 0.0714108494 
58 6 3.1756741603 1.9972933947 3.9660974051 4.1215155723 2.0252930334 -1.8988768578 -1.236355008 
59 6 2.774251559 1.4727580112 1.8485351169 4.3751785843 -0.5162177356 2.0727351287 -1.2681609749 
60 6 2.5637680539 4.3235250964 1.491993334 0.7573882037 -0.4554572987 -1.2389314351 0.6770524535 
61 6 2.9887749588 3.7149994514 4.3190196637 0.8987566392 -3.20251564 -1.3451894796 1.2814531562 
62 6 2.3273195058 2.2708281946 1.5584689515 1.587118936 -0.341024016 0.1201276233 0.5135511973 
63 6 2.3329885264 1.3837650857 1.6471752315 2.4118951472 -0.6202192736 0.7552930879 -0.5554953949 
64 6 2.8119294836 4.6756994638 0.9967996269 2.23444833 0.8389504314 -2.34591975 -0.4169461948 
65 6 2.7461253424 5.326106273 1.5865590862 0.628539037 -1.9202724722 -0.4448473391 -0.1155064744 
66 6 2.4653112169 0.6144222554 1.2119235168 4.2514136241 0.1079263615 -0.6861597057 -1.4728744912 
67 6 3.7027897975 3.3437300486 7.5925581269 2.7743641091 3.8294086185 -1.848381328 -3.3773109799 
68 6 2.8677264767 2.7972319491 4.2960678444 1.1305553517 0.5042535736 0.2191041708 -2.109296185 
69 6 2.9288426826 2.4935336818 1.8784217779 4.2061639995 1.5850979839 -2.4225271044 -1.5533089857 
70 5 3.2829745154 2.6998792454 6.3621094414 1.715932982 3.8206692205 1.4542838675 1.4674506473 
71 5 2.833270599 2.281430829 4.0164142258 1.7295772321 -1.5986211703 -0.256830557 0.5762637933 
72 5 2.572916324 3.1359776085 0.2709837023 3.2129370998 0.4068145348 -0.9872354661 -0.2747029176 
73 5 3.4391323863 0.7283268566 7.1317207875 3.9675839261 -1.6363365149 0.2537272672 -4.1553932608 
74 5 2.373708689 2.3289216657 1.717213576 1.5883576987 1.1427448318 1.2880354783 1.4885318747 
75 5 3.7382330455 6.3637686158 7.3886949905 0.2219226964 5.8658251845 -0.326914979 -0.4937109419 
76 5 2.9166314545 2.2933196067 3.3198546115 2.893564823 2.5507188491 1.8903823489 1.3187986274 
77 5 2.7642874214 1.9154072587 2.9962654783 2.729612211 -0.6899556916 -0.7475679359 -2.185982347 
78 5 1.9459726847 0.8382408234 1.4589485236 1.4896203426 0.0746000207 0.2355411929 -0.2292899237 
79 5 2.5246986385 2.7561561099 0.8573523663 2.7605947392 1.3344862298 0.6381531795 0.698804407 
80 5 2.463492411 4.3604973425 0.5947017482 1.1135957682 -1.2160852737 -0.1678572384 -0.0504317698 
81 5 2.372276933 0.9539926305 2.1949118645 2.4787933521 -0.5336680927 -0.0435795498 -1.3778410961 
82 5 2.893643126 1.098694365 1.3398367698 5.934639406 0.5319566131 2.0665401488 2.0919259824 
83 5 2.9803972648 1.9940316944 2.1436475717 4.7450885902 0.9923091421 -2.1197460288 0.7572346554 
84 5 2.8201153929 2.854649473 1.7666284127 3.3317729434 1.9177436467 2.6770424839 1.5354758378 
85 5 2.7403917124 0.5212111424 4.1903628196 2.7981727754 0.8044702249 -0.6710013383 -2.9913290611 
86 5 3.2654880751 4.5639609529 2.1308229583 3.9686284574 3.0912425797 -1.6722606531 -1.0583699981 
87 5 2.957759497 1.6943027208 4.8899908956 2.1640476254 2.1299508303 -0.8855651384 -2.2056629189 
88 5 2.515804601 1.7263666159 2.7489458783 1.8539602964 -0.1752244961 -1.1826678431 1.0203874441 
89 5 2.4082900831 0.8011172694 2.7017614804 2.2969823748 -0.6863532379 -0.514780131 1.4510376347 
90 5 2.9530196025 7.8489560429 0.2114125018 0.6599562282 0.5517183707 0.7936065778 0.0230967448 
91 5 3.0000716785 1.0003003452 7.1551092324 0.8450204988 0.2652773541 0.8983175934 0.6824901054 
92 5 2.7551521107 3.9339576026 2.3835579505 1.2733476001 2.3187613672 1.6464450469 1.2704504523 
93 5 2.7359807876 0.4778983815 2.2972508556 4.7104416329 -0.9306872465 0.3024420351 -1.6731021415 
94 5 3.4113660289 6.5741886819 1.611111516 3.4521179853 -2.5740403831 -2.9786004967 1.7394081948 
95 5 2.9675535791 1.3975175992 5.8519338203 1.5569228254 -1.5111838615 0.8955990926 -2.7545352207 
96 5 2.9892269256 0.5249951249 6.2069685827 2.2035139049 -1.6042509541 0.940812649 -2.4138018167 
97 5 2.915911748 1.6264973672 0.9357936189 5.9402503361 -0.4001401637 2.5118604027 -1.0228363822 
98 5 2.081187728 0.759753462 1.1759594284 2.3956294687 -0.8408207769 -0.4956150343 0.3717504532 
99 5 2.6477215581 1.805952406 4.1862039484 1.0182730949 -0.5666441433 0.7240387946 0.1462792312 
100 5 2.7338808718 0.7096856947 3.5009171411 3.2635017854 -0.0631466327 -0.4615207646 -2.6722512912 
101 5 2.8793022607 0.6671405747 1.7702668597 5.8529740743 -0.0976328834 0.0588977529 1.8694947681 
102 5 2.5923679961 5.0275099325 0.2877462454 1.4051156494 0.5897499972 0.8871716767 0.0451278842 
103 5 2.0235824002 1.1709621096 0.7332384235 2.1906851972 -0.2417505398 -0.9212313702 -0.3679780154 
104 5 2.7541557757 0.5868532643 2.0523767171 4.9461440552 0.7699157487 0.9472564496 -0.1859547712 
105 5 2.4308843091 1.9016789087 2.183661724 1.8238578914 -0.8073019084 0.7620238206 0.5902592802 
106 5 1.8348416474 1.0395873235 2.1318086211 0.1952479266 -0.9194294131 0.3877583443 -0.5358898348 
107 5 2.1551904764 3.6260161613 0.7701879558 0.2486418725 0.5183772337 0.5778890639 -0.0941476358 
108 5 2.9634168861 0.4116385964 1.6396092513 6.7305917929 -0.4162225972 -0.3682037474 -1.2429091951 
109 5 2.7832302057 1.8480928431 0.3250063855 5.5732711493 -0.5378080311 2.4424127594 -1.1958038801 
110 5 2.6504531146 1.0216923975 5.2400040966 0.7632052185 -1.7278974072 0.566215538 0.0256920534 
111 5 2.939535437 1.5974562297 3.9153913807 3.128020975 -0.934797415 0.9898407207 1.6378405048 
112 5 2.9278584931 2.5796126952 3.0921598923 2.9005827682 -0.898825224 -2.5073473383 -0.179621562 
113 5 3.5059349588 6.0009345956 5.915680923 0.3749644167 5.7084887185 0.6271513958 0.2861834229 
114 5 2.8844300526 0.4662319837 6.0866006411 1.7671041036 0.4401521346 -0.5624268493 -0.603702474 
115 5 2.4254810966 2.0949180035 2.4173182388 1.3707223077 0.1116244817 -0.3227101214 -1.3004886381 
116 5 2.7474560633 0.9291491006 5.437369042 1.1819966773 -1.420976425 0.7297261879 -1.8656506196 
117 5 2.6020176458 0.2071549333 3.3589457853 3.2043951104 0.4346975144 -0.1841769849 1.6620666537 
118 5 2.9913993751 6.9456649838 1.3717993045 0.6310059331 -0.0936911361 0.6404120722 0.74285756 
119 5 2.7048000575 2.1527650612 3.876155336 1.287022954 1.6679538881 -0.249325629 0.2173457134 
120 5 2.3312280759 1.5882492684 1.7257498895 2.1206251837 1.2202411082 -0.7900407625 -0.6486273091 
121 5 3.07968663 1.473390167 5.2812319698 2.7298476022 -2.6794529917 1.6251372308 -2.4724548455 
122 4 2.3175244217 1.8171710884 0.756459014 2.7972893427 0.8398502982 -2.2169191954 -1.1963312081 
123 4 2.4140713126 0.7802035217 2.242349809 2.8051869714 -0.0423211024 0.2176015504 -1.2766802349 
124 4 2.340686549 1.1410367882 1.0666904176 3.271086315 0.6752929385 -1.2906701715 -1.695264866 
125 4 2.7733011811 2.2895699164 0.7281411788 4.6734883456 0.5888455499 3.2071672037 0.917300083 
126 4 2.5631652872 3.9550770148 1.5439485628 1.0707907117 -0.4128954956 -0.8649170131 0.9371878395 
127 4 2.2359287719 0.96343226 2.4981660549 1.537779158 -0.1031377793 0.0138843125 -1.9028911751 
128 4 1.8634946024 1.8702239094 0.8809156456 0.7214725783 0.5023529151 -1.1601337548 -0.3139434611 
129 4 2.4479297533 1.330804511 1.83735111 2.824204456 0.5344305904 -1.7906841702 -1.0860476353 
130 4 2.6068435619 1.0752703194 4.2145795328 1.5057835041 -2.0592849262 1.2215136589 -2.2267664785 
131 4 2.5412808465 2.4259299878 3.9231809847 0.1089973685 2.3401710661 -0.4117938713 -0.5952771648 
132 4 2.4326243919 0.7479760977 1.7285051718 3.4411801625 0.226676453 -1.3877009013 -1.6196835289 
133 4 1.9329994334 1.8978370784 0.2774210662 1.561228665 0.3171941333 -0.8401260634 -0.6135499794 
134 4 2.7931897053 0.9151543683 1.155484033 5.7312703283 -0.7657983916 1.1643898999 0.0715272159 
135 4 2.6437987995 3.75560015 1.1059880245 2.1280839176 1.7337139225 2.0316871938 0.8782445194 
136 4 1.9942026873 1.1949704684 0.4294335118 2.3524403777 -0.3029170187 -0.9423583507 -0.0377624727 
137 4 2.4611132656 2.3991308503 2.875503882 0.7824437739 0.5168466625 -1.1171661593 -1.0844963837 
138 4 2.194450159 0.7101178167 0.2635974641 3.8418962194 -0.0711796845 -0.4480136103 0.16772751 
139 4 2.462121241 0.3079420803 2.0510441337 3.7030547913 -0.6622495315 0.3358704402 0.3216851992 
140 4 2.2138435806 2.5236855285 0.602503484 1.7749143868 -0.8769383911 -0.4407955 -0.0263355759 
141 4 2.3399409234 0.7475375474 0.7957718076 3.9320141702 0.2803055577 -1.486653854 0.2231019051 
142 4 2.1731031635 0.8453364268 0.7332823771 3.1437585555 0.1586066638 1.6058885285 0.5202056625 
143 4 2.2932888347 0.2433680218 3.1917022121 1.8241034452 0.8377585683 0.2830221402 0.893129068 
144 4 2.416028415 2.353292015 1.565143593 1.918757694 -1.2981703535 -2.0669159635 0.8465381908 
145 4 2.1713915924 2.3686979845 1.5531254826 0.7931179805 1.1115053907 0.5779306309 0.030001289 
146 4 2.7693720666 4.4854260007 1.545987498 1.6380081445 1.2398191075 2.4324929655 1.2858779572 
147 4 3.1555630501 1.2808880358 5.7353978758 2.9412922516 2.3055671207 1.8570271856 3.0489163403 
148 4 2.1891508008 0.3224693827 1.2716895908 3.1982222549 -0.5923750565 0.5401756378 -0.3441199625 
149 4 2.5415151538 0.0423618417 5.2881196382 1.128817797 -0.0761032363 0.0015295341 -2.3267694926 
150 4 2.9957480092 1.3758203794 1.678489351 5.9201964044 -1.1844273896 -2.7841703729 2.121513515 
151 4 1.9275695401 1.031035521 1.7152630127 0.9692257983 -1.0067522367 -0.7658330322 0.6551638298 
152 4 2.1522712053 1.2361577631 3.221344407 0.1747691709 -0.8280222459 -0.1916526727 0.7385514979 
153 4 2.1725539755 3.7627722567 0.1783274512 0.7788910687 0.6231491977 -0.060511856 0.0064178321 
154 4 2.4762260307 0.0491461814 2.6543125396 3.4282366339 -0.1137653261 -0.0510475689 2.3946750894 
155 4 1.9935352149 0.8717131915 1.9312436702 1.1712257912 -0.0977114001 -0.4161548278 1.1696450008 
156 4 2.3034702724 1.0048233586 4.2371201388 0.0640317982 1.630358947 0.1057928254 -3.6036547306e-04 
157 4 2.4927594876 5.0250382085 0.2560366658 0.9327749887 -0.5989930949 -1.4753933112 0.2727791784 
158 4 2.5139209168 1.0889404531 3.7800817214 1.4507762012 1.1502780373 -0.3887503186 1.4193408676 
159 4 2.799493266 3.8943333454 2.2439159845 1.6989132167 -1.4599859787 -1.4346928647 1.6969327181 
160 4 1.9709243406 2.7292408978 0.8697063295 0.285595529 -1.293111909 -0.1380674427 0.3278996659 
161 4 2.137621727 1.9218432591 1.5048138584 1.1427695304 0.6491914778 1.1502949438 -0.2934242548 
162 4 1.8880633456 2.7552837413 0.7031009756 0.1063984801 1.3413008961 -0.2000663232 -0.0803594299 
163 4 2.5054553906 1.5631416237 2.0707968656 2.643368225 -0.0081302406 -1.0271651166 -1.3270485762 
164 4 3.2300712745 0.9250387328 9.4159261569 0.0923955484 -2.3993512953 -0.1838476326 0.8630835128 
165 4 2.1161467525 0.4131038463 2.0154148149 2.0495584167 -0.07002732 0.8358270169 -0.2471882266 
166 4 2.8371312094 0.1155813211 6.4239613759 1.5097708023 0.6669273604 0.0697237906 1.7966857586 
167 4 1.7990121156 0.345281418 1.5550095514 1.3361536226 -0.2715638741 0.335663509 -1.1807920965 
168 4 2.8045232811 0.216802494 6.0973832606 1.5511650798 -0.8767563093 0.0709996684 -2.1676521286 
169 4 2.0554291811 2.0033388625 1.5709820121 0.6504682437 -1.1762816971 0.6691906379 -1.0040564096 
170 4 2.3743384589 2.3834635036 2.0220007899 1.2320188238 1.7790501915 1.5403504755 1.0427250543 
171 4 2.5714868 1.6013166042 3.1136335741 1.8975941842 -0.6293728824 0.0041868275 1.7840252842 
172 4 2.0033635672 0.973808538 2.0658592362 0.9737978083 1.408963897 -0.4275290907 -0.6279369571 
173 4 2.6258341119 1.0942670359 3.6266679504 2.1740697971 1.9855483664 0.8459959062 1.3517330578 
174 4 2.8448507356 6.4246747022 0.2819138806 1.386587125 0.6840116703 -0.9284248328 -0.6074695132 
175 4 2.2120554451 2.7221166632 1.6793297884 0.4917428407 2.1358289606 1.0158568163 0.8137707752 
176 4 2.2220775166 1.1063978529 2.1578081971 1.6734224396 -0.3425917549 -0.108132063 0.0746323355 
177 4 1.9509013947 0.8061537901 0.2207157309 2.7791467308 -0.4099782512 0.3128247285 -0.3185177242 
178 4 2.8794875631 6.8263472595 0.5357652492 0.9293361172 1.4589229085 2.3000920686 0.5766725275 
179 4 3.0124176791 6.5008338226 1.2079411191 1.3658853316 2.6477141394 2.8041231656 1.0883539808 
180 4 1.9410061419 0.6067111081 1.660415242 1.5003784926 -0.0314239723 -0.4959756583 1.2247981009 
181 4 2.3779841102 1.9925897053 1.6985873107 1.9636314121 -1.5781377664 -0.4270351428 -0.2860885578 
182 4 1.8792656095 1.0905862998 2.0534992164 0.3875537147 1.3727778455 0.19075235 0.3174058535 
183 4 2.5189571433 0.1248326285 5.9039771563 0.3163353051 0.148357245 0.0902344644 0.9835267584 
184 4 2.1560895645 0.5253778725 1.4931259735 2.630218364 -0.7416490366 0.6451625783 -0.0053313541 
185 4 2.4333594883 3.9563746045 0.7221664216 1.2426973733 1.4859076453 1.2072485923 0.2522791031 
186 4 1.9327551598 0.4749287617 2.6068096075 0.6538041384 0.7856780946 -0.4061347161 -1.0466158248 
187 4 2.7345076565 0.8434704733 3.6023551059 3.0317065444 -0.7842577248 1.2346087332 -2.3424685258 
188 4 2.7603390592 0.496846692 5.6006664675 1.5219585621 -1.0021244818 0.679356255 -2.5597856168 
189 4 2.3235410938 2.4676222769 1.5182695615 1.4129513761 1.0748526887 1.3331470925 0.2240703605 
190 4 2.8238318364 1.7775154797 0.3847084328 5.8118023275 -0.7633371448 0.5261489781 -0.4652210067 
191 4 1.987605176 1.1550655656 1.9921814296 0.8033273403 0.7178705276 -0.2436772849 0.6875760222 
192 4 2.2020544898 1.5974145075 1.8123513175 1.4392781509 0.4730009038 0.3284342023 -1.4173269428 
193 4 2.1416235222 2.6633241747 0.4988407175 1.4243864189 0.0061024883 0.1814049455 0.2903017934 
194 4 2.0578470283 1.3057743685 1.1813314462 1.7476285771 0.2523810891 -1.1413574023 0.6847550466 
195 4 2.1022849708 2.5053662342 0.4106471924 1.5035886717 0.2594222276 0.3508744203 -0.5667703872 
196 4 2.2356876026 3.8800276109 0.6053863833 0.5128850622 0.7198030335 -0.8655240416 0.1089779651 
197 4 2.2571929053 1.6350596735 1.4353410394 2.0245190989 -1.4148938296 1.6110318451 -1.5338112544 
198 4 2.9427174786 1.0303304557 6.1160322585 1.5132234446 -1.3522270348 -0.6015585637 -1.4352734949 
199 4 2.1297728665 1.6727806856 2.7141736874 0.1489780899 2.0718455962 -0.0138351656 -0.1167810998 
200 4 2.3260479974 4.1778123591 0.3870142057 0.8456727213 0.6180481302 1.181837415 -0.1745913435 
201 4 2.5346024585 3.9776826399 0.8692844815 1.5772425011 -1.0691099268 -2.396213782 0.8599821131 
202 4 2.5555102885 1.2219366384 0.3476750459 4.9610211503 -0.1451635642 0.2540610812 0.9596385322 
203 4 3.481363625 5.627502472 5.9738556642 0.5185345532 5.6941640424 0.8133304183 0.8129913923 
204 4 2.1615473867 2.2991862463 2.158173753 0.2149271054 0.9946857403 0.5279205625 0.6061447154 
205 4 2.2510444682 2.0101050428 1.6046425008 1.4524536541 -0.2628280864 1.2432627498 0.7777031833 
206 4 2.4205528834 0.9263859413 4.6054880794 0.3272022407 0.4354755011 -0.4421893261 -0.5844888592 
207 4 2.0218811897 1.1421575424 1.4018413972 1.5440046058 0.3562763864 -1.0968086081 -0.5789593351 
208 4 2.3223565323 1.9402024561 0.4701318682 2.983005539 -0.0018401158 -2.3097623139 -0.3288464069 
209 4 2.8702001024 1.5308519207 5.4784140423 1.2287826649 -2.3811966621 -0.4740965833 1.9984636756 
210 3 2.0269708496 2.7419350499 0.3953008067 0.9713749685 -0.7288328881 -1.6298678332 0.4558835627 
211 3 1.8427868256 0.1991005309 1.8474781486 1.3492846052 0.4107090462 -0.377961967 -1.5746179257 
212 3 2.5984501065 3.987449688 2.5660181008 0.1984751673 2.8038582595 -0.7161923717 -0.2998557691 
213 3 1.5490665002 0.9774266288 0.5088912951 0.9132890982 0.2197220694 -0.9083070446 -0.0258484963 
214 3 1.6554749904 1.009525907 1.7272015052 0.0038700317 0.0135009615 -0.0600832109 0.0217336149 
215 3 1.9102250765 2.2365696916 1.1991691383 0.2132210132 -1.1158976176 -0.599611442 0.115572545 
216 3 1.3596596735 0.5354807084 1.304575115 0.0086186044 0.4879292636 0.0412229723 0.1059923893 
217 3 2.4604999112 0.2255140859 5.3123178355 0.5162278916 0.6750532875 0.1761136421 1.6436512193 
218 3 1.2955842042 0.6286198163 0.2955038685 0.7544147454 0.0788897031 0.6871185063 0.055282185 
219 3 1.3502797574 1.0299503073 0.3521681578 0.4411369581 -0.1901011143 -0.5957514021 -0.0649984561 
220 3 1.5290933443 1.0353785417 0.3613733199 0.9413745939 -0.162342918 0.8876016076 -0.3853818747 
221 3 1.5915129546 0.0970609108 2.2747426393 0.1611099345 0.2847972793 0.1183556848 0.1918501064 
222 3 2.0164355875 3.4694816427 0.0531276968 0.5434031389 0.2812612499 1.2975955487 0.0632169637 
223 3 1.4568395405 1.0220578387 0.5765319975 0.5237916106 -0.7020242474 -0.508516846 0.5091085524 
224 3 1.8362467851 1.7915282891 1.4333903273 0.1468836393 1.3004136823 -0.3863386935 -0.1040355541 
225 3 2.1335413816 0.5722424379 1.6966058381 2.283150551 -0.7542685464 -0.5217772468 1.8144838454 
226 3 2.1371189751 0.9788595779 0.9012246383 2.6871932973 -0.4176007703 1.2379944029 0.372343682 
227 3 1.5095379756 1.5626675394 0.435340289 0.2806970714 0.8182982695 -0.4336873409 -0.1939992951 
228 3 1.7180728773 0.0343174167 0.2815087041 2.6359482908 0.0899237291 -0.1147423135 -0.6221126944 
229 3 1.3361000617 0.8279418075 0.8487553823 0.1084661852 0.0688706655 -0.0364818582 0.297106456 
230 3 1.538365906 0.1139841346 1.8016492038 0.4509363222 -0.1320009762 0.1162017766 0.605820794 
231 3 2.0451382389 2.8311768744 0.3111457325 1.0402678095 -0.9381761452 1.6625366752 -0.5549933533 
232 3 2.2089148412 0.1667017585 1.7238838813 2.9887191361 0.3389549011 0.6694584433 1.9185721158 
233 3 1.0515852648 0.0302196327 0.3014381702 0.7741737662 0.0916254636 0.0786515726 0.1224650047 
234 3 2.2137254255 4.1510728695 0.030191081 0.7193163089 0.2129149998 0.9794102152 0.1472324458 
235 3 2.59615362 0.8351387956 0.4970887384 5.4077860845 -0.4511351556 -2.0611839542 0.8283999585 
236 3 1.9621038746 1.2002612109 2.1975750862 0.4520153178 0.0439646707 0.2809276253 -0.9106980102 
237 3 1.9563213107 3.1741473094 0.0862176238 0.5668281374 -0.2564505391 0.0735441484 0.1864497593 
238 3 1.9003282014 1.4633670445 1.6112742457 0.5366059828 -0.073362661 0.8318626553 -0.3617775499 
239 3 2.09272118 0.8291930904 2.7594899381 0.7907989086 0.648115568 -0.5488485601 -1.4103921973 
240 3 2.3938080366 0.4346225628 3.5027248057 1.7929695478 1.2100176988 0.880850651 2.4201310551 
241 3 1.8363103781 1.2420403727 0.01378216 2.116213272 -0.0350276978 0.8058234796 -0.1655069402 
242 3 2.1064555255 0.8606147358 2.6034562015 0.9730839435 1.3870504847 0.3131422974 1.0669385016 
243 3 2.0126787912 0.0856409857 3.1759634918 0.7892714391 0.1614704615 -0.1207328393 -1.5609253197 
244 3 1.329210077 1.1077469174 0.0474576286 0.6115948829 0.0264165014 0.3329127086 -0.1468331769 
245 3 1.8027239261 0.8973955135 0.4698191477 1.8825988925 0.5727952283 1.2348541425 0.6499473991 
246 3 1.885482842 2.9792033171 0.3008179616 0.2750242688 0.4766155487 0.743327077 0.2607363428 
247 3 1.7401185881 2.0052147415 0.8176408654 0.2051570937 -0.5954900691 0.1099298557 -0.3898607153 
248 3 2.1287422794 3.6130210251 0.3360001894 0.5825224773 -0.9588603334 -1.450498992 0.3809212936 
249 3 1.4019693306 0.2980557578 0.560540137 1.106922109 -0.4086644873 0.506680181 -0.702058981 
250 3 2.5957823958 0.3389511721 5.8641586209 0.5349764531 1.0022692083 0.189362161 -0.5557861742 
251 3 1.5728242522 0.0771754548 0.805840856 1.5907598175 -0.0488021166 0.2964629815 -0.7792724645 
252 3 1.8355379418 0.939827888 0.630892287 1.7984793608 -0.3732466891 1.2137797538 -0.8158754295 
253 3 1.467629051 0.3202409463 0.7336651621 1.100028923 0.4203119034 -0.1745497671 0.1985755062 
254 3 1.9720758366 0.1528893239 0.8004693731 2.9357244085 0.009355736 0.5491203644 -0.8442899896 
255 3 1.712282467 0.7695069631 1.3383801593 0.8240241243 0.8302693451 -0.6835455077 -1.0472966126 
256 3 1.8370928845 0.8684101104 0.8204085989 1.6860915572 0.606175186 0.8524459284 1.1759079412 
257 3 1.6592406112 0.4691299324 1.6983101964 0.5856392771 -0.3078162945 0.5098167639 -0.5519862372 
258 3 2.5198588237 0.6589777281 3.4762714121 2.214439351 -1.4972894898 -1.1920734066 2.7741738149 
259 3 1.8209373432 1.5326945073 0.2432750531 1.5398432476 -0.2091014995 1.2036660297 -0.5215407229 
260 3 1.5349890455 0.0158410012 1.7048469016 0.6355034669 -0.1592347697 -0.0958141478 0.886757115 
261 3 1.787172947 0.6461796942 0.2660178771 2.2817895713 0.1314727638 -0.0467592384 -0.7478565357 
262 3 1.5761361553 0.213682434 1.9555827936 0.3149399524 -0.4826596094 -0.0193046343 0.5642091252 
263 3 2.2751700331 0.5279885677 2.3201613176 2.3282487941 -0.1741994491 -0.7150573475 1.9900287766 
264 3 1.9634208748 0.6010468183 2.4891080496 0.7648666638 -1.2207483701 -0.6455190948 1.3374551731 
265 3 1.9483024843 0.257661851 2.1416915798 1.3965291396 0.7354650815 0.5927618338 1.654646631 
266 3 2.1364825937 0.1009097568 4.0018670116 0.461781105 0.6210343389 -0.1994525808 -1.3377124296 
267 3 1.2939798545 0.0944956928 0.3924665637 1.1874216073 0.1866458672 -0.3013580711 -0.6686456201 
268 3 1.9716814738 0.2622060708 1.5371914863 2.0881302772 0.6348286946 -0.7059049963 -1.7028839865 
269 3 1.5795433261 0.2845602066 0.0468770158 2.1635198967 0.0619286585 0.5955692352 0.3046225318 
270 3 1.3663329984 0.0863895921 0.6809452666 1.0995310037 0.093608039 0.0192735799 -0.7757987984 
271 3 1.2083122941 0.5209699426 0.7734687975 0.1655798599 -0.142772977 -0.1372217048 -0.270696418 
272 3 1.8678273522 0.1015765578 0.8921401978 2.4950622618 0.0408350953 -0.1963641295 -1.4400277946 
273 3 2.050430231 2.3034763802 0.1826874537 1.7181002985 0.2738023062 0.963972196 0.5588687944 
274 3 2.0206552906 1.5130653174 0.4081335436 2.1618489424 0.6558949045 1.665747877 0.9236038803 
275 3 1.7211156043 0.0983886026 0.3340984233 2.5297518976 0.0504354919 -0.2279871534 0.6685844153 
276 3 1.8170290701 0.0480315899 2.6138530479 0.6397100039 0.3255450732 -0.170144917 -1.2759650108 
277 3 1.8870027469 2.204182967 0.8466543779 0.509942022 1.2956146611 0.4269110691 0.0602618738 
278 3 1.8316394344 1.7564144491 0.3237068573 1.2747817112 -0.4607589911 1.3942536556 -0.5503593424 
279 3 2.2827188843 2.0751058231 0.6063203543 2.5293793273 -1.0146263131 -2.2865529137 1.0850922803 
280 3 2.0300658523 3.5978999457 0.4512370585 0.0720303607 -0.4552623527 -0.1124822611 -0.1499896949 
281 3 1.3931569195 0.8948507009 0.4212609069 0.6247745945 0.2298924589 0.7444051802 0.1465220318 
282 3 1.6318232326 0.6020793123 1.119143315 0.9416244351 0.2179329155 -0.5940785973 -0.8231074917 
283 3 1.3413103877 0.2655115145 0.3228353709 1.2107666708 -0.0040841575 0.5458801719 -0.1773722356 
284 3 1.8764590001 1.4321470821 0.6227405938 1.4662107031 -0.2735191909 -1.3921312173 0.0119992141 
285 3 1.5780236429 0.1860711691 1.3274780972 0.9766093511 -0.2832589051 -0.3983525677 0.2733254176 
286 3 2.1938413054 0.4224226634 3.9428582719 0.4476587379 -0.3745463888 -0.0265939672 1.2925731208 
287 3 2.4100639723 0.0416992168 3.4297988309 2.3369103032 0.2798682506 0.1891209866 2.7841801462 
288 3 1.5149873332 0.9971848404 0.1085233794 1.1894784001 0.0513697749 0.6178777786 0.3240684128 
289 3 1.8821655082 0.6197685112 2.753157684 0.169620805 -1.2976168217 0.2322131094 -0.431408335 
290 3 2.1427723676 0.1193897289 4.0927888117 0.3792948789 0.6556485228 -0.1417603113 -0.4562618214 
291 3 2.5938148261 0.6918925653 5.775842819 0.260139968 1.9402008049 -0.0310242729 -0.3814774202 
292 3 1.3265829621 0.7219046538 0.3970896861 0.6408280155 0.3799328019 -0.6523819498 -0.2428063157 
293 3 1.4573421211 1.2327195757 0.8749892626 0.0161372196 -0.9778324824 -0.0094231351 0.0474239169 
294 3 1.9915233246 2.5531602152 0.0824017359 1.3306032013 -0.3014649062 1.8359705834 -0.2388051656 
295 3 2.1446463 3.1495411933 0.9522268747 0.4977396842 -1.6255253864 -0.210355783 -0.1254985448 
296 3 2.0651539991 2.2079869597 1.3467918163 0.7100822641 0.5953237174 1.2463473541 0.4242174448 
297 3 2.0061894563 1.9335984008 0.9578372984 1.1333604355 -1.353293047 -1.1110997392 0.7049042261 
298 3 2.1302390796 0.8552630261 0.6958502471 2.9868052628 -0.2236059064 0.4774426762 -1.4415929102 
299 3 1.9933092053 1.3894044874 1.5097921405 1.0740849601 -1.4113938314 -0.0453009329 0.3316462828 
300 3 1.9023339779 0.0295586138 2.9519668855 0.6373490642 -0.1497177857 -0.1371600442 0.7388913518 
301 3 2.1830464594 2.6199755676 0.4098398428 1.7358764333 -0.2307231103 1.419464849 -0.7386811698 
302 3 1.3031449094 0.847086862 0.5730812393 0.2780185536 0.4549528492 -0.0842553861 -0.3429758719 
303 3 1.4769055289 0.7497806525 1.4117851009 0.0196841879 0.2666972123 -0.0619895135 -0.1605168977 
304 3 1.8186837135 1.1978030925 1.7153626577 0.3944446994 0.2983851102 0.6103560972 -0.2179688866 
305 3 0.9081098375 0.5766220131 0.0364528817 0.2115885822 0.0146543961 -0.0719780669 0.0836694792 
306 3 1.5223274759 0.2288728793 1.6332697854 0.4553382793 -0.5457359486 -0.0481937909 0.4993614166 
307 3 2.2622642457 0.0341894445 2.1788435122 2.9048065604 0.2314489573 -0.1319617068 -2.1041506616 
308 3 2.526515392 6.2386236366 0.0990877412 0.0455686481 0.6981655159 0.1592121126 0.0473095808 
309 3 1.3879997321 0.4590197181 0.5509215659 0.9166019723 -0.4496957177 -0.623719197 0.698368521 
310 3 2.4725875483 4.2587871937 1.2895840466 0.5653179438 -2.3184729946 -1.1906510134 0.5683628063 
311 3 1.4888316977 0.8765541123 0.8749897732 0.4650759387 -0.8511370702 -0.559532541 0.6156757763 
312 3 1.8628896515 2.5783648017 0.5544325602 0.3375604915 0.1184261053 0.4770421098 -0.3480400527 
313 3 1.62100726 0.2802678979 1.2972859091 1.0501107298 -0.5460684108 0.3129021557 -0.205280451 
314 3 2.0514454348 1.3213828972 0.9430311238 1.9440143509 1.0790048611 1.4121064987 1.317232071 
315 3 1.9951905485 3.0381801138 0.3638002361 0.5788049747 -0.067362921 -0.6987426928 0.4046988863 
316 3 2.0260473746 0.1092287739 0.7892880746 3.2063511154 -0.2040903636 -0.5595242571 1.4179854371 
317 3 1.7251175373 1.5399470356 1.1116838453 0.3243996366 1.3037185784 0.6137653948 0.4944200937 
318 3 2.1797104971 0.0259775894 4.3518472291 0.3733130324 -0.157409271 0.0461498596 0.7153150116 
319 3 2.0023384852 2.4740545014 1.2359489965 0.2993559113 0.8116651016 0.6895127339 0.548604532 
320 3 1.8647664714 1.5029811547 1.2666489763 0.7077238619 -0.1561681585 0.2952340556 0.8706765556 
321 3 1.5523452527 0.5153926867 1.6788440076 0.2155390893 -0.1856651733 -0.3190914765 -0.0553049435 
322 3 2.0547942842 0.0158172401 0.7606619732 3.4457003369 -0.109681813 0.0383130848 -0.2833454992 
323 3 2.1332715345 1.79288363 2.1433345938 0.6146292161 -0.796091785 0.9627415944 -0.8455647155 
324 3 1.9187633459 2.6164388408 0.8980247882 0.1671891487 1.4709270533 -0.6567379285 -0.3821206323 
325 3 2.0437669015 1.3562730295 1.5400584526 1.2806516657 1.2405235968 -0.2533957393 -0.938870181 
326 3 1.613361727 0.1236571841 0.5672544952 1.9120243829 -0.1755426931 0.2421459532 0.3325040083 
327 3 2.1193978334 1.3392082466 0.9967152695 2.1559236599 -0.6933564004 -0.4433042187 1.3614750788 
328 3 2.0088223352 0.8481383055 0.9994387751 2.1877900936 0.7819872899 -0.5095250424 0.2540548924 
329 3 1.7785887506 0.578499842 1.0432324637 1.541645638 -0.6396850569 0.350020067 0.2813087891 
330 3 1.237322224 0.1600127966 0.557504473 0.8134490165 -0.0377850948 -0.2308268027 0.5679042898 
331 3 1.3446726031 0.28850173 1.0861580224 0.433484657 0.2648999651 0.3001089986 0.5953208044 
332 3 2.4743640385 1.2679542386 4.0751401326 0.7793830237 -2.1724163232 -0.9875588411 1.631957702 
333 3 2.4176408264 3.3740296939 0.2976784704 2.1732790009 0.4869204305 2.2492121925 -0.0668788903 
334 3 1.2486097693 0.1448379378 0.3928779838 1.0213104344 -0.0816091128 0.3046677959 -0.5349457034 
335 3 2.1721952981 0.811791734 0.8505734997 3.0560671795 0.2828983133 -0.1052451698 1.4758919067 
336 3 1.7216011605 0.9738296962 0.324169151 1.6659117086 0.3806150849 0.6454967102 0.718296642 
337 3 2.2059215607 0.2479408123 3.9787054313 0.6394436882 0.9784540366 -0.2575552374 -0.8074325934 
338 3 1.5255461296 0.0076729985 2.0247405758 0.2948774193 0.1218964085 0.0284000429 0.3217713338 
339 3 1.6740361515 2.5033821478 0.0819665058 0.2170483828 0.3892725825 -0.5662409902 -0.1317199217 
340 3 1.8913089103 1.1818733429 1.1522677805 1.2429082708 1.011478942 -1.167952779 -1.1590218925 
341 3 1.5451187955 0.8400183591 0.3785966653 1.1687770679 0.4363633313 0.0080840219 0.4255641342 
342 3 2.3405816944 3.3493303109 1.9113493183 0.217643039 2.4726312344 -0.3428115693 -0.3783330375 
343 3 2.2444725984 0.2414730075 3.2588435506 1.5373406868 0.4081740149 -0.4662230513 -2.0674744178 
344 3 1.7244588448 0.2639758773 2.1350216572 0.574760773 0.5346063843 0.0878825768 0.9356416046 
345 3 1.723783949 0.7910292591 1.2975303928 0.882871451 0.1308196447 -0.2448526658 -1.0552597158 
346 3 2.0894487748 2.3547394408 0.4352039847 1.5758527572 -1.0115581783 1.6266343023 -0.7159841299 
347 3 1.6830370811 2.4195518953 0.4044266468 0.008635274 -0.7744687826 -0.1444413894 0.0448366424 
348 3 1.7909102574 1.2120042767 0.2765161279 1.7188391456 -0.4811760228 1.3829497131 -0.4393197562 
349 3 1.66961073 0.4797094104 2.1618640216 0.1460265576 0.7901975492 0.2266722413 0.1904109685 
350 3 1.0864110769 0.4081942307 0.0283296761 0.7437651213 -0.0679984895 -0.0155218537 0.1149940363 
351 3 1.3080742751 0.2188907448 0.3123791599 1.1797884045 0.161189471 -0.4787413471 -0.1922119889 
352 3 1.9109074464 0.0394026897 2.4621302111 1.1500343679 -0.1878717557 0.2101631966 -0.788628417 
353 3 1.5939704702 0.9330619398 0.2069840651 1.400695855 -0.4065002097 0.3295919802 0.052325359 
354 3 1.7391321499 0.5948244572 0.9516458627 1.4781103149 -0.3748484183 0.7938677755 -1.0475223904 
355 3 1.6237000338 0.2723559236 0.4624743984 1.9015714777 0.2644640707 0.0913138298 -0.5316595528 
356 3 2.449005078 0.2181943781 3.7199072944 2.0595241996 -0.6035502172 -0.5567370684 2.6846212882 
357 3 1.8533552367 2.3308795241 0.9170226656 0.1870234438 0.4902832558 -0.6211477466 -0.2629243633 
358 3 2.0201635134 0.583179905 3.0487739071 0.4491068089 0.8184870285 -0.2962705651 0.3374061285 
359 3 2.0004864501 3.5946669043 0.101404879 0.3058742538 -0.5910443628 -0.9333633087 0.1370855987 
360 3 1.9443541471 0.5915932032 0.0595998358 3.1293200104 -0.1443361688 -1.3378760302 0.2761171999 
361 3 1.6806506056 1.1437780323 0.0242766799 1.6565317459 -0.0555710555 -1.2299175881 -0.0251340578 
362 3 1.5669477544 0.4087055998 0.3619812851 1.6846383802 0.3148319828 -0.5488383544 -0.7592365589 
363 3 2.2032404875 0.0247217505 3.1816270133 1.6479198821 0.1109048249 -0.2002461403 -1.1621262924 
364 3 1.2626764882 0.5581957236 0.0691945077 0.9669616827 -0.0215201565 0.1100525587 -0.2584530528 
365 3 1.8785671343 0.475772962 2.3141258825 0.7391156335 -0.7639677932 -0.5806304492 0.7501748666 
366 3 1.6495867571 0.0400847202 1.9986035098 0.6824482391 -0.264443371 0.1477217205 -0.7872599907 
367 3 2.490829711 0.7612465893 2.5982084868 2.8447775731 -1.3510814167 1.3981842151 -2.2461195697 
368 3 1.8315386076 0.3721417309 0.7367671059 2.2456248345 0.1104264532 -0.8436824422 -0.7344659929 
369 3 2.0633481189 1.1250888307 0.9710483304 2.1612682985 -0.1130511911 -1.0562182077 1.16563676 
370 3 1.5162782231 0.7822235902 1.2635007709 0.2533752888 -0.3078076278 -0.4344283672 0.2885392698 
371 3 2.5813471632 1.1083354983 1.6795678751 3.8754498034 1.153881435 -1.7663787514 -2.5510928702 
372 3 1.5697442712 0.1103528636 1.0555873044 1.2981569091 0.2342615317 -0.186720853 -1.1368922003 
373 3 1.6278675079 0.0255436466 2.3485139692 0.2758950075 0.2430760929 0.0389219322 0.2828527362 
374 3 1.2942953163 0.4654259795 1.0145666135 0.1952077729 -0.1505046624 0.2578872314 0.1413988415 
375 3 1.6989631605 0.2369241634 1.5393594855 1.1101921718 0.3986987318 -0.4775659056 -0.4456720163 
376 3 1.8518618171 1.9062421008 0.9213347289 0.6018153601 1.3072441604 1.0077556582 0.6496512752 
377 3 1.6514049329 0.2676819219 0.1619988265 2.2974575041 -0.1411351497 0.7769985776 -0.4703730741 
378 3 1.6586443768 1.3515879897 0.535135579 0.8643776 -0.0399476403 0.7618493366 0.4593972495 
379 3 2.3799611175 4.1719778029 0.9395720797 0.5526650382 1.978215097 0.5188189008 0.2183466821 
380 3 2.1741716227 0.3770378805 2.832164047 1.5178203174 1.0291580721 -0.4633926323 -1.117229498 
381 3 2.0971355043 2.413978747 0.8189929113 1.1650056649 0.8858166949 0.9332446203 -0.2878072557 
382 3 1.5987951528 0.2889978066 1.0363512642 1.2307968697 -0.5449587186 0.5715327061 -1.0481065261 
383 3 2.3149760734 0.1760696107 0.1175226698 5.0655219401 -0.140840789 0.1201041668 0.0595867791 
384 3 1.8973864716 0.1588184984 0.1483343019 3.2929226223 -0.1038976101 -0.7220063532 0.5015200912 
385 3 2.1742997539 0.429903526 1.781985266 2.5156906278 0.4352238186 0.513651461 -1.0772596309 
386 3 1.2896634541 0.0913203347 0.4727022211 1.0992092691 -0.1772142684 0.0813961295 -0.521600736 
387 3 2.0483109779 0.0183354629 2.7238051627 1.4534372368 0.186658602 -0.1631576577 -1.6248707898 
388 3 2.3310718675 3.5625907532 1.5393004022 0.3320048959 2.281504319 -1.0824768495 -0.6776554579 
389 3 1.957194373 0.1845672433 0.0668440405 3.5791985301 0.0613612566 0.8126196643 0.2781282365 
390 3 1.5349117957 0.0587052717 1.1022599857 1.1949889631 0.2209358701 -0.2463374528 -0.7180883018 
391 3 1.3603529588 0.9773998402 0.3631876619 0.5099726704 -0.1460564755 -0.5391003043 -0.1888498327 
392 3 2.3727181246 3.7156974148 1.1138313065 0.8002625775 2.0313474808 -0.3906096249 -0.163437693 
393 3 1.5836936758 1.1013957638 0.2934648577 1.1132250373 0.5221477734 -1.0916538683 -0.4796595085 
394 3 1.7321952314 2.4176144756 0.0225418678 0.5603439764 0.2231883444 -0.4704488877 -0.0132915219 
395 3 1.3876233294 0.3982204389 0.9324294137 0.5948486518 -0.3736182545 -0.269434983 0.7427482768 
396 3 1.2879963895 0.6899959914 0.0047322569 0.9642064511 -0.054413955 -0.2835006092 0.0030198411 
397 3 2.5816106856 4.8909185835 0.4895248183 1.2842703301 1.2527220347 -2.4924155721 -0.589563823 
398 3 2.0769599751 1.8687768259 2.1815652293 0.2634206831 0.9259588736 0.5073433786 -0.213939656 
399 3 1.7393358532 0.354000807 0.8736398664 1.7976485367 0.5544201761 0.5357933831 0.91166819 
400 3 1.2369809406 0.0113964355 1.0230207295 0.4957046823 0.1036298094 -0.0747948002 -0.6998575676 
401 3 1.1148709722 0.2693122535 0.5228161705 0.4508088607 0.2955060265 0.3483777984 0.3767460469 
402 3 1.7372291873 2.0394750123 0.2984648785 0.6800253584 0.5252188803 -0.7881815259 0.0445533696 
403 3 2.2214570861 0.579593815 0.0757949847 4.2794827858 -0.1916101352 1.4060948898 -0.5688182041 
404 3 2.1772928687 0.9985980752 1.2246485626 2.5173575984 1.0755808874 0.9695577485 0.7214203967 
405 3 2.1624399997 2.0288019313 2.0274056162 0.6199392048 -1.9503878966 -1.0112650702 0.8392933238 
406 3 1.920554356 0.8908243785 2.0307044849 0.767000171 -0.7501964688 -0.7339011694 0.1414342172 
407 3 1.5060807729 0.6396472891 0.5986926646 1.0299393408 -0.0566551222 0.8081688919 -0.1440665655 
408 3 2.2006983176 3.0088166675 1.2945911936 0.5396652242 -1.3505234605 0.7590351751 -0.8302782703 
409 3 1.8496460103 2.6618988578 0.7236110749 0.0356804308 -1.1604528841 0.2940285623 -0.1545868085 
410 3 2.7455898054 0.9547599139 3.608793537 2.9747099285 1.8531328014 -1.6629494133 -3.2582987907 
411 3 2.1316035546 1.9303825074 0.0977302363 2.5156209702 -0.1200409006 -1.6801662833 0.4128171041 
412 3 2.0090747219 2.0341492272 1.0683773031 0.9338547078 1.4691688718 -0.4702470244 -0.4170716958 
413 3 2.57476761 0.4912042753 3.4252084036 2.7130155666 1.1564105315 -1.1028462241 -3.0043952293 
414 3 1.7807306384 2.4053519228 0.4941171381 0.2715325456 1.0856598726 0.3071619253 0.1695099545 
415 3 1.7254617731 0.0197927053 0.3443265989 2.6130990261 0.0390237794 -0.1978336831 0.0222281136 
416 3 1.9341544918 1.6049455175 0.4847797882 1.6512282925 0.0399034906 0.9494430315 -0.7024225227 
417 3 1.9527509456 1.2742714378 1.7765578179 0.7624069998 -0.8237821587 -0.9731359844 0.4743889646 
418 3 1.7339815014 0.9582392466 0.9725048726 1.0759477279 0.9631624675 0.9009151228 0.8738281809 
419 3 1.7397371954 0.8229607095 1.3239979421 0.8797268573 -0.3828570135 0.6305568945 -0.9674744255 
420 3 2.1875475975 0.2948345506 1.1370539605 3.3534759802 0.263679705 -6.7371495243e-04 1.7378667027 
421 3 2.1292777942 2.679871875 0.6694607603 1.1844912898 -0.062628674 -1.7804738907 0.0739565519 
422 3 1.8110520194 0.9872169448 0.27314223 2.019550242 0.4324202145 -0.9034064814 -0.0796701867 
423 3 2.2520195643 0.8700845203 0.2012463353 4.0002612625 -0.4161241256 1.5137936176 -0.779210267 
424 3 2.1215128394 0.9660644698 1.8373487562 1.6974035017 0.6970151078 0.7998630926 1.7524122224 
425 3 1.7407234744 1.5900897218 0.8296302896 0.6103982029 -1.1210982122 0.6921460262 -0.5980733031 
426 3 1.8595277781 0.6897465314 1.4334034376 1.3346935884 0.6292170917 -0.9502250486 -0.7184470832 
427 3 1.7833556055 0.7227626375 0.181034261 2.2765603171 -0.1289746205 -0.2306626561 -0.5488455948 
428 3 2.3602827391 3.0455903969 2.3583792531 0.1669649584 2.6776880245 -0.6438240989 -0.5547316344 
429 3 2.1280857844 1.2382631955 0.993621514 2.2968643962 1.064132592 -1.6115496236 -1.2592804283 
430 3 2.1188908893 1.2442220942 1.3174790838 1.9279974229 -0.8974441598 -1.4287876791 1.4693344748 
431 3 2.0937607579 0.7421595585 0.6113491956 3.0303253573 -0.0452034022 -0.3640764379 -1.2952264289 
432 2 1.1013654311 0.8235550037 0.2154577535 0.1739930556 -0.4212378319 -0.3785404226 0.1936185758 
433 2 1.443514634 1.7202294379 0.2953543557 0.0681507051 0.7127953824 0.3423957492 0.1418753241 
434 2 1.4637455686 0.6017794334 0.0096269211 1.5311447351 -0.0761136198 0.9599017716 -0.1214092647 
435 2 1.2648951294 0.2590842193 0.9051888054 0.4356866636 0.4842727898 -0.3359755037 -0.6279957727 
436 2 1.163516304 0.4779397454 0.0798802372 0.7959502073 0.1953917609 -0.6167789226 -0.2521521194 
437 2 1.567370501 1.8939532371 0.0287426555 0.5339543948 -0.2333179065 1.0056264985 -0.1238840879 
438 2 1.7002734107 0.1639411256 1.4584500646 1.2685384809 -0.4889784711 0.456032484 -1.3601838219 
439 2 1.6483015493 0.7191469467 0.8410456477 1.156705403 -0.7777116494 -0.9120532653 0.9863275546 
440 2 1.4703331897 1.8258087285 0.2462452839 0.0898256765 -0.6705197899 -0.4049746958 0.1487250793 
441 2 1.3039791131 0.3336556403 0.0927612628 1.2739446242 -0.1759270262 -0.6519653436 0.343762581 
442 2 1.4982505416 1.9713373008 0.2734150445 2.3399625206e-06 -0.7341616143 -0.0021477559 7.9986308629e-04 
443 2 1.6016452726 2.2246516095 0.2690097506 0.071606219 -0.7735974241 0.3991226509 -0.1387903856 
444 2 0.7562546504 0.4340967718 0.0348646751 0.1029596493 0.1230229365 -0.2114106227 -0.0599137273 
445 2 1.6048532487 0.8522593021 1.2082841666 0.5150104812 -1.0147765373 0.6625122439 -0.7888466328 
446 2 1.4590452788 0.4587601264 1.66491442 0.0051385792 -0.8739544323 0.0485528087 -0.0924948354 
447 2 1.3174794864 0.137674741 0.5031822282 1.094895228 0.2632023612 -0.3882517443 -0.742247816 
448 2 1.0469373858 0.5472764898 8.431749884e-04 0.5479582251 -0.0214813838 -0.5476172513 0.0214947591 
449 2 1.2853433881 0.5102710357 0.0368293675 1.1050072222 -0.1370874156 -0.7509015779 0.2017342735 
450 2 1.7211288224 1.4361934674 0.6635125511 0.8625784048 -0.9761825605 1.113027165 -0.7565260061 
451 2 0.7757645501 0.0953784865 0.3290791123 0.1773530385 0.177163957 0.1300602337 0.2415847273 
452 2 1.2152418389 0.3435636711 0.068099926 1.0651491299 0.1529596698 0.604935158 0.2693261535 
453 2 1.4560055917 1.5141190596 0.178706674 0.4271265494 -0.5201761059 -0.8041893119 0.2762795052 
454 2 1.6388084082 0.009792217 2.3390355263 0.3368652555 -0.1513418096 0.0574339418 -0.8876597322 
455 2 1.6319407315 1.7386900811 0.0104926103 0.9140478596 0.1350681213 -1.2606529845 -0.0979323642 
456 2 0.9051971057 0.2872768458 0.0045859898 0.5275189646 0.0362966759 -0.3892865066 -0.0491853289 
457 2 1.0473417201 1.0379510522 4.6795183971e-04 0.0585056747 0.0220388544 0.2464265137 0.0052323836 
458 2 1.1757244859 3.8938939929e-04 1.2983605961 0.0835780813 0.0224848361 0.0057047716 0.3294153721 
459 2 1.2317857173 0.8871504868 0.3301034935 0.3000420731 -0.5411575325 -0.5159287462 0.3147140552 
460 2 1.3510500174 0.408653721 1.1925914629 0.2240909657 0.6981095465 0.3026146179 0.5169612874 
461 2 1.3459491 0.1858479389 0.8481435147 0.7775875263 0.3970210625 -0.3801487065 -0.8120996352 
462 2 1.4975548038 1.1382842903 0.9446544657 0.1597316342 -1.0369596608 -0.4264035763 0.3884471671 
463 2 1.0564647358 0.0226431637 0.1022082442 0.9912663301 -0.0481073592 0.1498179088 -0.3183011013 
464 2 1.197954494 1.2736112299 0.1464505051 0.0150332347 0.4318807798 0.1383708659 0.046921475 
465 2 1.7027188826 2.6745044927 0.1202304515 0.1045166491 -0.567059858 -0.5287062017 0.1120985455 
466 2 0.8167613679 0.2689513869 0.3833829422 0.014764803 0.3211095981 0.063015984 0.0752367836 
467 2 1.5025265283 0.4021456535 1.3498820695 0.5055582453 -0.7367830122 0.4508969405 -0.826101695 
468 2 1.6949341354 2.5189576406 0.1753050811 0.1785390014 -0.6645194305 0.6706207437 -0.1769146521 
469 2 1.4200294352 0.2673247059 7.6045340393e-05 1.7490828456 0.0045087469 -0.6837931392 -0.0115329788 
470 2 1.6089536465 0.3480124094 2.0131892918 0.2275301354 -0.8370273926 0.2813952925 -0.6768022106 
471 2 1.7277409668 0.0347532918 0.7727846811 2.1775508754 0.1638804795 -0.2750946402 -1.2972193179 
472 2 1.7231524266 0.2966548424 2.2691953149 0.4034041279 0.8204680241 -0.3459361039 -0.9567668248 
473 2 1.5144732498 0.2365809092 0.350550959 1.7064973561 0.287982056 -0.6353933396 -0.7734431361 
474 2 1.3350768775 0.0283100162 0.8445691613 0.9095510913 0.1546278328 -0.160466215 -0.8764581007 
475 2 1.3099441764 6.1245600591e-06 1.7125473941 0.0034002266 -0.0032386107 1.443083238e-04 -0.076308907 
476 2 1.7145845948 0.1156558814 1.3224201596 1.5017242918 -0.3910826883 -0.4167532202 1.4092233597 
477 2 1.5102487789 0.0777044548 0.6262707409 1.5768761784 0.2205992441 0.3500432884 0.9937562139 
478 2 1.6581730036 0.5390314364 2.1846606798 0.0258455935 1.0851731587 -0.1180321457 -0.2376212363 
479 2 1.2466249747 1.4415970078 0.0903592445 0.0221175752 0.360917742 0.1785626788 0.0447048922 
480 2 0.7615830959 0.006461475 0.0220154338 0.5515319031 0.0119269517 0.0596968142 0.1101917153 
481 2 0.620991083 0.0023273685 0.1910626048 0.192239952 -0.021087273 0.0211521441 -0.1916503743 
482 2 1.716190983 1.2620376771 0.3497428533 1.3335309597 0.6643708739 1.2972919157 0.6829296617 
483 2 0.7004879718 0.3930429418 0.0947151905 0.0029252664 0.1929433521 0.0339080417 0.0166453345 
484 2 1.2088262413 1.2018614182 0.0703217557 0.1890777077 0.2907180852 0.476702425 0.1153094809 
485 2 1.5058114096 0.2720079051 0.6623943909 1.3330657053 -0.4244720375 0.6021664304 -0.9396889091 
486 2 0.5884214804 0.1990915794 0.0397124328 0.1074358264 -0.0889180013 0.1462517295 -0.0653187418 
487 2 1.5210597752 1.1842614276 0.0061506941 1.1232107179 -0.0853465277 1.1533321847 -0.0831175406 
488 2 1.4189479623 0.0059949265 0.7942137595 1.2132046337 -0.0690018339 0.0852823109 -0.9816026758 
489 2 1.6993041224 0.0647495766 2.5272464776 0.2956384462 0.4045221125 0.1383562945 0.8643790961 
490 2 1.6722715621 1.1440260244 1.5904184464 0.0620477067 -1.348881052 -0.2664285857 0.3141366221 
491 2 1.4414767463 0.3961296729 0.8565642167 0.8251613205 0.5825036506 0.5717262317 0.8407161591 
492 2 0.8679730564 0.0658601518 0.3085612126 0.3789558623 -0.1425548607 -0.1579812983 0.3419518685 
493 2 1.3449128811 0.0070247308 0.7463993278 1.0553665992 0.0724103195 -0.0861026497 -0.8875386866 
494 2 1.0129191553 1.5313760377e-04 0.7819569621 0.2438951155 -0.0109428979 0.0061114248 -0.4367098391 
495 2 1.6867076933 2.5832839051 0.2597559946 0.001942943 -0.8191602285 -0.0708461243 0.0224653308 
496 2 1.1891085598 0.9759930832 0.3757490209 0.062237063 0.6055810808 0.2464608347 0.152923234 
497 2 1.6426207148 1.6936958088 0.2704847875 0.7340222162 0.67684485 1.114993431 0.4455803443 
498 2 1.4876540506 0.0033611898 1.580024948 0.6297284366 0.072874987 0.0460069212 0.9974901705 
499 2 1.1947889101 0.4037511084 0.8895499938 0.1342194376 -0.599296918 0.2327901345 -0.345535671 
500 2 1.7007429275 2.6344854797 0.0973554785 0.1606855472 -0.5064401193 0.6506333383 -0.1250744512 
501 2 0.9953512471 0.001630583 0.5193497632 0.4697437588 0.0291005652 0.0276759135 0.493924397 
502 2 1.2959863172 0.1899237839 1.4795829147 0.0100738357 -0.5301018636 -0.0437408391 0.1220863434 
503 2 1.6333790344 1.8288098878 0.2074790479 0.6316381342 -0.6159867972 -1.0747772166 0.3620106058 
504 2 1.3713948308 0.0372095599 1.8299088663 0.0136053558 0.2609408049 -0.0224999845 -0.1577864416 
505 2 1.4678309686 0.1490193131 1.9839036929 0.0216047463 -0.5437278415 -0.0567408535 0.2070307608 
506 2 0.965077324 0.4481343138 0.0514423337 0.4317975937 -0.1518323909 -0.4398901208 0.1490391758 
507 2 1.3507032509 0.9235007715 0.308729696 0.5921688043 -0.5339589052 -0.7395054751 0.4275746659 
508 2 1.0751026201 0.1002384818 3.7453523782e-04 1.0552326268 0.0061272215 -0.3252305589 -0.0198801862 
509 2 1.003035613 0.0680461806 0.026395527 0.9116387334 0.0423805946 0.2490653205 0.1551231279 
510 2 1.1450432294 1.0415101623 0.1130655504 0.1565482844 -0.3431601955 0.4037903282 -0.1330421661 
511 2 1.7446865648 1.2460737626 0.3055658957 1.492291551 -0.6170556259 1.3636368093 -0.6752728371 
512 2 1.4160931574 0.3144619623 0.424377367 1.266480501 -0.3653088277 -0.6310783973 0.7331204951 
513 2 1.407056628 0.2950621131 1.6814939607 0.0032522807 0.7043757245 0.0309778115 0.0739505935 
514 2 1.5405283493 2.3701784342 0.0016587872 0.0013903735 -0.0627026447 0.057405864 -0.0015186618 
515 2 0.6485810762 0.0599658705 0.1963730861 0.1643184558 0.1085158194 -0.0992647936 -0.1796321861 
516 2 0.9177929376 0.3112709786 0.1301250094 0.4009478883 0.2012564011 0.3532753056 0.2284148588 
517 2 0.6342586904 0.0021927976 0.1307855419 0.2693057468 -0.0169347635 0.0243008844 -0.1876733813 
518 2 1.5728993727 0.8924017874 0.9730726988 0.6085379503 -0.9318646982 0.7369262884 -0.7695139152 
519 2 1.7206092824 0.9255337053 1.8568355904 0.1781270069 1.3109400917 -0.4060326941 -0.5751109162 
520 2 1.4758976526 0.4169229194 1.4567011308 0.3046498308 -0.7793151404 -0.3563923356 0.6661709638 
521 2 1.5660607856 0.1549843932 1.7193758622 0.5781861288 -0.5162135456 -0.2993490042 0.9970553013 
522 2 1.6836467317 1.5858610935 0.1974066706 1.0513985531 -0.5595172549 1.2912676172 -0.4555799467 
523 2 1.2369117859 0.5749647535 0.5477125821 0.4072734304 0.5611732618 0.4839089455 0.4723015797 
524 2 1.529806711 1.712717129 0.2521580337 0.3754334103 -0.6571722632 -0.8018798118 0.3076825483 
525 2 1.0024621875 0.0299594813 0.4078164965 0.5671544596 0.1105349297 -0.1303520365 -0.4809313305 
526 2 1.6742573494 0.0967452414 0.7829882585 1.9234041721 -0.275227884 0.4313701439 -1.2271930912 
527 2 1.5476798743 1.6187515494 0.7340998391 0.0424616048 1.0901033217 0.2621732032 0.1765532702 
528 2 1.5521546008 0.389580234 0.2245105615 1.7950931091 -0.2957446147 0.8362611994 -0.6348364844 
529 2 1.6904361414 0.1251972575 0.0085123261 2.7238647645 -0.0326453654 0.5839695183 -0.152270894 
530 2 0.7910807592 5.9028623218e-04 0.0084845446 0.6167339368 -0.0022379253 0.0190800826 -0.0723374493 
531 2 0.7658344217 0.1790648536 0.1258206096 0.2816168982 -0.1501001301 -0.2245611022 0.1882371106 
532 2 1.5689863227 2.153597452e-04 2.3138519674 0.1476507537 0.022322871 -0.0056389741 -0.5845014859 
533 2 0.9950182373 0.2843157426 0.6195781381 0.0861674118 -0.419709207 0.1565207707 -0.2310572322 
534 2 1.4766426396 0.0090028676 1.64574273 0.5257278874 -0.1217226512 0.0687972277 -0.930168183 
535 2 0.8690305948 0.0418234516 0.3498534049 0.3635373182 -0.1209631223 0.1233060641 -0.3566297359 
536 2 1.7243405071 0.1387244149 0.3578901206 2.4767356489 -0.2228185306 -0.5861601349 0.9414877695 
537 2 1.3647697295 1.4462101191 0.0467621817 0.3696241137 0.2600537259 0.7311320903 0.1314702626 
538 2 1.6900954661 2.3775928528 0.3090296891 0.1698001426 -0.8571737164 0.6353861861 -0.229070481 
539 2 1.3697473856 1.6962572307 0.1628823572 0.0170683125 -0.5256333096 0.1701536027 -0.0527269094 
540 2 1.6938802566 0.0156306033 0.346949211 2.5066505094 0.0736411943 0.1979405462 0.9325665748 
541 2 1.7430143902 0.460384974 1.3247538529 1.2529603376 -0.7809588774 0.7595025428 -1.2883571069 
542 2 1.0985479975 0.1095741599 1.0546995156 0.0425340272 0.3399526634 0.0682688091 0.2118032529 
543 2 0.8478918169 0.0585947488 0.195842645 0.4644831392 0.1071230629 0.1649735521 0.3016050506 
544 2 0.9325504378 0.0393258702 0.1627888422 0.6675356066 0.0800113297 0.1620228953 0.3296473093 
545 2 0.9213301057 0.2814736924 0.5524997942 0.0148756771 0.3943528333 0.0647078957 0.0906576448 
546 2 1.3169393614 0.0848611413 1.1154013693 0.5340667711 -0.307659281 0.2128885054 -0.7718152679 
547 2 1.2116191569 0.1109469279 6.9339415154e-04 1.3563806592 -0.0087709721 -0.3879255949 0.0306676771 
548 2 1.7270936803 1.1743223685 0.9476303262 0.8608998857 -1.0549044929 -1.0054720249 0.9032246894 
549 2 1.5630598438 0.8884772532 1.3915983306 0.1630804916 -1.1119368068 0.3806485351 -0.4763848653 
550 2 1.436577888 0.1689690295 0.0091416639 1.885645335 -0.0393021384 0.5644605055 -0.1312933203 
551 2 1.3424110795 0.0344517124 1.1035741178 0.6640416762 0.1949872255 -0.1512526788 -0.8560486009 
552 2 1.681567112 2.3627693643 0.0535543522 0.4113442358 0.3557198092 0.9858557493 0.1484226198 
553 2 1.3667642655 1.0149110358 0.5218978575 0.3312356643 0.7277911068 0.5798057702 0.4157778054 
554 2 0.7943516701 0.0403880521 0.0241714811 0.5664350426 -0.0312448242 0.1512521339 -0.1170109993 
555 2 0.9781982829 0.0363099724 0.6925324698 0.2280294385 0.1585743828 -0.0909930911 -0.3973887143 
556 2 1.0289742154 0.2058948092 0.8465607086 0.0063324181 -0.4174954557 -0.0361083373 0.0732173229 
557 2 1.6843214344 1.9562116254 0.0941668457 0.7865602232 -0.4291972486 1.2404347031 -0.2721541753 
558 2 1.6064307424 0.1441747644 0.1821963099 2.2542486559 -0.1620743967 0.5700927722 -0.6408711155 
559 2 1.6906379817 1.8068996397 0.5290203295 0.5223368161 -0.9776945549 0.9714989474 -0.5256679508 
560 2 1.237348148 0.3228221058 0.1290380007 1.0791703327 0.2040987975 -0.5902372738 -0.3731674988 
561 2 0.6655588414 0.3157159581 0.0467019825 0.0805506308 -0.1214271846 -0.1594713754 0.061334119 
562 2 1.5830500934 2.4825405702 0.0106955524 0.0128114758 -0.1629482826 -0.1783395873 0.0117058024 
563 2 1.6679236606 0.6531993823 0.5091653005 1.6196046548 0.576703095 -1.0285546948 -0.908100485 
564 2 1.6177236286 0.3039296408 2.2880941934 0.0250059044 -0.8339182492 -0.0871781826 0.2391983791 
565 2 1.2677815663 1.5450401853 0.0359438171 0.0262860977 -0.2356578914 -0.2015268647 0.0307379681 
566 2 1.0504383369 0.1584683439 0.2746501403 0.6703022155 0.2086225129 0.3259166795 0.4290671247 
567 2 1.03551366 0.6984411731 0.3023544105 0.0714929564 -0.4595397362 0.223458328 -0.1470245241 
568 2 1.7438289932 0.8658409556 1.2677308729 0.9073677292 -1.0476895105 -0.8863611801 1.0725195025 
569 2 1.7019843722 1.7230968757 0.7599944068 0.4136595206 1.1443530871 0.8442602842 0.5606950348 
570 2 0.8639064072 0.2757227412 0.0061491983 0.4644623408 0.0411761317 -0.3578586729 -0.0534422217 
571 2 0.9088486178 0.2608458923 0.5515963555 0.0135635622 0.3793173388 0.0594810852 0.0864963092 
572 2 1.1967228207 0.1047557288 0.2645720456 1.0628177352 0.1664795407 0.3336708655 0.5302752703 
573 2 1.4318451388 1.5548228385 0.2935927354 0.2017649276 0.6756365075 0.5600970608 0.2433859425 
574 2 1.3569346597 1.0427232056 0.7985396854 8.7797607193e-06 0.9124997866 0.0030257 0.0026478269 
575 2 1.3834604509 1.1364738981 0.6869334862 0.090555435 -0.8835620956 0.3208019455 -0.2494104262 
576 2 1.377767949 0.6070836535 0.472422867 0.8187380008 0.5355373004 -0.7050123806 -0.6219248779 
577 2 0.8825452389 0.5004479356 0.0885364061 0.189901757 -0.2104943269 -0.3082790007 0.1296657977 
578 2 0.9076478074 0.0626421782 0.3299999428 0.4311824212 -0.1437773113 0.1643478204 -0.3772136985 
579 2 1.7297664661 0.8937491526 2.0853436204 0.0129992541 1.3652011184 -0.1077871624 -0.1646448046 
580 2 1.3374399666 0.4303962409 0.0718984619 1.2864509614 -0.1759114201 0.7440992258 -0.3041280083 
581 2 1.6470876027 0.0179195507 2.6931588975 0.0018191229 0.2196820369 0.0057094539 0.0699941919 
582 2 0.6607323123 0.1768842522 0.1737600222 0.0859229142 0.1753151778 0.1232818333 0.1221882461 
583 2 1.0185274413 0.0150547575 0.7058470126 0.3164963786 0.1030842162 0.0690273586 0.4726500009 
584 2 1.2849808656 0.1392735682 0.2784667312 1.2334355256 -0.1969341394 -0.4144695004 0.586063784 
585 2 1.3466709854 1.7222006622 0.0239268655 0.0673952153 -0.2029947378 0.340687664 -0.0401566464 
586 2 1.4074624486 1.5286074539 0.2076702404 0.24467285 0.5634237103 0.6115625416 0.2254135523 
587 2 1.6447884405 0.9746989882 0.5110956697 1.2195343561 0.7058076453 -1.0902655194 -0.7894927032 
588 2 0.570319289 0.0104505977 1.4292827109e-04 0.3146705654 0.0012221644 -0.057345405 -0.0067063641 
589 2 1.1756607093 0.0297446171 1.0402978251 0.3121356612 -0.1759069653 -0.0963553616 0.5698368621 
590 2 0.7009956218 0.0194851754 0.0348471373 0.4370625491 0.026057678 -0.0922834786 -0.1234114204 
591 2 1.6657064475 2.5758582234 4.2625939386e-05 0.1986771199 -0.010478472 -0.7153768888 0.0029101201 
592 2 1.4968314229 0.1722099292 1.1738382423 0.894456137 -0.4496071626 -0.3924719456 1.0246691269 
593 2 1.359437243 1.220260709 0.0015267172 0.6262821914 0.0431624029 0.8742010929 0.030921769 
594 2 1.5100757107 1.9388754349 0.1769468282 0.1645063891 0.5857284852 0.5647631332 0.1706132579 
595 2 0.902378454 0.0092064268 0.032875801 0.7722046465 -0.017397375 0.0843163422 -0.1593325024 
596 2 1.4067261261 1.7222357053 0.0354745407 0.2211681479 -0.247175081 -0.6171739473 0.0885767377 
597 2 1.5449579043 1.0244723364 1.1238738479 0.2385487419 1.0730226777 -0.4943547178 -0.517782476 
598 2 0.6538967669 0.1404242022 0.0211641983 0.2659925813 -0.0545157377 -0.1932661275 0.0750301255 
599 2 1.6188188759 0.0217433218 2.2845093685 0.3143218627 -0.2228740056 0.0826704386 -0.8473908425 
600 2 0.9263335571 0.0443583431 0.4916423326 0.3220931832 0.1476768068 -0.1195304143 -0.3979379901 
601 2 1.4974481789 0.3789046416 1.1757127838 0.6877336232 0.6674451521 0.5104757213 0.8992092152 
602 2 0.7894030017 0.1406732839 0.4148871675 0.0675966477 0.241585472 -0.097514319 -0.1674663599 
603 2 1.5250984744 1.2076248773 0.0165274454 1.1017730338 -0.1412761631 -1.1534853813 0.134942557 
604 2 1.7234139467 1.57125743 0.56606546 0.8328327416 0.9430983829 1.1439382121 0.6866133183 
605 2 0.7870644405 0.3947245787 0.0119957702 0.2127500845 -0.0688115205 -0.2897890396 0.0505183247 
606 2 1.4985486609 0.8828338057 1.3623671779 4.4710539805e-04 1.0966967678 -0.0198675555 -0.0246803914 
607 2 1.4183660396 0.366527739 0.74870809 0.8965263933 -0.5238533033 -0.5732379889 0.8192902804 
608 2 0.6145408933 0.0262714109 0.3428535278 0.0085355708 -0.0949065114 -0.0149746949 0.054096678 
609 2 0.962219933 0.5568295108 0.1935576714 0.1754800173 -0.328296548 -0.3125899106 0.1842973237 
610 2 1.6506303381 0.0622599051 0.2086143876 2.4537062204 0.1139662756 0.3908548534 0.7154567915 
611 2 1.384128003 1.9025582626 0.0108192055 0.0024328605 -0.1434718399 0.0680342475 -0.0051304598 
612 2 1.1422626121 0.2160282911 0.2983383872 0.7903971968 0.2538691236 0.4132168386 0.4855984194 
613 2 1.0993656408 0.0495910954 0.1434929884 1.0155207284 0.0843562356 -0.2244120883 -0.3817330272 
614 2 1.4457527607 0.5059773902 0.1220454054 1.4621782494 -0.248499931 -0.8601332075 0.4224359564 
615 2 1.4918655677 2.1415224823 0.0261392605 0.0580011293 0.2365963104 -0.3524354159 -0.0389372139 
616 2 1.0282243396 0.9034439265 0.0690724128 0.0847289532 -0.2498060284 -0.276672836 0.0765011976 
617 2 1.1122917051 0.1921939593 0.1444062478 0.9005926302 -0.1665953436 -0.4160390166 0.3606261257 
618 2 1.3695506356 0.0626813295 1.4832648221 0.3297227919 0.3049147602 0.1437618272 0.699332695 
619 2 1.4992639542 1.9599829102e-06 1.8884488649 0.3593415794 0.0019238834 8.3922783233e-04 0.8237707192 
620 2 0.5551474084 0.1770238599 1.3356661134e-04 0.1310312185 0.0048625587 -0.1523011887 -0.004183467 
621 2 0.8622740012 0.4589981865 0.0245425301 0.2599757366 0.106136595 0.3454394182 0.0798777962 
622 2 1.4395804414 0.8499572607 1.2039931075 0.0184414792 1.0116040152 -0.1251977202 -0.1490081 
623 2 1.6636649096 0.2958111445 1.1137380956 1.3582316914 0.5739827007 -0.6338612397 -1.2299245413 
624 2 0.6716780573 0.0115615981 0.2248830611 0.2147067536 -0.0509902693 -0.0498232193 0.2197360052 
625 2 1.1827822395 0.9921367384 0.3957162214 0.0111208662 0.6265816796 -0.1050400873 -0.066337826 
626 2 1.6008045754 1.4845617458 0.4654234534 0.6125900893 -0.8312339349 0.9536392465 -0.5339604806 
627 2 1.6222144588 0.3894695256 0.0402413756 2.2018688492 0.1251910119 0.9260457959 0.2976679886 
628 2 1.3572819674 0.0645122193 1.3910888876 0.3866132321 0.2995700775 0.1579280773 0.7333576011 
629 2 1.2817583474 0.2692808784 1.4257077519e-04 1.373481012 0.0061960942 -0.6081547281 -0.0139935075 
630 2 1.3300731671 0.0011313868 0.0140593749 1.7539038682 0.0039883067 0.044545972 0.1570311819 
631 2 1.3785058064 0.6809502549 0.178987379 1.0403406243 -0.3491153124 -0.8416770243 0.4315180663 
632 2 1.7352348974 2.9088721859 0.0850023296 0.0171656338 -0.4972533684 0.2234561134 -0.0381984144 
633 2 1.5835959614 1.40577947 0.0639290514 1.0380676477 0.2997835019 1.2080124948 0.2576095495 
634 2 1.3661959594 0.4963796553 1.2609258483 0.109185896 -0.791137117 -0.2328039034 0.3710462485 
635 2 1.6774722911 2.0817008652 0.0014197577 0.7307926645 -0.0543646101 -1.2334065518 0.0322109999 
636 2 1.4479595443 1.2882731465 0.4497823026 0.3585313928 -0.7612111811 0.6796222227 -0.4015732504 
637 2 1.3707859557 1.1235847153 0.7136467496 0.0418226715 -0.8954566321 -0.2167748012 0.1727617248 
638 2 1.5034824844 1.6369171081 0.1774799744 0.4460624984 -0.5389990783 -0.8544982943 0.281366595 
639 2 1.3869170233 0.5063017022 1.3612743003 0.0559628271 -0.8301900357 -0.1683272843 0.27600862 
640 2 1.3582682816 0.3493414048 1.4346738184 0.0608775017 -0.7079484213 0.1458322048 -0.2955323295 
641 2 1.2573473304 1.1190574745 4.7884474043e-05 0.4618169503 -0.0073202103 0.7188878285 -0.0047025378 
642 2 0.7889972206 0.0072543809 0.4417950707 0.1734671626 -0.0566122752 -0.0354738899 0.2768337721 
643 2 1.5538982046 0.6803060762 1.6729620143 0.0613315398 1.0668299882 -0.2042650708 -0.3203206773 
644 2 1.3436854331 0.5117654076 0.0185431536 1.275181982 0.0974153198 0.8078329201 0.1537722189 
645 2 0.6952038919 1.05264865e-04 0.1402818868 0.3429212996 -0.0038427534 0.0060081249 -0.2193299955 
646 2 1.5084184852 1.3523474329 0.003783256 0.9191956376 -0.0715281525 -1.1149313256 0.0589707763 
647 2 1.5934046036 0.0809386915 1.513077178 0.9449223611 0.349952121 0.2765515856 1.1957175501 
648 2 1.3271464885 0.9210609065 0.6134639023 0.2267929932 -0.7516898416 -0.4570450305 0.3730004218 
649 2 1.2632327526 0.256956143 0.5964513485 0.7423494958 -0.3914867022 -0.4367508021 0.6654136742 
650 2 1.2027170353 0.0963801386 0.5760391137 0.7741090148 0.2356241278 0.2731459941 0.667770223 
651 2 0.9585158047 0.9109567189 0.0059891314 0.0018066975 -0.0738636548 -0.0405687468 0.0032894602 
652 2 1.5411170617 0.4393010932 0.5599451531 1.3757955516 -0.495968263 -0.7774242663 0.8777072694 
653 2 1.5995745959 0.7663294504 0.1291846656 1.6631247718 0.3146394981 1.1289382146 0.463519382 
654 2 1.4891542079 1.5035573393 0.7126191215 0.0014037942 -1.0351153126 0.0459421922 -0.0316286353 
655 2 1.5691327547 0.0308933484 1.6452644015 0.7860198518 0.225450053 -0.1558293462 -1.1371941264 
656 2 0.8072680435 0.3446965224 0.1604134748 0.146571697 -0.2351466923 -0.2247726723 0.1533364771 
657 2 1.1899040988 0.6418128053 0.729222499 0.0448364599 -0.6841230429 0.1696367122 -0.1808196763 
658 2 0.9930263888 0.4760902085 0.440507955 0.0695032454 -0.4579536266 0.1819060598 -0.174976377 
659 2 1.2723392589 0.7869332638 0.6131920407 0.2187218852 -0.6946518653 0.4148729046 -0.3662219534 
660 2 1.0840583285 3.6521807579e-04 0.0344156112 1.1404016303 -0.0035453072 -0.0204082162 0.1981101186 
661 2 0.6354171561 0.0023280816 0.1419915815 0.2594352992 0.0181815289 -0.024576138 -0.1919313117 
662 2 1.7325130777 2.8319259564 0.0587610785 0.1109145293 -0.40793017 -0.5604477982 0.0807307709 
663 2 1.11877161 1.2438030175 0.0048814164 0.0029654814 -0.077919962 -0.0607328143 0.003804701 
664 2 1.6841412457 0.5436041393 1.9001097127 0.3926178835 1.016320572 0.4619834484 0.8637227876 
665 2 1.6088480831 0.0295738073 1.629885018 0.9289333292 0.2195493234 -0.1657470822 -1.2304692259 
666 2 0.7343317657 0.0192280375 0.3236098987 0.1964052059 0.0788820846 0.0614531257 0.2521084465 
667 2 1.6052667606 0.6393473955 0.6630605145 1.2744734626 0.651096009 0.902680059 0.9192676595 
668 2 0.7834566099 0.4634228516 0.0043758159 0.1460055921 -0.0450316897 0.2601198336 -0.0252763445 
669 2 0.6061931133 0.0100711079 2.0370967468e-04 0.357195273 -0.0014323345 -0.0599779305 0.0085301895 
670 2 1.4271300456 0.0465821122 1.7060239799 0.284094075 -0.2819045945 -0.1150378288 0.6961833842 
671 2 1.3686404636 0.1657659052 2.5062036002e-04 1.707160193 -0.0064454876 0.5319670617 -0.0206845136 
672 2 0.8596170124 0.113491808 0.0250306428 0.6004189573 0.0532989015 -0.2610414392 -0.1225923018 
673 2 0.8829214541 6.8858093096e-04 0.2703821277 0.5084795854 0.0136447784 0.0187117435 0.3707880691 
674 2 1.6332681477 0.2475892293 4.7632349833e-04 2.4194992895 0.0108596762 -0.7739780128 -0.0339479656 
675 2 1.5651040396 0.1971556951 1.0831377899 1.1692571698 -0.4621112246 0.4801309302 -1.1253739941 
676 2 0.8636705714 0.1080568994 0.0345774066 0.6032925499 -0.0611255049 0.2553231724 -0.144430924 
677 2 1.6599207876 0.1947367774 1.1093291902 1.4512710536 0.4647872541 0.5316162602 1.2688330633 
678 2 1.5490540049 0.5444848263 0.2183554173 1.6367280665 -0.344806049 -0.9440199135 0.5978197386 
679 2 1.3864652734 0.7341742039 0.012920081 1.1751916693 -0.0973939948 -0.9288678099 0.1232216361 
680 2 1.5988124996 0.0425741602 1.8609287688 0.65269848 -0.2814737634 0.1666975994 -1.1021004395 
681 2 0.9615094426 0.724678 0.0566489536 0.1431734546 -0.2026135494 -0.3221096906 0.0900590161 
682 2 1.2649719084 1.2155768096 0.2992214448 0.0853556745 0.6030975454 0.3221123694 0.1598131667 
683 2 1.6118288415 2.081095482 0.1360846162 0.3808121162 -0.5321701607 -0.890228271 0.2276459327 
684 2 1.6202124197 1.0258925037 0.2366616282 1.362534153 -0.4927366338 -1.1822916618 0.5678552203 
685 2 1.3041246403 0.9765188778 0.2870943934 0.4371278063 -0.5294838003 0.6533479585 -0.3542554761 
686 2 1.6164564159 0.0046844851 2.4059401039 0.2023067554 0.1061630375 0.0307847849 0.6976660635 
687 2 1.3253350516 0.7351019511 0.3688373782 0.6525736696 0.520704404 0.6926096865 0.490605301 
688 2 1.4784833599 1.3484812712 0.0015745406 0.8358572337 -0.0460786118 1.0616674738 -0.0362779702 
689 2 1.5358573122 0.4250361623 1.8111592226e-05 1.9338034095 0.0027745417 0.9066070703 0.0059181297 
690 2 1.0718952436 0.9213748673 0.1917184671 0.0358660788 0.4202910625 0.1817858729 0.0829227933 
691 2 1.4911143433 0.7771402005 1.1488896425 0.2973921418 -0.9449065177 -0.480744619 0.5845260914 
692 2 1.6532516905 0.151903207 0.4059987709 2.1753391741 -0.2483395163 0.574839975 -0.9397792458 
693 2 1.2412205368 0.0380966978 0.1030684641 1.3994632592 -0.0626623342 -0.2309002574 0.3797901113 
694 2 1.3338108768 0.0928717423 1.4810112579 0.2051684549 -0.3708693786 0.1380375017 -0.5512320667 
695 2 1.2797124068 0.0563515414 0.6137149049 0.9675973978 0.18596715 0.2335071837 0.770602975 
696 2 1.0231386537 1.581511242e-05 0.1825897524 0.8642071373 0.0016993168 -0.0036969627 -0.39723465 
697 2 0.6659845396 0.1325135907 0.1742517224 0.1367700939 0.1519563142 -0.1346250209 -0.1543775386 
698 2 1.3185692457 1.1759754527 0.3147411852 0.2479082178 -0.6083813835 0.5399388657 -0.2793330025 
699 2 1.3697150505 0.1201180467 1.1327072136 0.6232940592 0.3688611907 -0.2736217552 -0.84024382 
700 2 1.5957136646 0.0420099163 0.4026126731 2.1016795101 0.1300527766 -0.2971386551 -0.919871081 
701 2 1.4393815599 0.5242256812 0.8751284037 0.6724651902 0.6773217725 -0.5937369134 -0.7671332273 
702 2 1.1827124513 0.6499185046 0.0055017715 0.7433884664 0.0597971831 -0.6950841103 -0.0639527441 
703 2 1.0224197117 0.0520654828 0.6691190573 0.3241575269 -0.1866494221 0.1299131176 -0.4657252181 
704 2 1.5041057541 0.9408061638 0.0386440451 1.2828839107 0.1906739515 -1.0986105273 -0.2226562904 
705 2 1.4932041323 1.2555450244 1.921190742e-04 0.9739214374 -0.0155310704 1.1058038772 -0.013678775 
706 2 1.4346367121 0.0691969592 0.0016389166 1.9873466198 -0.0106493212 -0.3708346572 0.057070967 
707 2 1.3764354662 0.7714036852 0.0457504434 1.0774204639 0.1878618125 0.9116611851 0.222019062 
708 2 1.097301633 1.1304814346 0.0260369809 0.0475524584 0.1715643421 -0.2318559281 -0.0351869642 
709 2 1.7390112908 1.1027356071 0.0510323963 1.8703922662 -0.2372240302 -1.4361574256 0.3089508041 
710 2 1.1885631964 0.6431000585 0.2773410866 0.4922413267 -0.4223246015 0.5626370286 -0.3694844306 
711 2 1.4894037373 1.3349960774 0.1052234545 0.7781039607 -0.3747971439 -1.019198575 0.2861377059 
712 2 1.3231878037 0.2887373346 0.1789676095 1.2831210199 0.2273205458 0.6086747434 0.4792046552 
713 2 1.3706766064 0.1336596045 0.0892886125 1.6558061424 0.1092441332 -0.4704406383 -0.3845056996 
714 2 1.7168201783 0.0677693305 0.2364677401 2.643234454 -0.1265909176 -0.4232377927 0.7905945091 
715 2 1.4402608992 0.2249490944 1.503959637 0.3454427264 0.5816479677 0.2787598043 0.7207856252 
716 2 1.3125377826 0.6315854585 0.9565673324 0.1346026398 -0.7772734507 -0.2915700087 0.3588265432 
717 2 1.5288715379 0.2294699819 1.1267793669 0.9811988308 0.5084899614 -0.4745057196 -1.0514725852 
718 2 1.5775006164 0.326275311 0.3400871756 1.8221457081 0.3331096651 0.7710519811 0.7872028883 
719 2 1.0130904716 0.0015154659 0.8865590857 0.1382777521 0.0366544688 0.0144760223 0.3501305435 
720 2 0.5741857246 0.2391427658 0.0900991331 4.4734741459e-04 0.1467874514 -0.0103431087 -0.0063486703 
721 2 1.4542853818 0.7317615166 0.2116518037 1.1715326513 -0.3935462424 0.9258955177 -0.4979528077 
722 2 1.1410549387 0.1812214618 0.9571905002 0.1635944112 -0.4164894496 -0.1721825146 0.3957158277 
723 2 1.3484784058 1.3248405694 0.1675591576 0.3259942838 0.4711572666 0.6571837282 0.23371634 
724 2 1.5635686089 0.402934663 0.7730169236 1.268795208 0.5580997345 -0.715011587 -0.9903535573 
725 2 1.7354639121 1.7929203258 0.0176721071 1.2012425573 -0.1780019101 1.4675599467 -0.1456999901 
726 2 1.3512701693 0.1112985341 1.3942333698 0.3203991666 -0.3939240158 -0.188838443 0.6683645784 
727 2 1.250124974 1.0710272827 0.0026222124 0.4891629554 -0.0529949151 -0.7238141135 0.0358146502 
728 2 1.6542294441 0.6226147376 0.942920091 1.1709402251 -0.7662088129 -0.8538411099 1.0507630863 
729 2 1.0128864675 0.531026163 0.4938189815 0.0010938515 0.5120847576 0.024101115 0.0232414417 
730 2 0.934602045 0.0304227935 0.8386321715 0.0044260174 0.1597295633 0.0116039568 0.0609245483 
731 2 0.8203718012 0.1049471892 0.3574529465 0.2106097565 0.1936844909 0.1486704475 0.2743776194 
732 2 1.2938734846 0.1096133083 0.3429780648 1.2215172211 -0.1938941989 -0.3659160338 0.647266261 
733 2 1.2326642954 0.8301299832 0.2410392654 0.4482920166 0.4473185904 0.610033314 0.3287186918 
734 2 1.667921691 1.6406925983 1.0322827117 0.1089874573 -1.3014063948 -0.4228651256 0.3354189439 
735 2 1.2399236718 1.3503696428 0.1567857166 0.0302553527 0.4601289733 0.2021284488 0.0688738496 
736 2 1.3611199868 1.0251442767 1.1683328557e-04 0.8273865086 0.0109439926 -0.9209726075 -0.0098319014 
737 2 1.201853876 0.0041771026 1.3398377769 0.1004378597 -0.0748106937 0.0204826572 -0.3668384367 
738 2 0.9315472716 0.028485833 0.2348413844 0.6044531018 -0.0817902956 0.1312187109 -0.3767633252 
739 2 1.0606551066 0.0149804288 0.9280070443 0.182001782 -0.1179065028 0.0522155602 -0.410973157 
740 2 0.5672196048 0.0073900081 0.2872318661 0.0271162058 -0.0460721806 0.0141558815 -0.0882532628 
741 2 1.2640418166 1.07779666e-04 1.1891234259 0.4085705085 0.0113209242 0.006635932 0.697022785 
742 2 0.76232213 0.4368620792 0.0966752495 0.0475977012 0.2055085168 -0.1441999678 -0.0678345018 
743 2 1.5163956908 0.0263199702 0.4482316976 1.8249042233 0.1086160435 0.219160728 0.9044224223 
744 2 1.6813317685 0.0670181854 1.6840053026 1.0758530279 0.3359449056 0.2685176301 1.3460097339 
745 2 0.701586527 0.1336358968 0.0070988615 0.3514888966 0.0308003689 0.2167291718 0.0499516866 
746 2 1.4597922876 1.646186867 0.0661725696 0.4186340862 -0.33004911 0.8301505495 -0.1664394581 
747 2 1.7261175833 0.6076834516 0.0018931063 2.3699053535 0.0339176849 1.2000634422 0.0669812113 
748 2 1.3917004583 0.6060052085 0.6654949401 0.665330017 0.6350538559 0.6349751615 0.6654124734 
749 2 1.5261320937 2.2330340512 0.032915065 0.0631300513 -0.2711096841 -0.3754617879 0.0455843146 
750 2 1.3198520425 1.079015788 0.6257494733 0.0372441528 0.8217016253 0.2004670269 0.1526614194 
751 2 1.3084870522 0.3261543891 0.190620991 1.1953629856 0.2493428821 -0.6243980176 -0.4773481716 
752 2 1.3530513232 0.0012769314 1.4349936777 0.3944772743 0.0428064067 0.0224437165 0.752377827 
753 2 1.4141890298 0.037312834 1.7807819544 0.1818358237 0.257771258 -0.0823699575 -0.5690430155 
754 2 1.7029062834 0.1621077262 2.7016137183 0.0361683658 -0.6617797646 0.0765713493 -0.3125907119 
755 2 1.3465946222 1.0955080234 0.4567653725 0.2610436805 -0.7073825913 0.5347667215 -0.3453052475 
756 2 0.9674043238 0.0751210435 0.556559609 0.3041904731 -0.20447332 -0.1511658221 0.4114609712 
757 2 1.3073215997 0.0227995219 0.5325123249 1.1537779184 -0.1101863259 0.1621899655 -0.7838373311 
758 2 1.476051928 1.1995039098 0.0156712874 0.9635540968 -0.1371049618 -1.0750753027 0.1228825993 
759 2 1.6869131156 0.0576145395 1.1602980649 1.6277632552 -0.2585537443 0.3062398249 -1.3742963854 
760 2 1.4161585137 1.4109944158 0.1321645774 0.4623459427 0.4318373312 -0.8076927283 -0.247195785 
761 2 0.9025019522 0.3652586276 0.3969061524 0.0523449937 0.3807537216 0.1382731375 0.1441389956 
762 2 1.1072271259 0.7981945763 0.4180357658 0.0097215663 0.5776451168 -0.0880891677 -0.0637492149 
763 2 1.5092027052 0.6258882902 1.6517466999 5.7815422224e-05 1.016763944 -0.0060154797 -0.0097722276 
764 2 1.614463122 1.7946676458 0.3988323075 0.4129912189 0.8460327644 -0.8609192636 -0.4058500226 
765 2 1.6313555338 0.8014150804 0.025437551 1.8344682462 -0.1427796799 -1.2125058833 0.2160193963 
766 2 1.1952709904 0.6542943296 0.7578177234 0.0165606877 0.7041561185 -0.1040940154 -0.112026705 
767 2 1.6073719547 1.2661035513 0.6599702966 0.6575707528 0.9141065235 0.9124432395 0.6587694322 
768 2 1.4811011769 0.4193737685 1.7717624348 0.0025244928 0.8619922791 0.0325377638 0.0668790069 
769 2 1.6068434919 0.4825819246 1.1154436721 0.9839204108 -0.7336845058 0.6890734398 -1.0476200628 
770 2 1.2579483263 0.6710051126 0.8743345737 0.0370943054 -0.7659523282 -0.1577671339 0.1800911815 
771 2 1.2461786948 0.0268302061 1.3527056741 0.1734254592 0.190508194 0.0682132011 0.4843486375 
772 2 1.1638820834 0.0411567735 1.1734513231 0.1400134075 0.2197623043 -0.075911133 -0.4053380297 
773 2 1.3502178218 1.4832874709 0.0034583071 0.3363423883 -0.0716216701 -0.7063231913 0.0341053556 
774 2 1.3341979264 0.0228203076 1.6243499777 0.1329138214 -0.1925309487 -0.0550738985 0.4646488597 
775 2 1.166282247 0.8963439991 0.2936232239 0.1702470567 -0.5130179478 -0.3906404071 0.2235810583 
776 2 1.6129510902 0.6232247928 1.5462133748 0.4321730517 -0.9816509106 -0.5189806939 0.8174544347 
777 2 0.9743697988 0.2824170911 0.0370753891 0.6299040247 0.1023265534 -0.4217767921 -0.152819949 
778 2 1.6107714009 2.4870903698 0.0239006146 0.0835935215 -0.243809328 0.4559656153 -0.0446982834 
779 2 1.3743256992 0.7551600983 0.466664352 0.6669466771 -0.5936381878 -0.7096840975 0.557889092 
780 2 0.7600782145 0.1538152242 0.2392715007 0.1846321672 -0.1918426426 0.1685207352 -0.2101837666 
781 2 1.2262003198 0.0076278378 1.4597713835 0.036168003 -0.1055220328 0.016609746 -0.2297760123 
782 2 1.2783036517 0.8457141679 0.3992121327 0.3891339253 -0.5810502187 0.5736689584 -0.3941408178 
783 2 1.4424130581 1.7774984681 0.0575257564 0.2455312056 0.3197685785 0.6606295042 0.1188459857 
784 2 1.7310932745 0.0556707398 1.7692689169 1.1717442684 0.3138415355 -0.2554053058 -1.4398370437 
785 2 1.3338931486 0.7764139909 0.0537480788 0.9491088623 0.2042810817 -0.8584296124 -0.2258600848 
786 2 1.4252044889 0.6623400599 0.0248872097 1.3439805657 0.1283892361 -0.9434893578 -0.1828877418 
787 2 1.504707452 2.0852537607 0.0686396714 0.1102510841 0.3783267543 -0.4794804351 -0.0869919432 
788 2 1.2517433063 0.6908722416 0.5176055536 0.3583835097 -0.5979960778 0.4975914174 -0.4306986126 
789 2 1.6342564268 0.5277891359 2.0090589262 0.1339460063 -1.0297375756 0.265885778 -0.5187537177 
790 2 0.6265583689 0.0937094047 2.2227203681e-04 0.2986437129 0.0045638778 -0.1672893438 -0.0081474012 
791 2 0.8962246027 2.8293021614e-05 0.0385387564 0.764651489 -0.0010442116 0.0046512688 -0.1716645493 
792 2 1.2749370552 0.2006714896 0.0035593106 1.4212336946 -0.0267254963 -0.5340422105 0.0711239209 
793 2 1.4344773839 1.0692805795 0.8715420896 0.1169026958 -0.9653616061 -0.3535559112 0.319195269 
794 2 1.7244934565 0.4237103917 2.1508216786 0.3993456114 -0.9546336973 0.4113476455 -0.9267800161 
795 2 1.5386013176 0.8949847543 0.0923515894 1.3799576708 0.2874948078 -1.1113240198 -0.3569891933 
796 2 1.0545177821 0.2433726529 0.3524858376 0.5161492623 -0.2928914703 0.3544243435 -0.4265387497 
797 2 1.2679432081 1.3848128175 0.0220512485 0.2008159131 0.1747479657 0.5273447168 0.0665450343 
798 2 1.2023841833 1.2260357704 0.0512579936 0.1684339601 0.2506873226 -0.4544293785 -0.0929170967 
799 2 1.0302063889 0.4464890311 0.5994508111 0.0153853616 -0.5173472836 -0.0828818146 0.0960352409 
800 2 1.5341542534 1.0696854352 1.0905287946 0.1934150436 1.0800568356 -0.4548552023 -0.4592653638 
801 2 1.507472114 0.4783159531 1.76888965 0.0252665713 -0.9198304946 0.1099336352 -0.2114090266 
802 2 1.7424754108 0.022048133 2.6505028422 0.3636695822 0.2417408513 -0.0895445996 -0.9817877883 
803 2 1.6034201787 0.8777050311 0.242504888 1.4507463504 0.4613542676 -1.1284180832 -0.5931383323 
804 2 0.9971304653 0.1573254195 0.279037713 0.5579060324 -0.2095226127 0.2962647475 -0.3945590239 
805 2 0.7239810137 0.2055470366 0.0893284592 0.2292730124 0.1355035058 0.217086131 0.1431104641 
806 2 1.6304785243 0.2601819507 1.9577351822 0.4405430851 -0.7136997679 -0.3385577635 0.9286908511 
807 2 1.3005817267 0.9912093609 0.5502577932 0.1500456736 0.7385260155 0.3856509773 0.2873391746 
808 2 1.0296112179 0.0160266614 1.0439842138 8.8384844275e-05 0.1293506144 -0.0011901739 -0.0096058515 
809 2 1.1509347392 0.4076289395 0.7029712406 0.2140505939 0.5353049797 0.2953865545 0.3879064469 
810 2 1.7204632921 2.5593634429 0.4001792276 4.5126910209e-04 -1.0120296862 -0.0339847266 0.0134383228 
811 2 1.3813687821 1.6949048866 0.0385833273 0.1746914983 -0.255724598 0.544137367 -0.0820985948 
812 2 1.1841534775 0.0309433201 0.0021036911 1.369172447 0.0080681589 0.2058318279 0.0536685746 
813 2 0.9367576947 0.4540649059 0.0942133828 0.32923669 0.2068308265 -0.3866456086 -0.1761207038 
814 2 1.3246441727 1.1560675186 0.0244100394 0.5742046262 -0.1679870639 0.8147510769 -0.1183906986 
815 2 0.9123548103 0.0023166839 0.2726984305 0.5573761855 -0.0251347581 -0.0359341682 0.3898661449 
816 2 1.4727312639 0.0204707255 0.3059139285 1.8425527217 0.0791345692 -0.1942122316 -0.7507746276 
817 2 1.6469937062 0.7543274418 0.6783025179 1.2799583087 0.7153056711 0.9826025018 0.9317719376 
818 2 1.5587087452 0.6497486046 0.0331285713 1.7466957765 0.1467148355 1.065323023 0.2405525629 
819 2 1.554504029 0.0799244475 0.0037968771 2.3327614516 0.0174201982 -0.4317923924 -0.094112744 
820 2 1.3345166677 0.0107755905 1.2997399467 0.4704191991 0.1183446893 -0.0711972238 -0.7819351794 
821 2 1.6682040874 0.1516557608 2.61761087 0.0136382466 -0.6300601304 -0.0454787716 0.1889434374 
822 2 0.9262269566 0.5135462294 0.0051877811 0.3391623646 0.051615554 -0.4173434479 -0.0419463955 
823 2 1.6385739914 0.0155284708 0.989973532 1.6794227226 -0.1239869957 -0.1614895251 1.2894122864 
824 2 0.9519226033 0.654394617 0.0220280293 0.2297339964 -0.1200625829 -0.3877327567 0.0711378044 
825 2 0.6161929539 3.8959643371e-04 0.3631636584 0.0161405016 -0.011894842 0.0025076447 -0.0765613715 
826 2 0.9430140275 1.7448674134e-04 0.3138451162 0.5752558531 0.0074001224 -0.0100187085 -0.4249014475 
827 2 1.577916859 1.4259246855 0.2853234863 0.7785734423 0.6378477894 1.0536541609 0.4713229136 
828 2 1.6141677599 0.115897307 0.4429006231 2.0467396271 0.2265634337 0.4870437464 0.9521041205 
829 2 1.0342854467 0.7546662486 0.3130135481 0.0020665886 0.4860254726 -0.0394915774 -0.0254336438 
830 2 1.17845433 1.005755098 0.2419597139 0.1410397961 0.4933074252 0.376631775 0.1847320998 
831 2 1.3501428344 1.2788968502 0.0743176143 0.4696712089 -0.3082929821 0.7750232446 -0.1868283804 
832 2 1.405468506 0.0039693259 0.3454735555 1.62589884 0.0370310293 -0.0803350631 -0.7494698481 
833 2 1.6321084359 1.0276969515 0.4034481762 1.232632819 -0.6439118424 -1.1255101023 0.7051974636 
834 2 0.8984172655 0.0307239472 0.3011683465 0.4752612892 0.0961929331 -0.1208383332 -0.3783300895 
835 2 0.9114040682 0.3350979969 0.1756253646 0.3199340141 -0.2425937095 0.3274282322 -0.2370411945 
836 2 1.7342015061 0.4955871254 0.5845333765 1.9273343617 0.5382259895 0.9773239463 1.0614100348 
837 2 0.9840695943 0.23449074 0.0429998626 0.6909023639 0.100414489 0.402504915 0.1723621384 
838 2 1.1894635498 0.1268745191 0.940536078 0.3474129393 -0.3454418368 -0.2099472543 0.5716243551 
839 2 1.5148996346 0.0553616323 0.5490851468 1.6904741238 -0.1743509391 0.305920589 -0.9634387538 
840 2 1.7448969302 1.3443951963 0.3142149374 1.3860551634 0.6499454226 -1.3650662634 -0.6599388126 
841 2 1.6824397402 0.862971712 0.0510911538 1.9165406135 0.2099767141 -1.2860483406 -0.3129189532 
842 2 1.4937193256 1.9262223861 0.3049241373 5.0900199312e-05 -0.766388739 0.0099017727 -0.0039396319 
843 2 1.4863154272 1.2304611037 0.2070509667 0.7716214787 0.5047456399 -0.9743973606 -0.3997061084 
844 2 1.6611603309 0.1746006296 2.5609175932 0.0239354222 -0.6686836503 0.0646462667 -0.2475815905 
845 2 1.7305193571 1.1927327162 1.8015182299 4.4629914919e-04 1.4658546079 -0.0230719656 -0.0283551768 
846 2 1.6452866608 0.9351816985 1.6716892729 0.1000972247 1.250333241 -0.3059560306 -0.4090616785 
847 2 1.0874886827 0.0503564495 0.8557285674 0.276546618 -0.2075848078 0.1180080752 -0.4864656629 
848 2 1.4832177587 0.8815869236 0.1747217932 1.1436262029 -0.392469678 -1.0040945702 0.4470083007 
849 2 1.3310534323 0.1556752256 0.9563211064 0.6597069075 -0.3858438855 0.320468441 -0.7942868749 
850 2 1.6694456105 0.6280268049 0.1925260662 1.9664957753 -0.347723353 -1.111310964 0.6153061806 
851 2 0.7666488667 0.1619676059 0.4026126731 0.0231702058 -0.2553629001 0.061260287 -0.0965847737 
852 2 1.7226178749 0.0033145772 0.4970571653 2.4670406005 0.0405898305 -0.0904278525 -1.1073663384 
853 2 1.623926254 1.9012772455 0.6941347997 0.0417244331 -1.1488005484 0.2816553128 -0.1701833746 
854 2 0.5837954899 0.1586415067 0.1035845078 0.0785911595 -0.1281904926 -0.1116593926 0.0902265292 
855 2 1.6174319484 0.1547959781 0.2498502956 2.211439834 -0.1966616914 -0.5850828933 0.7433228747 
856 2 1.5524746543 0.0063734651 2.3244168802 0.0793872069 -0.1217151994 -0.0224938123 0.429568346 
857 2 1.4527154658 0.869401305 1.0583813867 0.1825995327 -0.9592487471 -0.3984372875 0.4396134059 
858 2 0.9745568582 0.5431626574 0.0307637447 0.3758346677 -0.1292660719 0.451817836 -0.1075271212 
859 2 1.0367577271 0.552959237 0.3995565713 0.1223507764 0.4700409523 -0.2601057322 -0.2211019147 
860 2 0.6834042374 0.00447692 0.2936687012 0.1688957305 -0.0362592234 0.0274978667 -0.2227092046 
861 2 1.6000581045 0.3998869861 2.1343606711 0.0259382806 -0.9238522913 -0.1018448863 0.2352905565 
862 2 0.7415256806 0.0067223216 0.4170202188 0.1261177945 -0.0529466148 -0.0291170804 0.2293330989 
863 2 0.9749680726 0.7811100783 0.0019154647 0.1675371997 0.0386805991 0.3617526712 0.0179140053 
864 2 1.4078628207 0.7194850397 0.8521091985 0.4104834837 0.7829941382 -0.5434489172 -0.5914192695 
865 2 1.4707558499 0.0984661613 0.2142818572 1.8503747515 0.1452567104 -0.426848098 -0.62968384 
866 2 1.1412069688 0.1350799572 9.6624847197e-04 1.1663071399 0.0114245701 -0.3969190327 -0.0335699641 
867 2 1.7416383321 0.1987434384 2.3266099924 0.507950649 -0.6799988747 0.317729222 -1.0871076559 
868 2 1.6583026827 1.7447011316 0.8242960031 0.1809706528 1.1992289895 0.5619072012 0.386229706 
869 2 1.5791330628 0.0581560352 1.9164825225 0.5190226722 0.3338488056 -0.1737362967 -0.9973454166 
870 2 1.6129997471 0.2902198932 1.8448266067 0.4667216842 -0.7317140021 -0.3680379292 0.9279119468 
871 2 1.3279548689 1.1446350705 0.5785095955 0.0403194677 0.8137458888 -0.2148280168 -0.1527258949 
872 2 1.731658834 1.820590939 0.6473608266 0.5306905517 -1.0856239014 -0.9829396777 0.5861299124 
873 2 1.7076381838 0.6603918286 1.9782284503 0.2774078879 1.1429811475 0.4280162408 0.7407942874 
874 2 1.1411759836 0.1897517588 0.1608931956 0.9516376711 0.1747276934 -0.4249410805 -0.3912953181 
875 2 1.4147029665 0.6728218526 1.0205711657 0.3079914651 0.828651062 -0.4552179568 -0.5606489174 
876 2 1.2586777097 0.1284740504 0.2006544015 1.2551411251 -0.1605580384 0.4015632755 -0.5018461829 
877 2 0.673985623 0.0140896965 0.4205791088 0.0195878147 -0.0769794259 0.0166128373 -0.0907646718 
878 2 1.4199109906 0.604862451 0.0490689744 1.362215796 -0.172278786 -0.9077186707 0.2585392272 
879 2 1.061291443 0.8647409299 6.513843291e-04 0.2609472128 -0.023733493 -0.4750281418 0.0130375199 
880 2 1.2110237536 0.0554040502 1.2146063119 0.1965681696 0.2594110812 -0.104358386 -0.4886235152 
881 2 1.5646633571 4.9953641428e-04 2.4070496716 0.0406222131 -0.0346757691 -0.0045046947 0.312697433 
882 2 1.0090276679 0.282822685 0.158383316 0.5769308336 0.2116468632 -0.4039419852 -0.3022849956 
883 2 1.5065079988 0.630334016 0.0627429457 1.5764893888 0.1988693364 0.9968524904 0.3145053071 
884 2 1.0369811951 0.4653323718 0.5462680747 0.0637295526 -0.5041787568 0.1722075023 -0.1865835469 
885 2 1.1458898438 0.4016015428 0.902378239 0.0090837523 -0.6019937649 0.0603990806 -0.090537177 
886 2 1.6649728477 0.9456557915 1.246793512 0.5796852802 1.0858349347 0.7403936402 0.8501457795 
887 2 1.5441507051 2.2178149788 0.0585878236 0.1079985978 -0.360467686 0.4894087329 -0.0795449734 
888 2 1.1804819091 0.9409763748 0.0622865595 0.3902746033 -0.2420953964 0.6060026249 -0.1559129959 
889 2 1.5134696538 0.4325436552 0.366982847 1.4910638908 0.3984169952 0.8030879313 0.7397262141 
890 2 1.3754063797 1.7191982951 0.0107897517 0.1617546624 -0.136197367 0.5273408194 -0.0417766998 
891 2 1.630068623 0.3705943972 2.2692154274 0.0173138912 -0.9170379073 -0.0801026283 0.1982144015 
892 2 1.3903029847 0.2505195453 1.5028604625 0.1795623814 -0.6135926334 -0.2120940502 0.5194778181 
893 2 1.0137712698 0.0188362389 1.0085631758 3.3277279457e-04 -0.1378315529 -0.0025036349 0.0183199996 
894 2 1.2332491095 0.0388287398 0.7738732524 0.708201374 -0.1733450984 0.1658269184 -0.7403094628 
895 2 1.3580569126 0.0054260614 0.1021887321 1.7367037842 -0.0235474486 0.0970745145 -0.4212737326 
896 2 0.8316478014 0.2724395248 0.0048222954 0.4143762454 -0.0362461566 -0.3359947431 0.0447017299 
897 2 1.7383392553 2.7499475641 3.4064578358e-07 0.2718754619 9.6786261565e-04 0.8646636712 3.0432421818e-04 
898 2 1.5412235405 0.739377983 0.5877320574 1.0482599613 0.659208725 -0.8803751109 -0.7849178197 
899 2 1.1999654235 0.0365024912 1.1327640534 0.270650473 -0.203343822 -0.099395254 0.5536994915 
900 2 1.058880876 0.0885120039 0.0447234465 0.9879932592 -0.0629171032 -0.2957182159 0.2102057652 
901 2 1.5930918182 0.057146456 0.4283265685 2.0524685166 -0.1564523743 0.3424781772 -0.9376176175 
902 2 1.5903417767 0.391723689 2.1359621822 0.0015010954 -0.9147168882 -0.0242490131 0.0566240502 
903 2 1.3983191283 0.3597392936 1.0646747744 0.5308823166 -0.6188742612 -0.4370117041 0.7518091584 
904 2 1.2350448615 0.118892627 0.1785639861 1.2278791968 0.1457049807 -0.3820808596 -0.4682467339 
905 2 1.2218650837 1.4617043274 0.0180778172 0.0131721381 -0.1625559093 0.1387579594 -0.0154312509 
906 2 1.7457946351 0.0211428378 2.6810204993 0.3456355709 -0.2380848199 0.0854851847 -0.9626297579 
907 2 1.3151889731 0.6858243835 0.6948938037 0.3490038479 -0.6903442 -0.4892395618 0.4924638173 
908 2 1.1715759934 1.2442540222 8.6115909744e-04 0.127475127 -0.0327337849 0.3982605171 -0.0104774217 
909 2 1.3527308684 0.331520863 1.4510091209 0.0473508183 -0.6935703252 0.1252907984 -0.262119189 
910 2 1.1800561429 1.0059894332 0.3239414597 0.0626016076 -0.5708604781 -0.2509513015 0.1424052532 
911 2 1.3741913203 0.1439655388 0.6398339951 1.1046022509 -0.3035029585 0.398778959 -0.8406914245 
912 2 1.3984267962 1.9201228279 0.0072054027 0.0282692738 -0.1176233745 0.2329817114 -0.0142720532 
913 2 0.6464519646 0.0016894081 0.0758164925 0.340394242 -0.0113174641 0.0239805082 -0.160647121 
914 2 1.0655787901 5.7949233815e-04 1.1348250773 5.3588315495e-05 -0.0256441502 1.7622150335e-04 -0.0077982924 
915 2 1.1414553661 0.6331780668 0.1948331632 0.4749091227 -0.3512322389 -0.5483630551 0.3041842314 
916 2 1.6843581362 0.4133602508 0.48532857 1.93837351 0.4479012608 0.8951237681 0.9699216689 
917 2 1.1839075907 0.2254605021 2.3341595806e-05 1.1761533396 -0.0022940375 -0.5149525439 0.0052395893 
918 2 1.0089383848 0.3842307712 0.6054761781 0.028249715 0.4823303628 -0.1041844987 -0.1307842859 
919 2 1.6894366634 1.0358671015 0.101918195 1.7164109432 -0.3249210755 -1.3334067754 0.4182505293 
920 2 1.7109897124 1.473283703 1.1405279185 0.3136741743 1.2962720375 -0.6798022132 -0.5981255329 
921 2 1.7101795142 0.0339641852 0.0286282982 2.8621214875 -0.0311823158 0.3117845797 -0.286247563 
922 2 1.6897167529 0.0255359044 1.9083637486 0.9212430521 -0.22075279 -0.1533778815 1.3259211305 
923 2 0.8785869482 0.5127920071 0.2586557679 4.6725068023e-04 0.3641930949 -0.015479096 -0.0109935019 
924 2 1.1748495469 1.2723801478 0.0533968901 0.05449442 0.2606552184 0.2633203717 0.0539428638 
925 2 1.5862937412 0.6429134645 1.7853507941 0.0880635748 1.0713664473 0.2379438126 0.3965152875 
926 2 1.388591271 0.0272813501 1.7192783242 0.1816260436 0.2165738531 0.070391787 0.5588074086 
927 2 1.2796955829 0.9983946573 0.4428682551 0.1963578724 0.6649490956 0.4427670389 0.2948909431 
928 2 0.6307756344 0.0671441564 0.3281388086 0.0025949359 0.1484338354 -0.0131998024 -0.0291804589 
929 2 1.5007267226 1.4019960543 0.8492909409 8.9370078877e-04 1.0911931763 -0.0353972454 -0.0275501721 
930 2 1.439183195 0.1715820397 1.0311183676 0.8685478614 -0.4206202475 0.38604043 -0.9463485896 
931 2 1.1696720324 1.1094467145 0.1940721969 0.064613752 0.4640180613 -0.2677415075 -0.1119809484 
932 2 1.5115872776 0.4494881396 1.3268698873 0.5085380709 -0.7722773317 -0.4781023231 0.8214401091 
933 2 1.6449252246 2.1485453144 0.4172099238 0.1400237563 -0.9467810871 0.5484955657 -0.2417008496 
934 2 1.5009107652 0.7401244048 0.8312356004 0.6813731198 0.7843581796 0.710141447 0.7525832807 
935 2 1.4522406096 1.7654514673 0.2301359644 0.1134153564 -0.6374118574 -0.4474698955 0.1615578919 
936 2 1.6506244817 0.2884502578 0.3402707312 2.0958401907 0.3132908874 -0.7775253329 -0.84448391 
937 2 1.562676471 1.554166491 0.274324372 0.6134668901 -0.6529515653 -0.9764372402 0.4102303248 
938 2 1.6181133523 1.4181902071 0.237112795 0.9629878188 0.5798888203 -1.1686316332 -0.4778459305 
939 2 1.7468291876 0.8179011785 1.0512538325 1.1822571996 0.9272657378 -0.9833461022 -1.1148329077 
940 2 1.6112392368 0.0158830721 1.5949654765 0.9852433294 -0.1591632863 -0.1250947276 1.2535665504 
941 2 1.48227967 0.2913126685 1.3557098885 0.5501304633 0.6284389113 0.4003248347 0.8636071497 
942 2 1.1984491986 0.6499369566 0.1329206013 0.6534229238 0.2939217771 -0.6516776093 -0.2947089546 
943 2 0.9165030953 0.6330111281 0.2068885389 7.825672219e-05 -0.3618877552 0.0070382793 -0.004023732 
944 2 1.6928967758 0.9707335284 0.6050671776 1.2900987877 0.7663934996 1.119080939 0.8835136854 
945 2 1.4419526667 0.0697992317 1.1491618215 0.8602664398 0.2832147811 0.2450427239 0.9942762941 
946 2 1.5615425311 1.0738795248 0.00115078 1.3633847717 0.0351539348 1.2100045416 0.0396100491 
947 2 0.967026888 0.0119514195 0.2454556025 0.6777339801 0.0541621904 0.0899993505 0.4078646864 
948 2 1.1949878615 0.1315765312 1.2964194426 1.537046046e-08 -0.4130113476 4.4971011448e-05 -1.4116148122e-04 
949 2 1.2921898357 0.0991532517 0.3078411735 1.2627601463 -0.1747096258 0.3538456931 -0.6234818083 
950 2 1.7174375508 1.0141565006 0.7897173615 1.145717879 -0.8949284864 1.077931925 -0.9512062344 
951 2 1.1903635518 0.3023586057 0.6878939834 0.4267127963 -0.4560599365 -0.3591939394 0.5417870109 
952 2 1.3913858097 1.7215073833 0.0261812933 0.188265795 -0.2122999992 -0.5692986528 0.0702071363 
953 2 1.2441576044 0.6957164597 0.7291781157 0.1230335693 0.7122508105 -0.2925687598 -0.2995219294 
954 2 1.3173914962 0.1019108882 5.4027907845e-04 1.633069187 0.0074202642 -0.4079553055 -0.0297037559 
955 2 1.2649816937 1.1500169031 0.1334936946 0.3166680877 -0.3918162902 -0.603468022 0.2056044576 
956 2 1.3944370701 0.0087579764 1.9356313332 6.5432981501e-05 -0.1302006665 -7.5700760135e-04 0.0112540717 
957 2 1.4089219789 1.3503785085 0.467344747 0.167337887 -0.7944131812 -0.4753624788 0.2796506436 
958 2 0.9972853793 0.31640625 0.489230992 0.1889408858 -0.3934409022 0.2445037365 -0.3040324604 
959 2 0.8548569135 0.5299932644 0.1817553124 0.0190317657 0.3103692822 0.1004326023 0.0588143224 
960 2 1.3017187911 0.1825375948 1.5047737528 0.0071604635 -0.5240971108 0.0361531989 -0.1038021077 
961 2 1.5649222615 1.2901399499 1.1583019101 5.3982474816e-04 -1.2224449142 0.0263903292 -0.0250056001 
962 2 0.9864679698 0.1228556731 0.6444343437 0.2058290386 -0.281375932 -0.1590197003 0.3642022809 
963 2 1.3626789254 0.8320165814 0.114964155 0.9099131174 0.3092767098 -0.870093559 -0.3234306612 
964 2 1.3326084111 0.2421828255 1.0316258711 0.5020364807 -0.4998420434 -0.3486898527 0.719662297 
965 2 1.4928470668 0.7635690086 0.3358657991 1.1291575572 -0.5064155559 0.928541715 -0.615829039 
966 2 1.3557197637 0.0468967389 0.6101936204 1.1808857182 -0.1691629124 -0.2353288959 0.8488633174 
967 2 1.5615574847 0.1241379194 0.5388655075 1.7754583511 -0.2586380539 0.4694696004 -0.978127428 
968 2 1.0983483633 0.5146074502 0.4163873599 0.275374317 -0.4628995977 -0.3764434554 0.3386183469 
969 2 1.5348887739 0.0992241348 0.2522289145 2.004430499 -0.1581998604 -0.4459684766 0.711038205 
970 2 0.7381862477 0.1677825277 0.3761852492 9.5115949171e-04 0.2512315903 0.0126328122 0.0189159237 
971 2 0.8091914744 0.4095333035 0.0042690719 0.2409884669 -0.0418130016 0.314154107 -0.0320748668 
972 2 1.2831207334 0.8030961338 0.5744373459 0.2688653368 0.6792116104 -0.464676998 -0.3929965528 
973 2 1.4862394754 1.4928275003 0.0021499143 0.7139303635 0.0566520185 1.0323637344 0.0391776608 
974 2 1.1465170531 0.4424253771 0.0955039963 0.7765719798 0.2055562978 -0.5861528393 -0.272333853 
975 2 1.3280741759 0.0625418495 1.4272448629 0.2739943043 0.2987683607 -0.1309049676 -0.6253454751 
976 2 1.7127152701 0.7331490374 0.3501513042 1.8500932549 0.5066686211 1.1646433312 0.8048680426 
977 2 0.5951326785 0.3091463335 0.0447904301 2.4614146332e-04 0.117672415 -0.0087231721 -0.0033203587 
978 2 1.1993958017 0.2824860215 0.1377507422 1.0183135255 -0.1972629188 0.5363388262 -0.3745309652 
979 2 0.9368599727 0.2564323769 0.5187272794 0.1025469521 0.3647169714 0.1621615203 0.2306380313 
980 2 1.0991109722 0.9443652926 0.0474456254 0.2162340112 -0.2116742826 -0.4518892511 0.1012884884 
981 1 0.0 0.0 0.0 0.0 0.0 0.0 0.0 
982 1 0.0 0.0 0.0 0.0 0.0 0.0 0.0 
983 1 0.0 0.0 0.0 0.0 0.0 0.0 0.0 
984 1 0.0 0.0 0.0 0.0 0.0 0.0 0.0 
985 1 0.0 0.0 0.0 0.0 0.0 0.0 0.0 
986 1 0.0 0.0 0.0 0.0 0.0 0.0 0.0 
987 1 0.0 0.0 0.0 0.0 0.0 0.0 0.0 
988 1 0.0 0.0 0.0 0.0 0.0 0.0 0.0 
989 1 0.0 0.0 0.0 0.0 0.0 0.0 0.0 
990 1 0.0 0.0 0.0 0.0 0.0 0.0 0.0 
991 1 0.0 0.0 0.0 0.0 0.0 0.0 0.0 
992 1 0.0 0.0 0.0 0.0 0.0 0.0 0.0 
993 1 0.0 0.0 0.0 0.0 0.0 0.0 0.0 
994 1 0.0 0.0 0.0 0.0 0.0 0.0 0.0 
995 1 0.0 0.0 0.0 0.0 0.0 0.0 0.0 
996 1 0.0 0.0 0.0 0.0 0.0 0.0 0.0 
997 1 0.0 0.0 0.0 0.0 0.0 0.0 0.0 
998 1 0.0 0.0 0.0 0.0 0.0 0.0 0.0 
999 1 0.0 0.0 0.0 0.0 0.0 0.0 0.0 
1000 1 0.0 0.0 0.0 0.0 0.0 0.0 0.0 
1001 1 0.0 0.0 0.0 0.0 0.0 0.0 0.0 
1002 1 0.0 0.0 0.0 0.0 0.0 0.0 0.0 
1003 1 0.0 0.0 0.0 0.0 0.0 0.0 0.0 
1004 1 0.0 0.0 0.0 0.0 0.0 0.0 0.0 
1005 1 0.0 0.0 0.0 0.0 0.0 0.0 0.0 
1006 1 0.0 0.0 0.0 0.0 0.0 0.0 0.0 
1007 1 0.0 0.0 0.0 0.0 0.0 0.0 0.0 
1008 1 0.0 0.0 0.0 0.0 0.0 0.0 0.0 
1009 1 0.0 0.0 0.0 0.0 0.0 0.0 0.0 
1010 1 0.0 0.0 0.0 0.0 0.0 0.0 0.0 
1011 1 0.0 0.0 0.0 0.0 0.0 0.0 0.0 
1012 1 0.0 0.0 0.0 0.0 0.0 0.0 0.0 
1013 1 0.0 0.0 0.0 0.0 0.0 0.0 0.0 
1014 1 0.0 0.0 0.0 0.0 0.0 0.0 0.0 
1015 1 0.0 0.0 0.0 0.0 0.0 0.0 0.0 
1016 1 0.0 0.0 0.0 0.0 0.0 0.0 0.0 
1017 1 0.0 0.0 0.0 0.0 0.0 0.0 0.0 
1018 1 0.0 0.0 0.0 0.0 0.0 0.0 0.0 
1019 1 0.0 0.0 0.0 0.0 0.0 0.0 0.0 
1020 1 0.0 0.0 0.0 0.0 0.0 0.0 0.0 
1021 1 0.0 0.0 0.0 0.0 0.0 0.0 0.0 
1022 1 0.0 0.0 0.0 0.0 0.0 0.0 0.0 
1023 1 0.0 0.0 0.0 0.0 0.0 0.0 0.0 
1024 1 0.0 0.0 0.0 0.0 0.0 0.0 0.0 
1025 1 0.0 0.0 0.0 0.0 0.0 0.0 0.0 
1026 1 0.0 0.0 0.0 0.0 0.0 0.0 0.0 
1027 1 0.0 0.0 0.0 0.0 0.0 0.0 0.0 
1028 1 0.0 0.0 0.0 0.0 0.0 0.0 0.0 
1029 1 0.0 0.0 0.0 0.0 0.0 0.0 0.0 
1030 1 0.0 0.0 0.0 0.0 0.0 0.0 0.0 
1031 1 0.0 0.0 0.0 0.0 0.0 0.0 0.0 
1032 1 0.0 0.0 0.0 0.0 0.0 0.0 0.0 
1033 1 0.0 0.0 0.0 0.0 0.0 0.0 0.0 
1034 1 0.0 0.0 0.0 0.0 0.0 0.0 0.0 
1035 1 0.0 0.0 0.0 0.0 0.0 0.0 0.0 
1036 1 0.0 0.0 0.0 0.0 0.0 0.0 0.0 
1037 1 0.0 0.0 0.0 0.0 0.0 0.0 0.0 
1038 1 0.0 0.0 0.0 0.0 0.0 0.0 0.0 
1039 1 0.0 0.0 0.0 0.0 0.0 0.0 0.0 
1040 1 0.0 0.0 0.0 0.0 0.0 0.0 0.0 
1041 1 0.0 0.0 0.0 0.0 0.0 0.0 0.0 
1042 1 0.0 0.0 0.0 0.0 0.0 0.0 0.0 
1043 1 0.0 0.0 0.0 0.0 0.0 0.0 0.0 
1044 1 0.0 0.0 0.0 0.0 0.0 0.0 0.0 
1045 1 0.0 0.0 0.0 0.0 0.0 0.0 0.0 
1046 1 0.0 0.0 0.0 0.0 0.0 0.0 0.0 
1047 1 0.0 0.0 0.0 0.0 0.0 0.0 0.0 
1048 1 0.0 0.0 0.0 0.0 0.0 0.0 0.0 
1049 1 0.0 0.0 0.0 0.0 0.0 0.0 0.0 
1050 1 0.0 0.0 0.0 0.0 0.0 0.0 0.0 
1051 1 0.0 0.0 0.0 0.0 0.0 0.0 0.0 
1052 1 0.0 0.0 0.0 0.0 0.0 0.0 0.0 
1053 1 0.0 0.0 0.0 0.0 0.0 0.0 0.0 
1054 1 0.0 0.0 0.0 0.0 0.0 0.0 0.0 
1055 1 0.0 0.0 0.0 0.0 0.0 0.0 0.0 
1056 1 0.0 0.0 0.0 0.0 0.0 0.0 0.0 
1057 1 0.0 0.0 0.0 0.0 0.0 0.0 0.0 
1058 1 0.0 0.0 0.0 0.0 0.0 0.0 0.0 
1059 1 0.0 0.0 0.0 0.0 0.0 0.0 0.0 
1060 1 0.0 0.0 0.0 0.0 0.0 0.0 0.0 
1061 1 0.0 0.0 0.0 0.0 0.0 0.0 0.0 
1062 1 0.0 0.0 0.0 0.0 0.0 0.0 0.0 
1063 1 0.0 0.0 0.0 0.0 0.0 0.0 0.0 
1064 1 0.0 0.0 0.0 0.0 0.0 0.0 0.0 
1065 1 0.0 0.0 0.0 0.0 0.0 0.0 0.0 
1066 1 0.0 0.0 0.0 0.0 0.0 0.0 0.0 
1067 1 0.0 0.0 0.0 0.0 0.0 0.0 0.0 
1068 1 0.0 0.0 0.0 0.0 0.0 0.0 0.0 
1069 1 0.0 0.0 0.0 0.0 0.0 0.0 0.0 
1070 1 0.0 0.0 0.0 0.0 0.0 0.0 0.0 
1071 1 0.0 0.0 0.0 0.0 0.0 0.0 0.0 
1072 1 0.0 0.0 0.0 0.0 0.0 0.0 0.0 
1073 1 0.0 0.0 0.0 0.0 0.0 0.0 0.0 
1074 1 0.0 0.0 0.0 0.0 0.0 0.0 0.0 
1075 1 0.0 0.0 0.0 0.0 0.0 0.0 0.0 
1076 1 0.0 0.0 0.0 0.0 0.0 0.0 0.0 
1077 1 0.0 0.0 0.0 0.0 0.0 0.0 0.0 
1078 1 0.0 0.0 0.0 0.0 0.0 0.0 0.0 
1079 1 0.0 0.0 0.0 0.0 0.0 0.0 0.0 
1080 1 0.0 0.0 0.0 0.0 0.0 0.0 0.0 
1081 1 0.0 0.0 0.0 0.0 0.0 0.0 0.0 
1082 1 0.0 0.0 0.0 0.0 0.0 0.0 0.0 
1083 1 0.0 0.0 0.0 0.0 0.0 0.0 0.0 
1084 1 0.0 0.0 0.0 0.0 0.0 0.0 0.0 
1085 1 0.0 0.0 0.0 0.0 0.0 0.0 0.0 
1086 1 0.0 0.0 0.0 0.0 0.0 0.0 0.0 
1087 1 0.0 0.0 0.0 0.0 0.0 0.0 0.0 
1088 1 0.0 0.0 0.0 0.0 0.0 0.0 0.0 
1089 1 0.0 0.0 0.0 0.0 0.0 0.0 0.0 
1090 1 0.0 0.0 0.0 0.0 0.0 0.0 0.0 
1091 1 0.0 0.0 0.0 0.0 0.0 0.0 0.0 
1092 1 0.0 0.0 0.0 0.0 0.0 0.0 0.0 
1093 1 0.0 0.0 0.0 0.0 0.0 0.0 0.0 
1094 1 0.0 0.0 0.0 0.0 0.0 0.0 0.0 
1095 1 0.0 0.0 0.0 0.0 0.0 0.0 0.0 
1096 1 0.0 0.0 0.0 0.0 0.0 0.0 0.0 
1097 1 0.0 0.0 0.0 0.0 0.0 0.0 0.0 
1098 1 0.0 0.0 0.0 0.0 0.0 0.0 0.0 
1099 1 0.0 0.0 0.0 0.0 0.0 0.0 0.0 
1100 1 0.0 0.0 0.0 0.0 0.0 0.0 0.0 
1101 1 0.0 0.0 0.0 0.0 0.0 0.0 0.0 
1102 1 0.0 0.0 0.0 0.0 0.0 0.0 0.0 
1103 1 0.0 0.0 0.0 0.0 0.0 0.0 0.0 
1104 1 0.0 0.0 0.0 0.0 0.0 0.0 0.0 
1105 1 0.0 0.0 0.0 0.0 0.0 0.0 0.0 
1106 1 0.0 0.0 0.0 0.0 0.0 0.0 0.0 
1107 1 0.0 0.0 0.0 0.0 0.0 0.0 0.0 
1108 1 0.0 0.0 0.0 0.0 0.0 0.0 0.0 
1109 1 0.0 0.0 0.0 0.0 0.0 0.0 0.0 
1110 1 0.0 0.0 0.0 0.0 0.0 0.0 0.0 
1111 1 0.0 0.0 0.0 0.0 0.0 0.0 0.0 
1112 1 0.0 0.0 0.0 0.0 0.0 0.0 0.0 
1113 1 0.0 0.0 0.0 0.0 0.0 0.0 0.0 
1114 1 0.0 0.0 0.0 0.0 0.0 0.0 0.0 
1115 1 0.0 0.0 0.0 0.0 0.0 0.0 0.0 
1116 1 0.0 0.0 0.0 0.0 0.0 0.0 0.0 
1117 1 0.0 0.0 0.0 0.0 0.0 0.0 0.0 
1118 1 0.0 0.0 0.0 0.0 0.0 0.0 0.0 
1119 1 0.0 0.0 0.0 0.0 0.0 0.0 0.0 
1120 1 0.0 0.0 0.0 0.0 0.0 0.0 0.0 
1121 1 0.0 0.0 0.0 0.0 0.0 0.0 0.0 
1122 1 0.0 0.0 0.0 0.0 0.0 0.0 0.0 
1123 1 0.0 0.0 0.0 0.0 0.0 0.0 0.0 
1124 1 0.0 0.0 0.0 0.0 0.0 0.0 0.0 
1125 1 0.0 0.0 0.0 0.0 0.0 0.0 0.0 
1126 1 0.0 0.0 0.0 0.0 0.0 0.0 0.0 
1127 1 0.0 0.0 0.0 0.0 0.0 0.0 0.0 
1128 1 0.0 0.0 0.0 0.0 0.0 0.0 0.0 
1129 1 0.0 0.0 0.0 0.0 0.0 0.0 0.0 
1130 1 0.0 0.0 0.0 0.0 0.0 0.0 0.0 
1131 1 0.0 0.0 0.0 0.0 0.0 0.0 0.0 
1132 1 0.0 0.0 0.0 0.0 0.0 0.0 0.0 
1133 1 0.0 0.0 0.0 0.0 0.0 0.0 0.0 
1134 1 0.0 0.0 0.0 0.0 0.0 0.0 0.0 
1135 1 0.0 0.0 0.0 0.0 0.0 0.0 0.0 
1136 1 0.0 0.0 0.0 0.0 0.0 0.0 0.0 
1137 1 0.0 0.0 0.0 0.0 0.0 0.0 0.0 
1138 1 0.0 0.0 0.0 0.0 0.0 0.0 0.0 
1139 1 0.0 0.0 0.0 0.0 0.0 0.0 0.0 
1140 1 0.0 0.0 0.0 0.0 0.0 0.0 0.0 
1141 1 0.0 0.0 0.0 0.0 0.0 0.0 0.0 
1142 1 0.0 0.0 0.0 0.0 0.0 0.0 0.0 
1143 1 0.0 0.0 0.0 0.0 0.0 0.0 0.0 
1144 1 0.0 0.0 0.0 0.0 0.0 0.0 0.0 
1145 1 0.0 0.0 0.0 0.0 0.0 0.0 0.0 
1146 1 0.0 0.0 0.0 0.0 0.0 0.0 0.0 
1147 1 0.0 0.0 0.0 0.0 0.0 0.0 0.0 
1148 1 0.0 0.0 0.0 0.0 0.0 0.0 0.0 
1149 1 0.0 0.0 0.0 0.0 0.0 0.0 0.0 
1150 1 0.0 0.0 0.0 0.0 0.0 0.0 0.0 
1151 1 0.0 0.0 0.0 0.0 0.0 0.0 0.0 
1152 1 0.0 0.0 0.0 0.0 0.0 0.0 0.0 
1153 1 0.0 0.0 0.0 0.0 0.0 0.0 0.0 
1154 1 0.0 0.0 0.0 0.0 0.0 0.0 0.0 
1155 1 0.0 0.0 0.0 0.0 0.0 0.0 0.0 
1156 1 0.0 0.0 0.0 0.0 0.0 0.0 0.0 
1157 1 0.0 0.0 0.0 0.0 0.0 0.0 0.0 
1158 1 0.0 0.0 0.0 0.0 0.0 0.0 0.0 
1159 1 0.0 0.0 0.0 0.0 0.0 0.0 0.0 
1160 1 0.0 0.0 0.0 0.0 0.0 0.0 0.0 
1161 1 0.0 0.0 0.0 0.0 0.0 0.0 0.0 
1162 1 0.0 0.0 0.0 0.0 0.0 0.0 0.0 
1163 1 0.0 0.0 0.0 0.0 0.0 0.0 0.0 
1164 1 0.0 0.0 0.0 0.0 0.0 0.0 0.0 
1165 1 0.0 0.0 0.0 0.0 0.0 0.0 0.0 
1166 1 0.0 0.0 0.0 0.0 0.0 0.0 0.0 
1167 1 0.0 0.0 0.0 0.0 0.0 0.0 0.0 
1168 1 0.0 0.0 0.0 0.0 0.0 0.0 0.0 
1169 1 0.0 0.0 0.0 0.0 0.0 0.0 0.0 
1170 1 0.0 0.0 0.0 0.0 0.0 0.0 0.0 
1171 1 0.0 0.0 0.0 0.0 0.0 0.0 0.0 
1172 1 0.0 0.0 0.0 0.0 0.0 0.0 0.0 
1173 1 0.0 0.0 0.0 0.0 0.0 0.0 0.0 
1174 1 0.0 0.0 0.0 0.0 0.0 0.0 0.0 
1175 1 0.0 0.0 0.0 0.0 0.0 0.0 0.0 
1176 1 0.0 0.0 0.0 0.0 0.0 0.0 0.0 
1177 1 0.0 0.0 0.0 0.0 0.0 0.0 0.0 
1178 1 0.0 0.0 0.0 0.0 0.0 0.0 0.0 
1179 1 0.0 0.0 0.0 0.0 0.0 0.0 0.0 
1180 1 0.0 0.0 0.0 0.0 0.0 0.0 0.0 
1181 1 0.0 0.0 0.0 0.0 0.0 0.0 0.0 
1182 1 0.0 0.0 0.0 0.0 0.0 0.0 0.0 
1183 1 0.0 0.0 0.0 0.0 0.0 0.0 0.0 
1184 1 0.0 0.0 0.0 0.0 0.0 0.0 0.0 
1185 1 0.0 0.0 0.0 0.0 0.0 0.0 0.0 
1186 1 0.0 0.0 0.0 0.0 0.0 0.0 0.0 
1187 1 0.0 0.0 0.0 0.0 0.0 0.0 0.0 
1188 1 0.0 0.0 0.0 0.0 0.0 0.0 0.0 
1189 1 0.0 0.0 0.0 0.0 0.0 0.0 0.0 
1190 1 0.0 0.0 0.0 0.0 0.0 0.0 0.0 
1191 1 0.0 0.0 0.0 0.0 0.0 0.0 0.0 
1192 1 0.0 0.0 0.0 0.0 0.0 0.0 0.0 
1193 1 0.0 0.0 0.0 0.0 0.0 0.0 0.0 
1194 1 0.0 0.0 0.0 0.0 0.0 0.0 0.0 
1195 1 0.0 0.0 0.0 0.0 0.0 0.0 0.0 
1196 1 0.0 0.0 0.0 0.0 0.0 0.0 0.0 
1197 1 0.0 0.0 0.0 0.0 0.0 0.0 0.0 
1198 1 0.0 0.0 0.0 0.0 0.0 0.0 0.0 
1199 1 0.0 0.0 0.0 0.0 0.0 0.0 0.0 
1200 1 0.0 0.0 0.0 0.0 0.0 0.0 0.0 
1201 1 0.0 0.0 0.0 0.0 0.0 0.0 0.0 
1202 1 0.0 0.0 0.0 0.0 0.0 0.0 0.0 
1203 1 0.0 0.0 0.0 0.0 0.0 0.0 0.0 
1204 1 0.0 0.0 0.0 0.0 0.0 0.0 0.0 
1205 1 0.0 0.0 0.0 0.0 0.0 0.0 0.0 
1206 1 0.0 0.0 0.0 0.0 0.0 0.0 0.0 
1207 1 0.0 0.0 0.0 0.0 0.0 0.0 0.0 
1208 1 0.0 0.0 0.0 0.0 0.0 0.0 0.0 
1209 1 0.0 0.0 0.0 0.0 0.0 0.0 0.0 
1210 1 0.0 0.0 0.0 0.0 0.0 0.0 0.0 
1211 1 0.0 0.0 0.0 0.0 0.0 0.0 0.0 
1212 1 0.0 0.0 0.0 0.0 0.0 0.0 0.0 
1213 1 0.0 0.0 0.0 0.0 0.0 0.0 0.0 
1214 1 0.0 0.0 0.0 0.0 0.0 0.0 0.0 
1215 1 0.0 0.0 0.0 0.0 0.0 0.0 0.0 
1216 1 0.0 0.0 0.0 0.0 0.0 0.0 0.0 
1217 1 0.0 0.0 0.0 0.0 0.0 0.0 0.0 
1218 1 0.0 0.0 0.0 0.0 0.0 0.0 0.0 
1219 1 0.0 0.0 0.0 0.0 0.0 0.0 0.0 
1220 1 0.0 0.0 0.0 0.0 0.0 0.0 0.0 
1221 1 0.0 0.0 0.0 0.0 0.0 0.0 0.0 
1222 1 0.0 0.0 0.0 0.0 0.0 0.0 0.0 
1223 1 0.0 0.0 0.0 0.0 0.0 0.0 0.0 
1224 1 0.0 0.0 0.0 0.0 0.0 0.0 0.0 
1225 1 0.0 0.0 0.0 0.0 0.0 0.0 0.0 
1226 1 0.0 0.0 0.0 0.0 0.0 0.0 0.0 
1227 1 0.0 0.0 0.0 0.0 0.0 0.0 0.0 
1228 1 0.0 0.0 0.0 0.0 0.0 0.0 0.0 
1229 1 0.0 0.0 0.0 0.0 0.0 0.0 0.0 
1230 1 0.0 0.0 0.0 0.0 0.0 0.0 0.0 
1231 1 0.0 0.0 0.0 0.0 0.0 0.0 0.0 
1232 1 0.0 0.0 0.0 0.0 0.0 0.0 0.0 
1233 1 0.0 0.0 0.0 0.0 0.0 0.0 0.0 
1234 1 0.0 0.0 0.0 0.0 0.0 0.0 0.0 
1235 1 0.0 0.0 0.0 0.0 0.0 0.0 0.0 
1236 1 0.0 0.0 0.0 0.0 0.0 0.0 0.0 
1237 1 0.0 0.0 0.0 0.0 0.0 0.0 0.0 
1238 1 0.0 0.0 0.0 0.0 0.0 0.0 0.0 
1239 1 0.0 0.0 0.0 0.0 0.0 0.0 0.0 
1240 1 0.0 0.0 0.0 0.0 0.0 0.0 0.0 
1241 1 0.0 0.0 0.0 0.0 0.0 0.0 0.0 
1242 1 0.0 0.0 0.0 0.0 0.0 0.0 0.0 
1243 1 0.0 0.0 0.0 0.0 0.0 0.0 0.0 
1244 1 0.0 0.0 0.0 0.0 0.0 0.0 0.0 
1245 1 0.0 0.0 0.0 0.0 0.0 0.0 0.0 
1246 1 0.0 0.0 0.0 0.0 0.0 0.0 0.0 
1247 1 0.0 0.0 0.0 0.0 0.0 0.0 0.0 
1248 1 0.0 0.0 0.0 0.0 0.0 0.0 0.0 
1249 1 0.0 0.0 0.0 0.0 0.0 0.0 0.0 
1250 1 0.0 0.0 0.0 0.0 0.0 0.0 0.0 
1251 1 0.0 0.0 0.0 0.0 0.0 0.0 0.0 
1252 1 0.0 0.0 0.0 0.0 0.0 0.0 0.0 
1253 1 0.0 0.0 0.0 0.0 0.0 0.0 0.0 
1254 1 0.0 0.0 0.0 0.0 0.0 0.0 0.0 
1255 1 0.0 0.0 0.0 0.0 0.0 0.0 0.0 
1256 1 0.0 0.0 0.0 0.0 0.0 0.0 0.0 
1257 1 0.0 0.0 0.0 0.0 0.0 0.0 0.0 
1258 1 0.0 0.0 0.0 0.0 0.0 0.0 0.0 
1259 1 0.0 0.0 0.0 0.0 0.0 0.0 0.0 
1260 1 0.0 0.0 0.0 0.0 0.0 0.0 0.0 
1261 1 0.0 0.0 0.0 0.0 0.0 0.0 0.0 
1262 1 0.0 0.0 0.0 0.0 0.0 0.0 0.0 
1263 1 0.0 0.0 0.0 0.0 0.0 0.0 0.0 
1264 1 0.0 0.0 0.0 0.0 0.0 0.0 0.0 
1265 1 0.0 0.0 0.0 0.0 0.0 0.0 0.0 
1266 1 0.0 0.0 0.0 0.0 0.0 0.0 0.0 
1267 1 0.0 0.0 0.0 0.0 0.0 0.0 0.0 
1268 1 0.0 0.0 0.0 0.0 0.0 0.0 0.0 
1269 1 0.0 0.0 0.0 0.0 0.0 0.0 0.0 
1270 1 0.0 0.0 0.0 0.0 0.0 0.0 0.0 
1271 1 0.0 0.0 0.0 0.0 0.0 0.0 0.0 
1272 1 0.0 0.0 0.0 0.0 0.0 0.0 0.0 
1273 1 0.0 0.0 0.0 0.0 0.0 0.0 0.0 
1274 1 0.0 0.0 0.0 0.0 0.0 0.0 0.0 
1275 1 0.0 0.0 0.0 0.0 0.0 0.0 0.0 
1276 1 0.0 0.0 0.0 0.0 0.0 0.0 0.0 
1277 1 0.0 0.0 0.0 0.0 0.0 0.0 0.0 
1278 1 0.0 0.0 0.0 0.0 0.0 0.0 0.0 
1279 1 0.0 0.0 0.0 0.0 0.0 0.0 0.0 
1280 1 0.0 0.0 0.0 0.0 0.0 0.0 0.0 
1281 1 0.0 0.0 0.0 0.0 0.0 0.0 0.0 
1282 1 0.0 0.0 0.0 0.0 0.0 0.0 0.0 
1283 1 0.0 0.0 0.0 0.0 0.0 0.0 0.0 
1284 1 0.0 0.0 0.0 0.0 0.0 0.0 0.0 
1285 1 0.0 0.0 0.0 0.0 0.0 0.0 0.0 
1286 1 0.0 0.0 0.0 0.0 0.0 0.0 0.0 
1287 1 0.0 0.0 0.0 0.0 0.0 0.0 0.0 
1288 1 0.0 0.0 0.0 0.0 0.0 0.0 0.0 
1289 1 0.0 0.0 0.0 0.0 0.0 0.0 0.0 
1290 1 0.0 0.0 0.0 0.0 0.0 0.0 0.0 
1291 1 0.0 0.0 0.0 0.0 0.0 0.0 0.0 
1292 1 0.0 0.0 0.0 0.0 0.0 0.0 0.0 
1293 1 0.0 0.0 0.0 0.0 0.0 0.0 0.0 
1294 1 0.0 0.0 0.0 0.0 0.0 0.0 0.0 
1295 1 0.0 0.0 0.0 0.0 0.0 0.0 0.0 
1296 1 0.0 0.0 0.0 0.0 0.0 0.0 0.0 
1297 1 0.0 0.0 0.0 0.0 0.0 0.0 0.0 
1298 1 0.0 0.0 0.0 0.0 0.0 0.0 0.0 
1299 1 0.0 0.0 0.0 0.0 0.0 0.0 0.0 
1300 1 0.0 0.0 0.0 0.0 0.0 0.0 0.0 
1301 1 0.0 0.0 0.0 0.0 0.0 0.0 0.0 
1302 1 0.0 0.0 0.0 0.0 0.0 0.0 0.0 
1303 1 0.0 0.0 0.0 0.0 0.0 0.0 0.0 
1304 1 0.0 0.0 0.0 0.0 0.0 0.0 0.0 
1305 1 0.0 0.0 0.0 0.0 0.0 0.0 0.0 
1306 1 0.0 0.0 0.0 0.0 0.0 0.0 0.0 
1307 1 0.0 0.0 0.0 0.0 0.0 0.0 0.0 
1308 1 0.0 0.0 0.0 0.0 0.0 0.0 0.0 
1309 1 0.0 0.0 0.0 0.0 0.0 0.0 0.0 
1310 1 0.0 0.0 0.0 0.0 0.0 0.0 0.0 
1311 1 0.0 0.0 0.0 0.0 0.0 0.0 0.0 
1312 1 0.0 0.0 0.0 0.0 0.0 0.0 0.0 
1313 1 0.0 0.0 0.0 0.0 0.0 0.0 0.0 
1314 1 0.0 0.0 0.0 0.0 0.0 0.0 0.0 
1315 1 0.0 0.0 0.0 0.0 0.0 0.0 0.0 
1316 1 0.0 0.0 0.0 0.0 0.0 0.0 0.0 
1317 1 0.0 0.0 0.0 0.0 0.0 0.0 0.0 
1318 1 0.0 0.0 0.0 0.0 0.0 0.0 0.0 
1319 1 0.0 0.0 0.0 0.0 0.0 0.0 0.0 
1320 1 0.0 0.0 0.0 0.0 0.0 0.0 0.0 
1321 1 0.0 0.0 0.0 0.0 0.0 0.0 0.0 
1322 1 0.0 0.0 0.0 0.0 0.0 0.0 0.0 
1323 1 0.0 0.0 0.0 0.0 0.0 0.0 0.0 
1324 1 0.0 0.0 0.0 0.0 0.0 0.0 0.0 
1325 1 0.0 0.0 0.0 0.0 0.0 0.0 0.0 
1326 1 0.0 0.0 0.0 0.0 0.0 0.0 0.0 
1327 1 0.0 0.0 0.0 0.0 0.0 0.0 0.0 
1328 1 0.0 0.0 0.0 0.0 0.0 0.0 0.0 
1329 1 0.0 0.0 0.0 0.0 0.0 0.0 0.0 
1330 1 0.0 0.0 0.0 0.0 0.0 0.0 0.0 
1331 1 0.0 0.0 0.0 0.0 0.0 0.0 0.0 
1332 1 0.0 0.0 0.0 0.0 0.0 0.0 0.0 
1333 1 0.0 0.0 0.0 0.0 0.0 0.0 0.0 
1334 1 0.0 0.0 0.0 0.0 0.0 0.0 0.0 
1335 1 0.0 0.0 0.0 0.0 0.0 0.0 0.0 
1336 1 0.0 0.0 0.0 0.0 0.0 0.0 0.0 
1337 1 0.0 0.0 0.0 0.0 0.0 0.0 0.0 
1338 1 0.0 0.0 0.0 0.0 0.0 0.0 0.0 
1339 1 0.0 0.0 0.0 0.0 0.0 0.0 0.0 
1340 1 0.0 0.0 0.0 0.0 0.0 0.0 0.0 
1341 1 0.0 0.0 0.0 0.0 0.0 0.0 0.0 
1342 1 0.0 0.0 0.0 0.0 0.0 0.0 0.0 
1343 1 0.0 0.0 0.0 0.0 0.0 0.0 0.0 
1344 1 0.0 0.0 0.0 0.0 0.0 0.0 0.0 
1345 1 0.0 0.0 0.0 0.0 0.0 0.0 0.0 
1346 1 0.0 0.0 0.0 0.0 0.0 0.0 0.0 
1347 1 0.0 0.0 0.0 0.0 0.0 0.0 0.0 
1348 1 0.0 0.0 0.0 0.0 0.0 0.0 0.0 
1349 1 0.0 0.0 0.0 0.0 0.0 0.0 0.0 
1350 1 0.0 0.0 0.0 0.0 0.0 0.0 0.0 
1351 1 0.0 0.0 0.0 0.0 0.0 0.0 0.0 
1352 1 0.0 0.0 0.0 0.0 0.0 0.0 0.0 
1353 1 0.0 0.0 0.0 0.0 0.0 0.0 0.0 
1354 1 0.0 0.0 0.0 0.0 0.0 0.0 0.0 
1355 1 0.0 0.0 0.0 0.0 0.0 0.0 0.0 
1356 1 0.0 0.0 0.0 0.0 0.0 0.0 0.0 
1357 1 0.0 0.0 0.0 0.0 0.0 0.0 0.0 
1358 1 0.0 0.0 0.0 0.0 0.0 0.0 0.0 
1359 1 0.0 0.0 0.0 0.0 0.0 0.0 0.0 
1360 1 0.0 0.0 0.0 0.0 0.0 0.0 0.0 
1361 1 0.0 0.0 0.0 0.0 0.0 0.0 0.0 
1362 1 0.0 0.0 0.0 0.0 0.0 0.0 0.0 
1363 1 0.0 0.0 0.0 0.0 0.0 0.0 0.0 
1364 1 0.0 0.0 0.0 0.0 0.0 0.0 0.0 
1365 1 0.0 0.0 0.0 0.0 0.0 0.0 0.0 
1366 1 0.0 0.0 0.0 0.0 0.0 0.0 0.0 
1367 1 0.0 0.0 0.0 0.0 0.0 0.0 0.0 
1368 1 0.0 0.0 0.0 0.0 0.0 0.0 0.0 
1369 1 0.0 0.0 0.0 0.0 0.0 0.0 0.0 
1370 1 0.0 0.0 0.0 0.0 0.0 0.0 0.0 
1371 1 0.0 0.0 0.0 0.0 0.0 0.0 0.0 
1372 1 0.0 0.0 0.0 0.0 0.0 0.0 0.0 
1373 1 0.0 0.0 0.0 0.0 0.0 0.0 0.0 
1374 1 0.0 0.0 0.0 0.0 0.0 0.0 0.0 
1375 1 0.0 0.0 0.0 0.0 0.0 0.0 0.0 
1376 1 0.0 0.0 0.0 0.0 0.0 0.0 0.0 
1377 1 0.0 0.0 0.0 0.0 0.0 0.0 0.0 
1378 1 0.0 0.0 0.0 0.0 0.0 0.0 0.0 
1379 1 0.0 0.0 0.0 0.0 0.0 0.0 0.0 
1380 1 0.0 0.0 0.0 0.0 0.0 0.0 0.0 
1381 1 0.0 0.0 0.0 0.0 0.0 0.0 0.0 
1382 1 0.0 0.0 0.0 0.0 0.0 0.0 0.0 
1383 1 0.0 0.0 0.0 0.0 0.0 0.0 0.0 
1384 1 0.0 0.0 0.0 0.0 0.0 0.0 0.0 
1385 1 0.0 0.0 0.0 0.0 0.0 0.0 0.0 
1386 1 0.0 0.0 0.0 0.0 0.0 0.0 0.0 
1387 1 0.0 0.0 0.0 0.0 0.0 0.0 0.0 
1388 1 0.0 0.0 0.0 0.0 0.0 0.0 0.0 
1389 1 0.0 0.0 0.0 0.0 0.0 0.0 0.0 
1390 1 0.0 0.0 0.0 0.0 0.0 0.0 0.0 
1391 1 0.0 0.0 0.0 0.0 0.0 0.0 0.0 
1392 1 0.0 0.0 0.0 0.0 0.0 0.0 0.0 
1393 1 0.0 0.0 0.0 0.0 0.0 0.0 0.0 
1394 1 0.0 0.0 0.0 0.0 0.0 0.0 0.0 
1395 1 0.0 0.0 0.0 0.0 0.0 0.0 0.0 
1396 1 0.0 0.0 0.0 0.0 0.0 0.0 0.0 
1397 1 0.0 0.0 0.0 0.0 0.0 0.0 0.0 
1398 1 0.0 0.0 0.0 0.0 0.0 0.0 0.0 
1399 1 0.0 0.0 0.0 0.0 0.0 0.0 0.0 
1400 1 0.0 0.0 0.0 0.0 0.0 0.0 0.0 
1401 1 0.0 0.0 0.0 0.0 0.0 0.0 0.0 
1402 1 0.0 0.0 0.0 0.0 0.0 0.0 0.0 
1403 1 0.0 0.0 0.0 0.0 0.0 0.0 0.0 
1404 1 0.0 0.0 0.0 0.0 0.0 0.0 0.0 
1405 1 0.0 0.0 0.0 0.0 0.0 0.0 0.0 
1406 1 0.0 0.0 0.0 0.0 0.0 0.0 0.0 
1407 1 0.0 0.0 0.0 0.0 0.0 0.0 0.0 
1408 1 0.0 0.0 0.0 0.0 0.0 0.0 0.0 
1409 1 0.0 0.0 0.0 0.0 0.0 0.0 0.0 
1410 1 0.0 0.0 0.0 0.0 0.0 0.0 0.0 
1411 1 0.0 0.0 0.0 0.0 0.0 0.0 0.0 
1412 1 0.0 0.0 0.0 0.0 0.0 0.0 0.0 
1413 1 0.0 0.0 0.0 0.0 0.0 0.0 0.0 
1414 1 0.0 0.0 0.0 0.0 0.0 0.0 0.0 
1415 1 0.0 0.0 0.0 0.0 0.0 0.0 0.0 
1416 1 0.0 0.0 0.0 0.0 0.0 0.0 0.0 
1417 1 0.0 0.0 0.0 0.0 0.0 0.0 0.0 
1418 1 0.0 0.0 0.0 0.0 0.0 0.0 0.0 
1419 1 0.0 0.0 0.0 0.0 0.0 0.0 0.0 
1420 1 0.0 0.0 0.0 0.0 0.0 0.0 0.0 
1421 1 0.0 0.0 0.0 0.0 0.0 0.0 0.0 
1422 1 0.0 0.0 0.0 0.0 0.0 0.0 0.0 
1423 1 0.0 0.0 0.0 0.0 0.0 0.0 0.0 
1424 1 0.0 0.0 0.0 0.0 0.0 0.0 0.0 
1425 1 0.0 0.0 0.0 0.0 0.0 0.0 0.0 
1426 1 0.0 0.0 0.0 0.0 0.0 0.0 0.0 
1427 1 0.0 0.0 0.0 0.0 0.0 0.0 0.0 
1428 1 0.0 0.0 0.0 0.0 0.0 0.0 0.0 
1429 1 0.0 0.0 0.0 0.0 0.0 0.0 0.0 
1430 1 0.0 0.0 0.0 0.0 0.0 0.0 0.0 
1431 1 0.0 0.0 0.0 0.0 0.0 0.0 0.0 
1432 1 0.0 0.0 0.0 0.0 0.0 0.0 0.0 
1433 1 0.0 0.0 0.0 0.0 0.0 0.0 0.0 
1434 1 0.0 0.0 0.0 0.0 0.0 0.0 0.0 
1435 1 0.0 0.0 0.0 0.0 0.0 0.0 0.0 
1436 1 0.0 0.0 0.0 0.0 0.0 0.0 0.0 
1437 1 0.0 0.0 0.0 0.0 0.0 0.0 0.0 
1438 1 0.0 0.0 0.0 0.0 0.0 0.0 0.0 
1439 1 0.0 0.0 0.0 0.0 0.0 0.0 0.0 
1440 1 0.0 0.0 0.0 0.0 0.0 0.0 0.0 
1441 1 0.0 0.0 0.0 0.0 0.0 0.0 0.0 
1442 1 0.0 0.0 0.0 0.0 0.0 0.0 0.0 
1443 1 0.0 0.0 0.0 0.0 0.0 0.0 0.0 
1444 1 0.0 0.0 0.0 0.0 0.0 0.0 0.0 
1445 1 0.0 0.0 0.0 0.0 0.0 0.0 0.0 
1446 1 0.0 0.0 0.0 0.0 0.0 0.0 0.0 
1447 1 0.0 0.0 0.0 0.0 0.0 0.0 0.0 
1448 1 0.0 0.0 0.0 0.0 0.0 0.0 0.0 
1449 1 0.0 0.0 0.0 0.0 0.0 0.0 0.0 
1450 1 0.0 0.0 0.0 0.0 0.0 0.0 0.0 
1451 1 0.0 0.0 0.0 0.0 0.0 0.0 0.0 
1452 1 0.0 0.0 0.0 0.0 0.0 0.0 0.0 
1453 1 0.0 0.0 0.0 0.0 0.0 0.0 0.0 
1454 1 0.0 0.0 0.0 0.0 0.0 0.0 0.0 
1455 1 0.0 0.0 0.0 0.0 0.0 0.0 0.0 
1456 1 0.0 0.0 0.0 0.0 0.0 0.0 0.0 
1457 1 0.0 0.0 0.0 0.0 0.0 0.0 0.0 
1458 1 0.0 0.0 0.0 0.0 0.0 0.0 0.0 
1459 1 0.0 0.0 0.0 0.0 0.0 0.0 0.0 
1460 1 0.0 0.0 0.0 0.0 0.0 0.0 0.0 
1461 1 0.0 0.0 0.0 0.0 0.0 0.0 0.0 
1462 1 0.0 0.0 0.0 0.0 0.0 0.0 0.0 
1463 1 0.0 0.0 0.0 0.0 0.0 0.0 0.0 
1464 1 0.0 0.0 0.0 0.0 0.0 0.0 0.0 
1465 1 0.0 0.0 0.0 0.0 0.0 0.0 0.0 
1466 1 0.0 0.0 0.0 0.0 0.0 0.0 0.0 
1467 1 0.0 0.0 0.0 0.0 0.0 0.0 0.0 
1468 1 0.0 0.0 0.0 0.0 0.0 0.0 0.0 
1469 1 0.0 0.0 0.0 0.0 0.0 0.0 0.0 
1470 1 0.0 0.0 0.0 0.0 0.0 0.0 0.0 
1471 1 0.0 0.0 0.0 0.0 0.0 0.0 0.0 
1472 1 0.0 0.0 0.0 0.0 0.0 0.0 0.0 
1473 1 0.0 0.0 0.0 0.0 0.0 0.0 0.0 
1474 1 0.0 0.0 0.0 0.0 0.0 0.0 0.0 
1475 1 0.0 0.0 0.0 0.0 0.0 0.0 0.0 
1476 1 0.0 0.0 0.0 0.0 0.0 0.0 0.0 
1477 1 0.0 0.0 0.0 0.0 0.0 0.0 0.0 
1478 1 0.0 0.0 0.0 0.0 0.0 0.0 0.0 
1479 1 0.0 0.0 0.0 0.0 0.0 0.0 0.0 
1480 1 0.0 0.0 0.0 0.0 0.0 0.0 0.0 
1481 1 0.0 0.0 0.0 0.0 0.0 0.0 0.0 
1482 1 0.0 0.0 0.0 0.0 0.0 0.0 0.0 
1483 1 0.0 0.0 0.0 0.0 0.0 0.0 0.0 
1484 1 0.0 0.0 0.0 0.0 0.0 0.0 0.0 
1485 1 0.0 0.0 0.0 0.0 0.0 0.0 0.0 
1486 1 0.0 0.0 0.0 0.0 0.0 0.0 0.0 
1487 1 0.0 0.0 0.0 0.0 0.0 0.0 0.0 
1488 1 0.0 0.0 0.0 0.0 0.0 0.0 0.0 
1489 1 0.0 0.0 0.0 0.0 0.0 0.0 0.0 
1490 1 0.0 0.0 0.0 0.0 0.0 0.0 0.0 
1491 1 0.0 0.0 0.0 0.0 0.0 0.0 0.0 
1492 1 0.0 0.0 0.0 0.0 0.0 0.0 0.0 
1493 1 0.0 0.0 0.0 0.0 0.0 0.0 0.0 
1494 1 0.0 0.0 0.0 0.0 0.0 0.0 0.0 
1495 1 0.0 0.0 0.0 0.0 0.0 0.0 0.0 
1496 1 0.0 0.0 0.0 0.0 0.0 0.0 0.0 
1497 1 0.0 0.0 0.0 0.0 0.0 0.0 0.0 
1498 1 0.0 0.0 0.0 0.0 0.0 0.0 0.0 
1499 1 0.0 0.0 0.0 0.0 0.0 0.0 0.0 
1500 1 0.0 0.0 0.0 0.0 0.0 0.0 0.0 
1501 1 0.0 0.0 0.0 0.0 0.0 0.0 0.0 
1502 1 0.0 0.0 0.0 0.0 0.0 0.0 0.0 
1503 1 0.0 0.0 0.0 0.0 0.0 0.0 0.0 
1504 1 0.0 0.0 0.0 0.0 0.0 0.0 0.0 
1505 1 0.0 0.0 0.0 0.0 0.0 0.0 0.0 
1506 1 0.0 0.0 0.0 0.0 0.0 0.0 0.0 
1507 1 0.0 0.0 0.0 0.0 0.0 0.0 0.0 
1508 1 0.0 0.0 0.0 0.0 0.0 0.0 0.0 
1509 1 0.0 0.0 0.0 0.0 0.0 0.0 0.0 
1510 1 0.0 0.0 0.0 0.0 0.0 0.0 0.0 
1511 1 0.0 0.0 0.0 0.0 0.0 0.0 0.0 
1512 1 0.0 0.0 0.0 0.0 0.0 0.0 0.0 
1513 1 0.0 0.0 0.0 0.0 0.0 0.0 0.0 
1514 1 0.0 0.0 0.0 0.0 0.0 0.0 0.0 
1515 1 0.0 0.0 0.0 0.0 0.0 0.0 0.0 
1516 1 0.0 0.0 0.0 0.0 0.0 0.0 0.0 
1517 1 0.0 0.0 0.0 0.0 0.0 0.0 0.0 
1518 1 0.0 0.0 0.0 0.0 0.0 0.0 0.0 
1519 1 0.0 0.0 0.0 0.0 0.0 0.0 0.0 
1520 1 0.0 0.0 0.0 0.0 0.0 0.0 0.0 
1521 1 0.0 0.0 0.0 0.0 0.0 0.0 0.0 
1522 1 0.0 0.0 0.0 0.0 0.0 0.0 0.0 
1523 1 0.0 0.0 0.0 0.0 0.0 0.0 0.0 
1524 1 0.0 0.0 0.0 0.0 0.0 0.0 0.0 
1525 1 0.0 0.0 0.0 0.0 0.0 0.0 0.0 
1526 1 0.0 0.0 0.0 0.0 0.0 0.0 0.0 
1527 1 0.0 0.0 0.0 0.0 0.0 0.0 0.0 
1528 1 0.0 0.0 0.0 0.0 0.0 0.0 0.0 
1529 1 0.0 0.0 0.0 0.0 0.0 0.0 0.0 
1530 1 0.0 0.0 0.0 0.0 0.0 0.0 0.0 
1531 1 0.0 0.0 0.0 0.0 0.0 0.0 0.0 
1532 1 0.0 0.0 0.0 0.0 0.0 0.0 0.0 
1533 1 0.0 0.0 0.0 0.0 0.0 0.0 0.0 
1534 1 0.0 0.0 0.0 0.0 0.0 0.0 0.0 
1535 1 0.0 0.0 0.0 0.0 0.0 0.0 0.0 
1536 1 0.0 0.0 0.0 0.0 0.0 0.0 0.0 
1537 1 0.0 0.0 0.0 0.0 0.0 0.0 0.0 
1538 1 0.0 0.0 0.0 0.0 0.0 0.0 0.0 
1539 1 0.0 0.0 0.0 0.0 0.0 0.0 0.0 
1540 1 0.0 0.0 0.0 0.0 0.0 0.0 0.0 
1541 1 0.0 0.0 0.0 0.0 0.0 0.0 0.0 
1542 1 0.0 0.0 0.0 0.0 0.0 0.0 0.0 
1543 1 0.0 0.0 0.0 0.0 0.0 0.0 0.0 
1544 1 0.0 0.0 0.0 0.0 0.0 0.0 0.0 
1545 1 0.0 0.0 0.0 0.0 0.0 0.0 0.0 
1546 1 0.0 0.0 0.0 0.0 0.0 0.0 0.0 
1547 1 0.0 0.0 0.0 0.0 0.0 0.0 0.0 
1548 1 0.0 0.0 0.0 0.0 0.0 0.0 0.0 
1549 1 0.0 0.0 0.0 0.0 0.0 0.0 0.0 
1550 1 0.0 0.0 0.0 0.0 0.0 0.0 0.0 
1551 1 0.0 0.0 0.0 0.0 0.0 0.0 0.0 
1552 1 0.0 0.0 0.0 0.0 0.0 0.0 0.0 
1553 1 0.0 0.0 0.0 0.0 0.0 0.0 0.0 
1554 1 0.0 0.0 0.0 0.0 0.0 0.0 0.0 
1555 1 0.0 0.0 0.0 0.0 0.0 0.0 0.0 
1556 1 0.0 0.0 0.0 0.0 0.0 0.0 0.0 
1557 1 0.0 0.0 0.0 0.0 0.0 0.0 0.0 
1558 1 0.0 0.0 0.0 0.0 0.0 0.0 0.0 
1559 1 0.0 0.0 0.0 0.0 0.0 0.0 0.0 
1560 1 0.0 0.0 0.0 0.0 0.0 0.0 0.0 
1561 1 0.0 0.0 0.0 0.0 0.0 0.0 0.0 
1562 1 0.0 0.0 0.0 0.0 0.0 0.0 0.0 
1563 1 0.0 0.0 0.0 0.0 0.0 0.0 0.0 
1564 1 0.0 0.0 0.0 0.0 0.0 0.0 0.0 
1565 1 0.0 0.0 0.0 0.0 0.0 0.0 0.0 
1566 1 0.0 0.0 0.0 0.0 0.0 0.0 0.0 
1567 1 0.0 0.0 0.0 0.0 0.0 0.0 0.0 
1568 1 0.0 0.0 0.0 0.0 0.0 0.0 0.0 
1569 1 0.0 0.0 0.0 0.0 0.0 0.0 0.0 
1570 1 0.0 0.0 0.0 0.0 0.0 0.0 0.0 
1571 1 0.0 0.0 0.0 0.0 0.0 0.0 0.0 
1572 1 0.0 0.0 0.0 0.0 0.0 0.0 0.0 
1573 1 0.0 0.0 0.0 0.0 0.0 0.0 0.0 
1574 1 0.0 0.0 0.0 0.0 0.0 0.0 0.0 
1575 1 0.0 0.0 0.0 0.0 0.0 0.0 0.0 
1576 1 0.0 0.0 0.0 0.0 0.0 0.0 0.0 
1577 1 0.0 0.0 0.0 0.0 0.0 0.0 0.0 
1578 1 0.0 0.0 0.0 0.0 0.0 0.0 0.0 
1579 1 0.0 0.0 0.0 0.0 0.0 0.0 0.0 
1580 1 0.0 0.0 0.0 0.0 0.0 0.0 0.0 
1581 1 0.0 0.0 0.0 0.0 0.0 0.0 0.0 
1582 1 0.0 0.0 0.0 0.0 0.0 0.0 0.0 
1583 1 0.0 0.0 0.0 0.0 0.0 0.0 0.0 
1584 1 0.0 0.0 0.0 0.0 0.0 0.0 0.0 
1585 1 0.0 0.0 0.0 0.0 0.0 0.0 0.0 
1586 1 0.0 0.0 0.0 0.0 0.0 0.0 0.0 
1587 1 0.0 0.0 0.0 0.0 0.0 0.0 0.0 
1588 1 0.0 0.0 0.0 0.0 0.0 0.0 0.0 
1589 1 0.0 0.0 0.0 0.0 0.0 0.0 0.0 
1590 1 0.0 0.0 0.0 0.0 0.0 0.0 0.0 
1591 1 0.0 0.0 0.0 0.0 0.0 0.0 0.0 
1592 1 0.0 0.0 0.0 0.0 0.0 0.0 0.0 
1593 1 0.0 0.0 0.0 0.0 0.0 0.0 0.0 
1594 1 0.0 0.0 0.0 0.0 0.0 0.0 0.0 
1595 1 0.0 0.0 0.0 0.0 0.0 0.0 0.0 
1596 1 0.0 0.0 0.0 0.0 0.0 0.0 0.0 
1597 1 0.0 0.0 0.0 0.0 0.0 0.0 0.0 
1598 1 0.0 0.0 0.0 0.0 0.0 0.0 0.0 
1599 1 0.0 0.0 0.0 0.0 0.0 0.0 0.0 
1600 1 0.0 0.0 0.0 0.0 0.0 0.0 0.0 
1601 1 0.0 0.0 0.0 0.0 0.0 0.0 0.0 
1602 1 0.0 0.0 0.0 0.0 0.0 0.0 0.0 
1603 1 0.0 0.0 0.0 0.0 0.0 0.0 0.0 
1604 1 0.0 0.0 0.0 0.0 0.0 0.0 0.0 
1605 1 0.0 0.0 0.0 0.0 0.0 0.0 0.0 
1606 1 0.0 0.0 0.0 0.0 0.0 0.0 0.0 
1607 1 0.0 0.0 0.0 0.0 0.0 0.0 0.0 
1608 1 0.0 0.0 0.0 0.0 0.0 0.0 0.0 
1609 1 0.0 0.0 0.0 0.0 0.0 0.0 0.0 
1610 1 0.0 0.0 0.0 0.0 0.0 0.0 0.0 
1611 1 0.0 0.0 0.0 0.0 0.0 0.0 0.0 
1612 1 0.0 0.0 0.0 0.0 0.0 0.0 0.0 
1613 1 0.0 0.0 0.0 0.0 0.0 0.0 0.0 
1614 1 0.0 0.0 0.0 0.0 0.0 0.0 0.0 
1615 1 0.0 0.0 0.0 0.0 0.0 0.0 0.0 
1616 1 0.0 0.0 0.0 0.0 0.0 0.0 0.0 
1617 1 0.0 0.0 0.0 0.0 0.0 0.0 0.0 
1618 1 0.0 0.0 0.0 0.0 0.0 0.0 0.0 
1619 1 0.0 0.0 0.0 0.0 0.0 0.0 0.0 
1620 1 0.0 0.0 0.0 0.0 0.0 0.0 0.0 
1621 1 0.0 0.0 0.0 0.0 0.0 0.0 0.0 
1622 1 0.0 0.0 0.0 0.0 0.0 0.0 0.0 
1623 1 0.0 0.0 0.0 0.0 0.0 0.0 0.0 
1624 1 0.0 0.0 0.0 0.0 0.0 0.0 0.0 
1625 1 0.0 0.0 0.0 0.0 0.0 0.0 0.0 
1626 1 0.0 0.0 0.0 0.0 0.0 0.0 0.0 
1627 1 0.0 0.0 0.0 0.0 0.0 0.0 0.0 
1628 1 0.0 0.0 0.0 0.0 0.0 0.0 0.0 
1629 1 0.0 0.0 0.0 0.0 0.0 0.0 0.0 
1630 1 0.0 0.0 0.0 0.0 0.0 0.0 0.0 
1631 1 0.0 0.0 0.0 0.0 0.0 0.0 0.0 
1632 1 0.0 0.0 0.0 0.0 0.0 0.0 0.0 
1633 1 0.0 0.0 0.0 0.0 0.0 0.0 0.0 
1634 1 0.0 0.0 0.0 0.0 0.0 0.0 0.0 
1635 1 0.0 0.0 0.0 0.0 0.0 0.0 0.0 
1636 1 0.0 0.0 0.0 0.0 0.0 0.0 0.0 
1637 1 0.0 0.0 0.0 0.0 0.0 0.0 0.0 
1638 1 0.0 0.0 0.0 0.0 0.0 0.0 0.0 
1639 1 0.0 0.0 0.0 0.0 0.0 0.0 0.0 
1640 1 0.0 0.0 0.0 0.0 0.0 0.0 0.0 
1641 1 0.0 0.0 0.0 0.0 0.0 0.0 0.0 
1642 1 0.0 0.0 0.0 0.0 0.0 0.0 0.0 
1643 1 0.0 0.0 0.0 0.0 0.0 0.0 0.0 
1644 1 0.0 0.0 0.0 0.0 0.0 0.0 0.0 
1645 1 0.0 0.0 0.0 0.0 0.0 0.0 0.0 
1646 1 0.0 0.0 0.0 0.0 0.0 0.0 0.0 
1647 1 0.0 0.0 0.0 0.0 0.0 0.0 0.0 
1648 1 0.0 0.0 0.0 0.0 0.0 0.0 0.0 
1649 1 0.0 0.0 0.0 0.0 0.0 0.0 0.0 
1650 1 0.0 0.0 0.0 0.0 0.0 0.0 0.0 
1651 1 0.0 0.0 0.0 0.0 0.0 0.0 0.0 
1652 1 0.0 0.0 0.0 0.0 0.0 0.0 0.0 
1653 1 0.0 0.0 0.0 0.0 0.0 0.0 0.0 
1654 1 0.0 0.0 0.0 0.0 0.0 0.0 0.0 
1655 1 0.0 0.0 0.0 0.0 0.0 0.0 0.0 
1656 1 0.0 0.0 0.0 0.0 0.0 0.0 0.0 
1657 1 0.0 0.0 0.0 0.0 0.0 0.0 0.0 
1658 1 0.0 0.0 0.0 0.0 0.0 0.0 0.0 
1659 1 0.0 0.0 0.0 0.0 0.0 0.0 0.0 
1660 1 0.0 0.0 0.0 0.0 0.0 0.0 0.0 
1661 1 0.0 0.0 0.0 0.0 0.0 0.0 0.0 
1662 1 0.0 0.0 0.0 0.0 0.0 0.0 0.0 
1663 1 0.0 0.0 0.0 0.0 0.0 0.0 0.0 
1664 1 0.0 0.0 0.0 0.0 0.0 0.0 0.0 
1665 1 0.0 0.0 0.0 0.0 0.0 0.0 0.0 
1666 1 0.0 0.0 0.0 0.0 0.0 0.0 0.0 
1667 1 0.0 0.0 0.0 0.0 0.0 0.0 0.0 
1668 1 0.0 0.0 0.0 0.0 0.0 0.0 0.0 
1669 1 0.0 0.0 0.0 0.0 0.0 0.0 0.0 
1670 1 0.0 0.0 0.0 0.0 0.0 0.0 0.0 
1671 1 0.0 0.0 0.0 0.0 0.0 0.0 0.0 
1672 1 0.0 0.0 0.0 0.0 0.0 0.0 0.0 
1673 1 0.0 0.0 0.0 0.0 0.0 0.0 0.0 
1674 1 0.0 0.0 0.0 0.0 0.0 0.0 0.0 
1675 1 0.0 0.0 0.0 0.0 0.0 0.0 0.0 
1676 1 0.0 0.0 0.0 0.0 0.0 0.0 0.0 
1677 1 0.0 0.0 0.0 0.0 0.0 0.0 0.0 
1678 1 0.0 0.0 0.0 0.0 0.0 0.0 0.0 
1679 1 0.0 0.0 0.0 0.0 0.0 0.0 0.0 
1680 1 0.0 0.0 0.0 0.0 0.0 0.0 0.0 
1681 1 0.0 0.0 0.0 0.0 0.0 0.0 0.0 
1682 1 0.0 0.0 0.0 0.0 0.0 0.0 0.0 
1683 1 0.0 0.0 0.0 0.0 0.0 0.0 0.0 
1684 1 0.0 0.0 0.0 0.0 0.0 0.0 0.0 
1685 1 0.0 0.0 0.0 0.0 0.0 0.0 0.0 
1686 1 0.0 0.0 0.0 0.0 0.0 0.0 0.0 
1687 1 0.0 0.0 0.0 0.0 0.0 0.0 0.0 
1688 1 0.0 0.0 0.0 0.0 0.0 0.0 0.0 
1689 1 0.0 0.0 0.0 0.0 0.0 0.0 0.0 
1690 1 0.0 0.0 0.0 0.0 0.0 0.0 0.0 
1691 1 0.0 0.0 0.0 0.0 0.0 0.0 0.0 
1692 1 0.0 0.0 0.0 0.0 0.0 0.0 0.0 
1693 1 0.0 0.0 0.0 0.0 0.0 0.0 0.0 
1694 1 0.0 0.0 0.0 0.0 0.0 0.0 0.0 
1695 1 0.0 0.0 0.0 0.0 0.0 0.0 0.0 
1696 1 0.0 0.0 0.0 0.0 0.0 0.0 0.0 
1697 1 0.0 0.0 0.0 0.0 0.0 0.0 0.0 
1698 1 0.0 0.0 0.0 0.0 0.0 0.0 0.0 
1699 1 0.0 0.0 0.0 0.0 0.0 0.0 0.0 
1700 1 0.0 0.0 0.0 0.0 0.0 0.0 0.0 
1701 1 0.0 0.0 0.0 0.0 0.0 0.0 0.0 
1702 1 0.0 0.0 0.0 0.0 0.0 0.0 0.0 
1703 1 0.0 0.0 0.0 0.0 0.0 0.0 0.0 
1704 1 0.0 0.0 0.0 0.0 0.0 0.0 0.0 
1705 1 0.0 0.0 0.0 0.0 0.0 0.0 0.0 
1706 1 0.0 0.0 0.0 0.0 0.0 0.0 0.0 
1707 1 0.0 0.0 0.0 0.0 0.0 0.0 0.0 
1708 1 0.0 0.0 0.0 0.0 0.0 0.0 0.0 
1709 1 0.0 0.0 0.0 0.0 0.0 0.0 0.0 
1710 1 0.0 0.0 0.0 0.0 0.0 0.0 0.0 
1711 1 0.0 0.0 0.0 0.0 0.0 0.0 0.0 
1712 1 0.0 0.0 0.0 0.0 0.0 0.0 0.0 
1713 1 0.0 0.0 0.0 0.0 0.0 0.0 0.0 
1714 1 0.0 0.0 0.0 0.0 0.0 0.0 0.0 
1715 1 0.0 0.0 0.0 0.0 0.0 0.0 0.0 
1716 1 0.0 0.0 0.0 0.0 0.0 0.0 0.0 
1717 1 0.0 0.0 0.0 0.0 0.0 0.0 0.0 
1718 1 0.0 0.0 0.0 0.0 0.0 0.0 0.0 
1719 1 0.0 0.0 0.0 0.0 0.0 0.0 0.0 
1720 1 0.0 0.0 0.0 0.0 0.0 0.0 0.0 
1721 1 0.0 0.0 0.0 0.0 0.0 0.0 0.0 
1722 1 0.0 0.0 0.0 0.0 0.0 0.0 0.0 
1723 1 0.0 0.0 0.0 0.0 0.0 0.0 0.0 
1724 1 0.0 0.0 0.0 0.0 0.0 0.0 0.0 
1725 1 0.0 0.0 0.0 0.0 0.0 0.0 0.0 
1726 1 0.0 0.0 0.0 0.0 0.0 0.0 0.0 
1727 1 0.0 0.0 0.0 0.0 0.0 0.0 0.0 
1728 1 0.0 0.0 0.0 0.0 0.0 0.0 0.0 
1729 1 0.0 0.0 0.0 0.0 0.0 0.0 0.0 
1730 1 0.0 0.0 0.0 0.0 0.0 0.0 0.0 
1731 1 0.0 0.0 0.0 0.0 0.0 0.0 0.0 
1732 1 0.0 0.0 0.0 0.0 0.0 0.0 0.0 
1733 1 0.0 0.0 0.0 0.0 0.0 0.0 0.0 
1734 1 0.0 0.0 0.0 0.0 0.0 0.0 0.0 
1735 1 0.0 0.0 0.0 0.0 0.0 0.0 0.0 
1736 1 0.0 0.0 0.0 0.0 0.0 0.0 0.0 
1737 1 0.0 0.0 0.0 0.0 0.0 0.0 0.0 
1738 1 0.0 0.0 0.0 0.0 0.0 0.0 0.0 
1739 1 0.0 0.0 0.0 0.0 0.0 0.0 0.0 
1740 1 0.0 0.0 0.0 0.0 0.0 0.0 0.0 
1741 1 0.0 0.0 0.0 0.0 0.0 0.0 0.0 
1742 1 0.0 0.0 0.0 0.0 0.0 0.0 0.0 
1743 1 0.0 0.0 0.0 0.0 0.0 0.0 0.0 
1744 1 0.0 0.0 0.0 0.0 0.0 0.0 0.0 
1745 1 0.0 0.0 0.0 0.0 0.0 0.0 0.0 
1746 1 0.0 0.0 0.0 0.0 0.0 0.0 0.0 
1747 1 0.0 0.0 0.0 0.0 0.0 0.0 0.0 
1748 1 0.0 0.0 0.0 0.0 0.0 0.0 0.0 
1749 1 0.0 0.0 0.0 0.0 0.0 0.0 0.0 
1750 1 0.0 0.0 0.0 0.0 0.0 0.0 0.0 
1751 1 0.0 0.0 0.0 0.0 0.0 0.0 0.0 
1752 1 0.0 0.0 0.0 0.0 0.0 0.0 0.0 
1753 1 0.0 0.0 0.0 0.0 0.0 0.0 0.0 
1754 1 0.0 0.0 0.0 0.0 0.0 0.0 0.0 
1755 1 0.0 0.0 0.0 0.0 0.0 0.0 0.0 
1756 1 0.0 0.0 0.0 0.0 0.0 0.0 0.0 
1757 1 0.0 0.0 0.0 0.0 0.0 0.0 0.0 
1758 1 0.0 0.0 0.0 0.0 0.0 0.0 0.0 
1759 1 0.0 0.0 0.0 0.0 0.0 0.0 0.0 
1760 1 0.0 0.0 0.0 0.0 0.0 0.0 0.0 
1761 1 0.0 0.0 0.0 0.0 0.0 0.0 0.0 
1762 1 0.0 0.0 0.0 0.0 0.0 0.0 0.0 
1763 1 0.0 0.0 0.0 0.0 0.0 0.0 0.0 
1764 1 0.0 0.0 0.0 0.0 0.0 0.0 0.0 
1765 1 0.0 0.0 0.0 0.0 0.0 0.0 0.0 
1766 1 0.0 0.0 0.0 0.0 0.0 0.0 0.0 
1767 1 0.0 0.0 0.0 0.0 0.0 0.0 0.0 
1768 1 0.0 0.0 0.0 0.0 0.0 0.0 0.0 
1769 1 0.0 0.0 0.0 0.0 0.0 0.0 0.0 
1770 1 0.0 0.0 0.0 0.0 0.0 0.0 0.0 
1771 1 0.0 0.0 0.0 0.0 0.0 0.0 0.0 
1772 1 0.0 0.0 0.0 0.0 0.0 0.0 0.0 
1773 1 0.0 0.0 0.0 0.0 0.0 0.0 0.0 
1774 1 0.0 0.0 0.0 0.0 0.0 0.0 0.0 
1775 1 0.0 0.0 0.0 0.0 0.0 0.0 0.0 
1776 1 0.0 0.0 0.0 0.0 0.0 0.0 0.0 
1777 1 0.0 0.0 0.0 0.0 0.0 0.0 0.0 
1778 1 0.0 0.0 0.0 0.0 0.0 0.0 0.0 
1779 1 0.0 0.0 0.0 0.0 0.0 0.0 0.0 
1780 1 0.0 0.0 0.0 0.0 0.0 0.0 0.0 
1781 1 0.0 0.0 0.0 0.0 0.0 0.0 0.0 
1782 1 0.0 0.0 0.0 0.0 0.0 0.0 0.0 
1783 1 0.0 0.0 0.0 0.0 0.0 0.0 0.0 
1784 1 0.0 0.0 0.0 0.0 0.0 0.0 0.0 
1785 1 0.0 0.0 0.0 0.0 0.0 0.0 0.0 
1786 1 0.0 0.0 0.0 0.0 0.0 0.0 0.0 
1787 1 0.0 0.0 0.0 0.0 0.0 0.0 0.0 
1788 1 0.0 0.0 0.0 0.0 0.0 0.0 0.0 
1789 1 0.0 0.0 0.0 0.0 0.0 0.0 0.0 
1790 1 0.0 0.0 0.0 0.0 0.0 0.0 0.0 
1791 1 0.0 0.0 0.0 0.0 0.0 0.0 0.0 
1792 1 0.0 0.0 0.0 0.0 0.0 0.0 0.0 
1793 1 0.0 0.0 0.0 0.0 0.0 0.0 0.0 
1794 1 0.0 0.0 0.0 0.0 0.0 0.0 0.0 
1795 1 0.0 0.0 0.0 0.0 0.0 0.0 0.0 
1796 1 0.0 0.0 0.0 0.0 0.0 0.0 0.0 
1797 1 0.0 0.0 0.0 0.0 0.0 0.0 0.0 
1798 1 0.0 0.0 0.0 0.0 0.0 0.0 0.0 
1799 1 0.0 0.0 0.0 0.0 0.0 0.0 0.0 
1800 1 0.0 0.0 0.0 0.0 0.0 0.0 0.0 
1801 1 0.0 0.0 0.0 0.0 0.0 0.0 0.0 
1802 1 0.0 0.0 0.0 0.0 0.0 0.0 0.0 
1803 1 0.0 0.0 0.0 0.0 0.0 0.0 0.0 
1804 1 0.0 0.0 0.0 0.0 0.0 0.0 0.0 
1805 1 0.0 0.0 0.0 0.0 0.0 0.0 0.0 
1806 1 0.0 0.0 0.0 0.0 0.0 0.0 0.0 
1807 1 0.0 0.0 0.0 0.0 0.0 0.0 0.0 
1808 1 0.0 0.0 0.0 0.0 0.0 0.0 0.0 
1809 1 0.0 0.0 0.0 0.0 0.0 0.0 0.0 
1810 1 0.0 0.0 0.0 0.0 0.0 0.0 0.0 
1811 1 0.0 0.0 0.0 0.0 0.0 0.0 0.0 
1812 1 0.0 0.0 0.0 0.0 0.0 0.0 0.0 
1813 1 0.0 0.0 0.0 0.0 0.0 0.0 0.0 
1814 1 0.0 0.0 0.0 0.0 0.0 0.0 0.0 
1815 1 0.0 0.0 0.0 0.0 0.0 0.0 0.0 
1816 1 0.0 0.0 0.0 0.0 0.0 0.0 0.0 
1817 1 0.0 0.0 0.0 0.0 0.0 0.0 0.0 
1818 1 0.0 0.0 0.0 0.0 0.0 0.0 0.0 
1819 1 0.0 0.0 0.0 0.0 0.0 0.0 0.0 
1820 1 0.0 0.0 0.0 0.0 0.0 0.0 0.0 
1821 1 0.0 0.0 0.0 0.0 0.0 0.0 0.0 
1822 1 0.0 0.0 0.0 0.0 0.0 0.0 0.0 
1823 1 0.0 0.0 0.0 0.0 0.0 0.0 0.0 
1824 1 0.0 0.0 0.0 0.0 0.0 0.0 0.0 
1825 1 0.0 0.0 0.0 0.0 0.0 0.0 0.0 
1826 1 0.0 0.0 0.0 0.0 0.0 0.0 0.0 
1827 1 0.0 0.0 0.0 0.0 0.0 0.0 0.0 
1828 1 0.0 0.0 0.0 0.0 0.0 0.0 0.0 
1829 1 0.0 0.0 0.0 0.0 0.0 0.0 0.0 
1830 1 0.0 0.0 0.0 0.0 0.0 0.0 0.0 
1831 1 0.0 0.0 0.0 0.0 0.0 0.0 0.0 
1832 1 0.0 0.0 0.0 0.0 0.0 0.0 0.0 
1833 1 0.0 0.0 0.0 0.0 0.0 0.0 0.0 
1834 1 0.0 0.0 0.0 0.0 0.0 0.0 0.0 
1835 1 0.0 0.0 0.0 0.0 0.0 0.0 0.0 
1836 1 0.0 0.0 0.0 0.0 0.0 0.0 0.0 
1837 1 0.0 0.0 0.0 0.0 0.0 0.0 0.0 
1838 1 0.0 0.0 0.0 0.0 0.0 0.0 0.0 
1839 1 0.0 0.0 0.0 0.0 0.0 0.0 0.0 
1840 1 0.0 0.0 0.0 0.0 0.0 0.0 0.0 
1841 1 0.0 0.0 0.0 0.0 0.0 0.0 0.0 
1842 1 0.0 0.0 0.0 0.0 0.0 0.0 0.0 
1843 1 0.0 0.0 0.0 0.0 0.0 0.0 0.0 
1844 1 0.0 0.0 0.0 0.0 0.0 0.0 0.0 
1845 1 0.0 0.0 0.0 0.0 0.0 0.0 0.0 
1846 1 0.0 0.0 0.0 0.0 0.0 0.0 0.0 
1847 1 0.0 0.0 0.0 0.0 0.0 0.0 0.0 
1848 1 0.0 0.0 0.0 0.0 0.0 0.0 0.0 
1849 1 0.0 0.0 0.0 0.0 0.0 0.0 0.0 
1850 1 0.0 0.0 0.0 0.0 0.0 0.0 0.0 
1851 1 0.0 0.0 0.0 0.0 0.0 0.0 0.0 
1852 1 0.0 0.0 0.0 0.0 0.0 0.0 0.0 
1853 1 0.0 0.0 0.0 0.0 0.0 0.0 0.0 
1854 1 0.0 0.0 0.0 0.0 0.0 0.0 0.0 
1855 1 0.0 0.0 0.0 0.0 0.0 0.0 0.0 
1856 1 0.0 0.0 0.0 0.0 0.0 0.0 0.0 
1857 1 0.0 0.0 0.0 0.0 0.0 0.0 0.0 
1858 1 0.0 0.0 0.0 0.0 0.0 0.0 0.0 
1859 1 0.0 0.0 0.0 0.0 0.0 0.0 0.0 
1860 1 0.0 0.0 0.0 0.0 0.0 0.0 0.0 
1861 1 0.0 0.0 0.0 0.0 0.0 0.0 0.0 
1862 1 0.0 0.0 0.0 0.0 0.0 0.0 0.0 
1863 1 0.0 0.0 0.0 0.0 0.0 0.0 0.0 
1864 1 0.0 0.0 0.0 0.0 0.0 0.0 0.0 
1865 1 0.0 0.0 0.0 0.0 0.0 0.0 0.0 
1866 1 0.0 0.0 0.0 0.0 0.0 0.0 0.0 
1867 1 0.0 0.0 0.0 0.0 0.0 0.0 0.0 
1868 1 0.0 0.0 0.0 0.0 0.0 0.0 0.0 
1869 1 0.0 0.0 0.0 0.0 0.0 0.0 0.0 
1870 1 0.0 0.0 0.0 0.0 0.0 0.0 0.0 
1871 1 0.0 0.0 0.0 0.0 0.0 0.0 0.0 
1872 1 0.0 0.0 0.0 0.0 0.0 0.0 0.0 
1873 1 0.0 0.0 0.0 0.0 0.0 0.0 0.0 
1874 1 0.0 0.0 0.0 0.0 0.0 0.0 0.0 
1875 1 0.0 0.0 0.0 0.0 0.0 0.0 0.0 
1876 1 0.0 0.0 0.0 0.0 0.0 0.0 0.0 
1877 1 0.0 0.0 0.0 0.0 0.0 0.0 0.0 
1878 1 0.0 0.0 0.0 0.0 0.0 0.0 0.0 
1879 1 0.0 0.0 0.0 0.0 0.0 0.0 0.0 
1880 1 0.0 0.0 0.0 0.0 0.0 0.0 0.0 
1881 1 0.0 0.0 0.0 0.0 0.0 0.0 0.0 
1882 1 0.0 0.0 0.0 0.0 0.0 0.0 0.0 
1883 1 0.0 0.0 0.0 0.0 0.0 0.0 0.0 
1884 1 0.0 0.0 0.0 0.0 0.0 0.0 0.0 
1885 1 0.0 0.0 0.0 0.0 0.0 0.0 0.0 
1886 1 0.0 0.0 0.0 0.0 0.0 0.0 0.0 
1887 1 0.0 0.0 0.0 0.0 0.0 0.0 0.0 
1888 1 0.0 0.0 0.0 0.0 0.0 0.0 0.0 
1889 1 0.0 0.0 0.0 0.0 0.0 0.0 0.0 
1890 1 0.0 0.0 0.0 0.0 0.0 0.0 0.0 
1891 1 0.0 0.0 0.0 0.0 0.0 0.0 0.0 
1892 1 0.0 0.0 0.0 0.0 0.0 0.0 0.0 
1893 1 0.0 0.0 0.0 0.0 0.0 0.0 0.0 
1894 1 0.0 0.0 0.0 0.0 0.0 0.0 0.0 
1895 1 0.0 0.0 0.0 0.0 0.0 0.0 0.0 
1896 1 0.0 0.0 0.0 0.0 0.0 0.0 0.0 
1897 1 0.0 0.0 0.0 0.0 0.0 0.0 0.0 
1898 1 0.0 0.0 0.0 0.0 0.0 0.0 0.0 
1899 1 0.0 0.0 0.0 0.0 0.0 0.0 0.0 
1900 1 0.0 0.0 0.0 0.0 0.0 0.0 0.0 
1901 1 0.0 0.0 0.0 0.0 0.0 0.0 0.0 
1902 1 0.0 0.0 0.0 0.0 0.0 0.0 0.0 
1903 1 0.0 0.0 0.0 0.0 0.0 0.0 0.0 
1904 1 0.0 0.0 0.0 0.0 0.0 0.0 0.0 
1905 1 0.0 0.0 0.0 0.0 0.0 0.0 0.0 
1906 1 0.0 0.0 0.0 0.0 0.0 0.0 0.0 
1907 1 0.0 0.0 0.0 0.0 0.0 0.0 0.0 
1908 1 0.0 0.0 0.0 0.0 0.0 0.0 0.0 
1909 1 0.0 0.0 0.0 0.0 0.0 0.0 0.0 
1910 1 0.0 0.0 0.0 0.0 0.0 0.0 0.0 
1911 1 0.0 0.0 0.0 0.0 0.0 0.0 0.0 
1912 1 0.0 0.0 0.0 0.0 0.0 0.0 0.0 
1913 1 0.0 0.0 0.0 0.0 0.0 0.0 0.0 
1914 1 0.0 0.0 0.0 0.0 0.0 0.0 0.0 
1915 1 0.0 0.0 0.0 0.0 0.0 0.0 0.0 
1916 1 0.0 0.0 0.0 0.0 0.0 0.0 0.0 
1917 1 0.0 0.0 0.0 0.0 0.0 0.0 0.0 
1918 1 0.0 0.0 0.0 0.0 0.0 0.0 0.0 
1919 1 0.0 0.0 0.0 0.0 0.0 0.0 0.0 
1920 1 0.0 0.0 0.0 0.0 0.0 0.0 0.0 
1921 1 0.0 0.0 0.0 0.0 0.0 0.0 0.0 
1922 1 0.0 0.0 0.0 0.0 0.0 0.0 0.0 
1923 1 0.0 0.0 0.0 0.0 0.0 0.0 0.0 
1924 1 0.0 0.0 0.0 0.0 0.0 0.0 0.0 
1925 1 0.0 0.0 0.0 0.0 0.0 0.0 0.0 
1926 1 0.0 0.0 0.0 0.0 0.0 0.0 0.0 
1927 1 0.0 0.0 0.0 0.0 0.0 0.0 0.0 
1928 1 0.0 0.0 0.0 0.0 0.0 0.0 0.0 
1929 1 0.0 0.0 0.0 0.0 0.0 0.0 0.0 
1930 1 0.0 0.0 0.0 0.0 0.0 0.0 0.0 
1931 1 0.0 0.0 0.0 0.0 0.0 0.0 0.0 
1932 1 0.0 0.0 0.0 0.0 0.0 0.0 0.0 
1933 1 0.0 0.0 0.0 0.0 0.0 0.0 0.0 
1934 1 0.0 0.0 0.0 0.0 0.0 0.0 0.0 
1935 1 0.0 0.0 0.0 0.0 0.0 0.0 0.0 
1936 1 0.0 0.0 0.0 0.0 0.0 0.0 0.0 
1937 1 0.0 0.0 0.0 0.0 0.0 0.0 0.0 
1938 1 0.0 0.0 0.0 0.0 0.0 0.0 0.0 
1939 1 0.0 0.0 0.0 0.0 0.0 0.0 0.0 
1940 1 0.0 0.0 0.0 0.0 0.0 0.0 0.0 
1941 1 0.0 0.0 0.0 0.0 0.0 0.0 0.0 
1942 1 0.0 0.0 0.0 0.0 0.0 0.0 0.0 
1943 1 0.0 0.0 0.0 0.0 0.0 0.0 0.0 
1944 1 0.0 0.0 0.0 0.0 0.0 0.0 0.0 
1945 1 0.0 0.0 0.0 0.0 0.0 0.0 0.0 
1946 1 0.0 0.0 0.0 0.0 0.0 0.0 0.0 
1947 1 0.0 0.0 0.0 0.0 0.0 0.0 0.0 
1948 1 0.0 0.0 0.0 0.0 0.0 0.0 0.0 
1949 1 0.0 0.0 0.0 0.0 0.0 0.0 0.0 
1950 1 0.0 0.0 0.0 0.0 0.0 0.0 0.0 
1951 1 0.0 0.0 0.0 0.0 0.0 0.0 0.0 
1952 1 0.0 0.0 0.0 0.0 0.0 0.0 0.0 
1953 1 0.0 0.0 0.0 0.0 0.0 0.0 0.0 
1954 1 0.0 0.0 0.0 0.0 0.0 0.0 0.0 
1955 1 0.0 0.0 0.0 0.0 0.0 0.0 0.0 
1956 1 0.0 0.0 0.0 0.0 0.0 0.0 0.0 
1957 1 0.0 0.0 0.0 0.0 0.0 0.0 0.0 
1958 1 0.0 0.0 0.0 0.0 0.0 0.0 0.0 
1959 1 0.0 0.0 0.0 0.0 0.0 0.0 0.0 
1960 1 0.0 0.0 0.0 0.0 0.0 0.0 0.0 
1961 1 0.0 0.0 0.0 0.0 0.0 0.0 0.0 
1962 1 0.0 0.0 0.0 0.0 0.0 0.0 0.0 
1963 1 0.0 0.0 0.0 0.0 0.0 0.0 0.0 
1964 1 0.0 0.0 0.0 0.0 0.0 0.0 0.0 
1965 1 0.0 0.0 0.0 0.0 0.0 0.0 0.0 
1966 1 0.0 0.0 0.0 0.0 0.0 0.0 0.0 
1967 1 0.0 0.0 0.0 0.0 0.0 0.0 0.0 
1968 1 0.0 0.0 0.0 0.0 0.0 0.0 0.0 
1969 1 0.0 0.0 0.0 0.0 0.0 0.0 0.0 
1970 1 0.0 0.0 0.0 0.0 0.0 0.0 0.0 
1971 1 0.0 0.0 0.0 0.0 0.0 0.0 0.0 
1972 1 0.0 0.0 0.0 0.0 0.0 0.0 0.0 
1973 1 0.0 0.0 0.0 0.0 0.0 0.0 0.0 
1974 1 0.0 0.0 0.0 0.0 0.0 0.0 0.0 
1975 1 0.0 0.0 0.0 0.0 0.0 0.0 0.0 
1976 1 0.0 0.0 0.0 0.0 0.0 0.0 0.0 
1977 1 0.0 0.0 0.0 0.0 0.0 0.0 0.0 
1978 1 0.0 0.0 0.0 0.0 0.0 0.0 0.0 
1979 1 0.0 0.0 0.0 0.0 0.0 0.0 0.0 
1980 1 0.0 0.0 0.0 0.0 0.0 0.0 0.0 
1981 1 0.0 0.0 0.0 0.0 0.0 0.0 0.0 
1982 1 0.0 0.0 0.0 0.0 0.0 0.0 0.0 
1983 1 0.0 0.0 0.0 0.0 0.0 0.0 0.0 
1984 1 0.0 0.0 0.0 0.0 0.0 0.0 0.0 
1985 1 0.0 0.0 0.0 0.0 0.0 0.0 0.0 
1986 1 0.0 0.0 0.0 0.0 0.0 0.0 0.0 
1987 1 0.0 0.0 0.0 0.0 0.0 0.0 0.0 
1988 1 0.0 0.0 0.0 0.0 0.0 0.0 0.0 
1989 1 0.0 0.0 0.0 0.0 0.0 0.0 0.0 
1990 1 0.0 0.0 0.0 0.0 0.0 0.0 0.0 
1991 1 0.0 0.0 0.0 0.0 0.0 0.0 0.0 
1992 1 0.0 0.0 0.0 0.0 0.0 0.0 0.0 
1993 1 0.0 0.0 0.0 0.0 0.0 0.0 0.0 
1994 1 0.0 0.0 0.0 0.0 0.0 0.0 0.0 
1995 1 0.0 0.0 0.0 0.0 0.0 0.0 0.0 
1996 1 0.0 0.0 0.0 0.0 0.0 0.0 0.0 
1997 1 0.0 0.0 0.0 0.0 0.0 0.0 0.0 
1998 1 0.0 0.0 0.0 0.0 0.0 0.0 0.0 
1999 1 0.0 0.0 0.0 0.0 0.0 0.0 0.0 
2000 1 0.0 0.0 0.0 0.0 0.0 0.0 0.0 
2001 1 0.0 0.0 0.0 0.0 0.0 0.0 0.0 
2002 1 0.0 0.0 0.0 0.0 0.0 0.0 0.0 
2003 1 0.0 0.0 0.0 0.0 0.0 0.0 0.0 
2004 1 0.0 0.0 0.0 0.0 0.0 0.0 0.0 
2005 1 0.0 0.0 0.0 0.0 0.0 0.0 0.0 
2006 1 0.0 0.0 0.0 0.0 0.0 0.0 0.0 
2007 1 0.0 0.0 0.0 0.0 0.0 0.0 0.0 
2008 1 0.0 0.0 0.0 0.0 0.0 0.0 0.0 
2009 1 0.0 0.0 0.0 0.0 0.0 0.0 0.0 
2010 1 0.0 0.0 0.0 0.0 0.0 0.0 0.0 
2011 1 0.0 0.0 0.0 0.0 0.0 0.0 0.0 
2012 1 0.0 0.0 0.0 0.0 0.0 0.0 0.0 
2013 1 0.0 0.0 0.0 0.0 0.0 0.0 0.0 
2014 1 0.0 0.0 0.0 0.0 0.0 0.0 0.0 
2015 1 0.0 0.0 0.0 0.0 0.0 0.0 0.0 
2016 1 0.0 0.0 0.0 0.0 0.0 0.0 0.0 
2017 1 0.0 0.0 0.0 0.0 0.0 0.0 0.0 
2018 1 0.0 0.0 0.0 0.0 0.0 0.0 0.0 
2019 1 0.0 0.0 0.0 0.0 0.0 0.0 0.0 
2020 1 0.0 0.0 0.0 0.0 0.0 0.0 0.0 
2021 1 0.0 0.0 0.0 0.0 0.0 0.0 0.0 
2022 1 0.0 0.0 0.0 0.0 0.0 0.0 0.0 
2023 1 0.0 0.0 0.0 0.0 0.0 0.0 0.0 
2024 1 0.0 0.0 0.0 0.0 0.0 0.0 0.0 
2025 1 0.0 0.0 0.0 0.0 0.0 0.0 0.0 
2026 1 0.0 0.0 0.0 0.0 0.0 0.0 0.0 
2027 1 0.0 0.0 0.0 0.0 0.0 0.0 0.0 
2028 1 0.0 0.0 0.0 0.0 0.0 0.0 0.0 
2029 1 0.0 0.0 0.0 0.0 0.0 0.0 0.0 
2030 1 0.0 0.0 0.0 0.0 0.0 0.0 0.0 
2031 1 0.0 0.0 0.0 0.0 0.0 0.0 0.0 
2032 1 0.0 0.0 0.0 0.0 0.0 0.0 0.0 
2033 1 0.0 0.0 0.0 0.0 0.0 0.0 0.0 
2034 1 0.0 0.0 0.0 0.0 0.0 0.0 0.0 
2035 1 0.0 0.0 0.0 0.0 0.0 0.0 0.0 
2036 1 0.0 0.0 0.0 0.0 0.0 0.0 0.0 
2037 1 0.0 0.0 0.0 0.0 0.0 0.0 0.0 
2038 1 0.0 0.0 0.0 0.0 0.0 0.0 0.0 
2039 1 0.0 0.0 0.0 0.0 0.0 0.0 0.0 
2040 1 0.0 0.0 0.0 0.0 0.0 0.0 0.0 
2041 1 0.0 0.0 0.0 0.0 0.0 0.0 0.0 
2042 1 0.0 0.0 0.0 0.0 0.0 0.0 0.0 
2043 1 0.0 0.0 0.0 0.0 0.0 0.0 0.0 
2044 1 0.0 0.0 0.0 0.0 0.0 0.0 0.0 
2045 1 0.0 0.0 0.0 0.0 0.0 0.0 0.0 
2046 1 0.0 0.0 0.0 0.0 0.0 0.0 0.0 
2047 1 0.0 0.0 0.0 0.0 0.0 0.0 0.0 
2048 1 0.0 0.0 0.0 0.0 0.0 0.0 0.0 
2049 1 0.0 0.0 0.0 0.0 0.0 0.0 0.0 
2050 1 0.0 0.0 0.0 0.0 0.0 0.0 0.0 
2051 1 0.0 0.0 0.0 0.0 0.0 0.0 0.0 
2052 1 0.0 0.0 0.0 0.0 0.0 0.0 0.0 
2053 1 0.0 0.0 0.0 0.0 0.0 0.0 0.0 
2054 1 0.0 0.0 0.0 0.0 0.0 0.0 0.0 
2055 1 0.0 0.0 0.0 0.0 0.0 0.0 0.0 
2056 1 0.0 0.0 0.0 0.0 0.0 0.0 0.0 
2057 1 0.0 0.0 0.0 0.0 0.0 0.0 0.0 
2058 1 0.0 0.0 0.0 0.0 0.0 0.0 0.0 
2059 1 0.0 0.0 0.0 0.0 0.0 0.0 0.0 
2060 1 0.0 0.0 0.0 0.0 0.0 0.0 0.0 
2061 1 0.0 0.0 0.0 0.0 0.0 0.0 0.0 
2062 1 0.0 0.0 0.0 0.0 0.0 0.0 0.0 
2063 1 0.0 0.0 0.0 0.0 0.0 0.0 0.0 
2064 1 0.0 0.0 0.0 0.0 0.0 0.0 0.0 
2065 1 0.0 0.0 0.0 0.0 0.0 0.0 0.0 
2066 1 0.0 0.0 0.0 0.0 0.0 0.0 0.0 
2067 1 0.0 0.0 0.0 0.0 0.0 0.0 0.0 
2068 1 0.0 0.0 0.0 0.0 0.0 0.0 0.0 
2069 1 0.0 0.0 0.0 0.0 0.0 0.0 0.0 
2070 1 0.0 0.0 0.0 0.0 0.0 0.0 0.0 
2071 1 0.0 0.0 0.0 0.0 0.0 0.0 0.0 
2072 1 0.0 0.0 0.0 0.0 0.0 0.0 0.0 
2073 1 0.0 0.0 0.0 0.0 0.0 0.0 0.0 
2074 1 0.0 0.0 0.0 0.0 0.0 0.0 0.0 
2075 1 0.0 0.0 0.0 0.0 0.0 0.0 0.0 
2076 1 0.0 0.0 0.0 0.0 0.0 0.0 0.0 
2077 1 0.0 0.0 0.0 0.0 0.0 0.0 0.0 
2078 1 0.0 0.0 0.0 0.0 0.0 0.0 0.0 
2079 1 0.0 0.0 0.0 0.0 0.0 0.0 0.0 
2080 1 0.0 0.0 0.0 0.0 0.0 0.0 0.0 
2081 1 0.0 0.0 0.0 0.0 0.0 0.0 0.0 
2082 1 0.0 0.0 0.0 0.0 0.0 0.0 0.0 
2083 1 0.0 0.0 0.0 0.0 0.0 0.0 0.0 
2084 1 0.0 0.0 0.0 0.0 0.0 0.0 0.0 
2085 1 0.0 0.0 0.0 0.0 0.0 0.0 0.0 
2086 1 0.0 0.0 0.0 0.0 0.0 0.0 0.0 
2087 1 0.0 0.0 0.0 0.0 0.0 0.0 0.0 
2088 1 0.0 0.0 0.0 0.0 0.0 0.0 0.0 
2089 1 0.0 0.0 0.0 0.0 0.0 0.0 0.0 
2090 1 0.0 0.0 0.0 0.0 0.0 0.0 0.0 
2091 1 0.0 0.0 0.0 0.0 0.0 0.0 0.0 
2092 1 0.0 0.0 0.0 0.0 0.0 0.0 0.0 
2093 1 0.0 0.0 0.0 0.0 0.0 0.0 0.0 
2094 1 0.0 0.0 0.0 0.0 0.0 0.0 0.0 
2095 1 0.0 0.0 0.0 0.0 0.0 0.0 0.0 
2096 1 0.0 0.0 0.0 0.0 0.0 0.0 0.0 
2097 1 0.0 0.0 0.0 0.0 0.0 0.0 0.0 
2098 1 0.0 0.0 0.0 0.0 0.0 0.0 0.0 
2099 1 0.0 0.0 0.0 0.0 0.0 0.0 0.0 
2100 1 0.0 0.0 0.0 0.0 0.0 0.0 0.0 
2101 1 0.0 0.0 0.0 0.0 0.0 0.0 0.0 
2102 1 0.0 0.0 0.0 0.0 0.0 0.0 0.0 
2103 1 0.0 0.0 0.0 0.0 0.0 0.0 0.0 
2104 1 0.0 0.0 0.0 0.0 0.0 0.0 0.0 
2105 1 0.0 0.0 0.0 0.0 0.0 0.0 0.0 
2106 1 0.0 0.0 0.0 0.0 0.0 0.0 0.0 
2107 1 0.0 0.0 0.0 0.0 0.0 0.0 0.0 
2108 1 0.0 0.0 0.0 0.0 0.0 0.0 0.0 
2109 1 0.0 0.0 0.0 0.0 0.0 0.0 0.0 
2110 1 0.0 0.0 0.0 0.0 0.0 0.0 0.0 
2111 1 0.0 0.0 0.0 0.0 0.0 0.0 0.0 
2112 1 0.0 0.0 0.0 0.0 0.0 0.0 0.0 
2113 1 0.0 0.0 0.0 0.0 0.0 0.0 0.0 
2114 1 0.0 0.0 0.0 0.0 0.0 0.0 0.0 
2115 1 0.0 0.0 0.0 0.0 0.0 0.0 0.0 
2116 1 0.0 0.0 0.0 0.0 0.0 0.0 0.0 
2117 1 0.0 0.0 0.0 0.0 0.0 0.0 0.0 
2118 1 0.0 0.0 0.0 0.0 0.0 0.0 0.0 
2119 1 0.0 0.0 0.0 0.0 0.0 0.0 0.0 
2120 1 0.0 0.0 0.0 0.0 0.0 0.0 0.0 
2121 1 0.0 0.0 0.0 0.0 0.0 0.0 0.0 
2122 1 0.0 0.0 0.0 0.0 0.0 0.0 0.0 
2123 1 0.0 0.0 0.0 0.0 0.0 0.0 0.0 
2124 1 0.0 0.0 0.0 0.0 0.0 0.0 0.0 
2125 1 0.0 0.0 0.0 0.0 0.0 0.0 0.0 
2126 1 0.0 0.0 0.0 0.0 0.0 0.0 0.0 
2127 1 0.0 0.0 0.0 0.0 0.0 0.0 0.0 
2128 1 0.0 0.0 0.0 0.0 0.0 0.0 0.0 
2129 1 0.0 0.0 0.0 0.0 0.0 0.0 0.0 
2130 1 0.0 0.0 0.0 0.0 0.0 0.0 0.0 
2131 1 0.0 0.0 0.0 0.0 0.0 0.0 0.0 
2132 1 0.0 0.0 0.0 0.0 0.0 0.0 0.0 
2133 1 0.0 0.0 0.0 0.0 0.0 0.0 0.0 
2134 1 0.0 0.0 0.0 0.0 0.0 0.0 0.0 
2135 1 0.0 0.0 0.0 0.0 0.0 0.0 0.0 
2136 1 0.0 0.0 0.0 0.0 0.0 0.0 0.0 
2137 1 0.0 0.0 0.0 0.0 0.0 0.0 0.0 
2138 1 0.0 0.0 0.0 0.0 0.0 0.0 0.0 
2139 1 0.0 0.0 0.0 0.0 0.0 0.0 0.0 
2140 1 0.0 0.0 0.0 0.0 0.0 0.0 0.0 
2141 1 0.0 0.0 0.0 0.0 0.0 0.0 0.0 
2142 1 0.0 0.0 0.0 0.0 0.0 0.0 0.0 
2143 1 0.0 0.0 0.0 0.0 0.0 0.0 0.0 
2144 1 0.0 0.0 0.0 0.0 0.0 0.0 0.0 
2145 1 0.0 0.0 0.0 0.0 0.0 0.0 0.0 
2146 1 0.0 0.0 0.0 0.0 0.0 0.0 0.0 
2147 1 0.0 0.0 0.0 0.0 0.0 0.0 0.0 
2148 1 0.0 0.0 0.0 0.0 0.0 0.0 0.0 
2149 1 0.0 0.0 0.0 0.0 0.0 0.0 0.0 
2150 1 0.0 0.0 0.0 0.0 0.0 0.0 0.0 
2151 1 0.0 0.0 0.0 0.0 0.0 0.0 0.0 
2152 1 0.0 0.0 0.0 0.0 0.0 0.0 0.0 
2153 1 0.0 0.0 0.0 0.0 0.0 0.0 0.0 
2154 1 0.0 0.0 0.0 0.0 0.0 0.0 0.0 
2155 1 0.0 0.0 0.0 0.0 0.0 0.0 0.0 
2156 1 0.0 0.0 0.0 0.0 0.0 0.0 0.0 
2157 1 0.0 0.0 0.0 0.0 0.0 0.0 0.0 
2158 1 0.0 0.0 0.0 0.0 0.0 0.0 0.0 
2159 1 0.0 0.0 0.0 0.0 0.0 0.0 0.0 
2160 1 0.0 0.0 0.0 0.0 0.0 0.0 0.0 
2161 1 0.0 0.0 0.0 0.0 0.0 0.0 0.0 
2162 1 0.0 0.0 0.0 0.0 0.0 0.0 0.0 
2163 1 0.0 0.0 0.0 0.0 0.0 0.0 0.0 
2164 1 0.0 0.0 0.0 0.0 0.0 0.0 0.0 
2165 1 0.0 0.0 0.0 0.0 0.0 0.0 0.0 
2166 1 0.0 0.0 0.0 0.0 0.0 0.0 0.0 
2167 1 0.0 0.0 0.0 0.0 0.0 0.0 0.0 
2168 1 0.0 0.0 0.0 0.0 0.0 0.0 0.0 
2169 1 0.0 0.0 0.0 0.0 0.0 0.0 0.0 
2170 1 0.0 0.0 0.0 0.0 0.0 0.0 0.0 
2171 1 0.0 0.0 0.0 0.0 0.0 0.0 0.0 
2172 1 0.0 0.0 0.0 0.0 0.0 0.0 0.0 
2173 1 0.0 0.0 0.0 0.0 0.0 0.0 0.0 
2174 1 0.0 0.0 0.0 0.0 0.0 0.0 0.0 
2175 1 0.0 0.0 0.0 0.0 0.0 0.0 0.0 
2176 1 0.0 0.0 0.0 0.0 0.0 0.0 0.0 
2177 1 0.0 0.0 0.0 0.0 0.0 0.0 0.0 
2178 1 0.0 0.0 0.0 0.0 0.0 0.0 0.0 
2179 1 0.0 0.0 0.0 0.0 0.0 0.0 0.0 
2180 1 0.0 0.0 0.0 0.0 0.0 0.0 0.0 
2181 1 0.0 0.0 0.0 0.0 0.0 0.0 0.0 
2182 1 0.0 0.0 0.0 0.0 0.0 0.0 0.0 
2183 1 0.0 0.0 0.0 0.0 0.0 0.0 0.0 
2184 1 0.0 0.0 0.0 0.0 0.0 0.0 0.0 
2185 1 0.0 0.0 0.0 0.0 0.0 0.0 0.0 
2186 1 0.0 0.0 0.0 0.0 0.0 0.0 0.0 
2187 1 0.0 0.0 0.0 0.0 0.0 0.0 0.0 
2188 1 0.0 0.0 0.0 0.0 0.0 0.0 0.0 
2189 1 0.0 0.0 0.0 0.0 0.0 0.0 0.0 
2190 1 0.0 0.0 0.0 0.0 0.0 0.0 0.0 
2191 1 0.0 0.0 0.0 0.0 0.0 0.0 0.0 
2192 1 0.0 0.0 0.0 0.0 0.0 0.0 0.0 
2193 1 0.0 0.0 0.0 0.0 0.0 0.0 0.0 
2194 1 0.0 0.0 0.0 0.0 0.0 0.0 0.0 
2195 1 0.0 0.0 0.0 0.0 0.0 0.0 0.0 
2196 1 0.0 0.0 0.0 0.0 0.0 0.0 0.0 
2197 1 0.0 0.0 0.0 0.0 0.0 0.0 0.0 
2198 1 0.0 0.0 0.0 0.0 0.0 0.0 0.0 
2199 1 0.0 0.0 0.0 0.0 0.0 0.0 0.0 
2200 1 0.0 0.0 0.0 0.0 0.0 0.0 0.0 
2201 1 0.0 0.0 0.0 0.0 0.0 0.0 0.0 
2202 1 0.0 0.0 0.0 0.0 0.0 0.0 0.0 
2203 1 0.0 0.0 0.0 0.0 0.0 0.0 0.0 
2204 1 0.0 0.0 0.0 0.0 0.0 0.0 0.0 
2205 1 0.0 0.0 0.0 0.0 0.0 0.0 0.0 
2206 1 0.0 0.0 0.0 0.0 0.0 0.0 0.0 
2207 1 0.0 0.0 0.0 0.0 0.0 0.0 0.0 
2208 1 0.0 0.0 0.0 0.0 0.0 0.0 0.0 
2209 1 0.0 0.0 0.0 0.0 0.0 0.0 0.0 
2210 1 0.0 0.0 0.0 0.0 0.0 0.0 0.0 
2211 1 0.0 0.0 0.0 0.0 0.0 0.0 0.0 
2212 1 0.0 0.0 0.0 0.0 0.0 0.0 0.0 
2213 1 0.0 0.0 0.0 0.0 0.0 0.0 0.0 
2214 1 0.0 0.0 0.0 0.0 0.0 0.0 0.0 
2215 1 0.0 0.0 0.0 0.0 0.0 0.0 0.0 
2216 1 0.0 0.0 0.0 0.0 0.0 0.0 0.0 
2217 1 0.0 0.0 0.0 0.0 0.0 0.0 0.0 
2218 1 0.0 0.0 0.0 0.0 0.0 0.0 0.0 
2219 1 0.0 0.0 0.0 0.0 0.0 0.0 0.0 
2220 1 0.0 0.0 0.0 0.0 0.0 0.0 0.0 
2221 1 0.0 0.0 0.0 0.0 0.0 0.0 0.0 
2222 1 0.0 0.0 0.0 0.0 0.0 0.0 0.0 
2223 1 0.0 0.0 0.0 0.0 0.0 0.0 0.0 
2224 1 0.0 0.0 0.0 0.0 0.0 0.0 0.0 
2225 1 0.0 0.0 0.0 0.0 0.0 0.0 0.0 
2226 1 0.0 0.0 0.0 0.0 0.0 0.0 0.0 
2227 1 0.0 0.0 0.0 0.0 0.0 0.0 0.0 
2228 1 0.0 0.0 0.0 0.0 0.0 0.0 0.0 
2229 1 0.0 0.0 0.0 0.0 0.0 0.0 0.0 
2230 1 0.0 0.0 0.0 0.0 0.0 0.0 0.0 
2231 1 0.0 0.0 0.0 0.0 0.0 0.0 0.0 
2232 1 0.0 0.0 0.0 0.0 0.0 0.0 0.0 
2233 1 0.0 0.0 0.0 0.0 0.0 0.0 0.0 
2234 1 0.0 0.0 0.0 0.0 0.0 0.0 0.0 
2235 1 0.0 0.0 0.0 0.0 0.0 0.0 0.0 
2236 1 0.0 0.0 0.0 0.0 0.0 0.0 0.0 
2237 1 0.0 0.0 0.0 0.0 0.0 0.0 0.0 
2238 1 0.0 0.0 0.0 0.0 0.0 0.0 0.0 
2239 1 0.0 0.0 0.0 0.0 0.0 0.0 0.0 
2240 1 0.0 0.0 0.0 0.0 0.0 0.0 0.0 
2241 1 0.0 0.0 0.0 0.0 0.0 0.0 0.0 
2242 1 0.0 0.0 0.0 0.0 0.0 0.0 0.0 
2243 1 0.0 0.0 0.0 0.0 0.0 0.0 0.0 
2244 1 0.0 0.0 0.0 0.0 0.0 0.0 0.0 
2245 1 0.0 0.0 0.0 0.0 0.0 0.0 0.0 
2246 1 0.0 0.0 0.0 0.0 0.0 0.0 0.0 
2247 1 0.0 0.0 0.0 0.0 0.0 0.0 0.0 
2248 1 0.0 0.0 0.0 0.0 0.0 0.0 0.0 
2249 1 0.0 0.0 0.0 0.0 0.0 0.0 0.0 
2250 1 0.0 0.0 0.0 0.0 0.0 0.0 0.0 
2251 1 0.0 0.0 0.0 0.0 0.0 0.0 0.0 
2252 1 0.0 0.0 0.0 0.0 0.0 0.0 0.0 
2253 1 0.0 0.0 0.0 0.0 0.0 0.0 0.0 
2254 1 0.0 0.0 0.0 0.0 0.0 0.0 0.0 
2255 1 0.0 0.0 0.0 0.0 0.0 0.0 0.0 
2256 1 0.0 0.0 0.0 0.0 0.0 0.0 0.0 
2257 1 0.0 0.0 0.0 0.0 0.0 0.0 0.0 
2258 1 0.0 0.0 0.0 0.0 0.0 0.0 0.0 
2259 1 0.0 0.0 0.0 0.0 0.0 0.0 0.0 
2260 1 0.0 0.0 0.0 0.0 0.0 0.0 0.0 
2261 1 0.0 0.0 0.0 0.0 0.0 0.0 0.0 
2262 1 0.0 0.0 0.0 0.0 0.0 0.0 0.0 
2263 1 0.0 0.0 0.0 0.0 0.0 0.0 0.0 
2264 1 0.0 0.0 0.0 0.0 0.0 0.0 0.0 
2265 1 0.0 0.0 0.0 0.0 0.0 0.0 0.0 
2266 1 0.0 0.0 0.0 0.0 0.0 0.0 0.0 
2267 1 0.0 0.0 0.0 0.0 0.0 0.0 0.0 
2268 1 0.0 0.0 0.0 0.0 0.0 0.0 0.0 
2269 1 0.0 0.0 0.0 0.0 0.0 0.0 0.0 
2270 1 0.0 0.0 0.0 0.0 0.0 0.0 0.0 
2271 1 0.0 0.0 0.0 0.0 0.0 0.0 0.0 
2272 1 0.0 0.0 0.0 0.0 0.0 0.0 0.0 
2273 1 0.0 0.0 0.0 0.0 0.0 0.0 0.0 
2274 1 0.0 0.0 0.0 0.0 0.0 0.0 0.0 
2275 1 0.0 0.0 0.0 0.0 0.0 0.0 0.0 
2276 1 0.0 0.0 0.0 0.0 0.0 0.0 0.0 
2277 1 0.0 0.0 0.0 0.0 0.0 0.0 0.0 
2278 1 0.0 0.0 0.0 0.0 0.0 0.0 0.0 
2279 1 0.0 0.0 0.0 0.0 0.0 0.0 0.0 
2280 1 0.0 0.0 0.0 0.0 0.0 0.0 0.0 
2281 1 0.0 0.0 0.0 0.0 0.0 0.0 0.0 
2282 1 0.0 0.0 0.0 0.0 0.0 0.0 0.0 
2283 1 0.0 0.0 0.0 0.0 0.0 0.0 0.0 
2284 1 0.0 0.0 0.0 0.0 0.0 0.0 0.0 
2285 1 0.0 0.0 0.0 0.0 0.0 0.0 0.0 
2286 1 0.0 0.0 0.0 0.0 0.0 0.0 0.0 
2287 1 0.0 0.0 0.0 0.0 0.0 0.0 0.0 
2288 1 0.0 0.0 0.0 0.0 0.0 0.0 0.0 
2289 1 0.0 0.0 0.0 0.0 0.0 0.0 0.0 
2290 1 0.0 0.0 0.0 0.0 0.0 0.0 0.0 
2291 1 0.0 0.0 0.0 0.0 0.0 0.0 0.0 
2292 1 0.0 0.0 0.0 0.0 0.0 0.0 0.0 
2293 1 0.0 0.0 0.0 0.0 0.0 0.0 0.0 
2294 1 0.0 0.0 0.0 0.0 0.0 0.0 0.0 
2295 1 0.0 0.0 0.0 0.0 0.0 0.0 0.0 
2296 1 0.0 0.0 0.0 0.0 0.0 0.0 0.0 
2297 1 0.0 0.0 0.0 0.0 0.0 0.0 0.0 
2298 1 0.0 0.0 0.0 0.0 0.0 0.0 0.0 
2299 1 0.0 0.0 0.0 0.0 0.0 0.0 0.0 
2300 1 0.0 0.0 0.0 0.0 0.0 0.0 0.0 
2301 1 0.0 0.0 0.0 0.0 0.0 0.0 0.0 
2302 1 0.0 0.0 0.0 0.0 0.0 0.0 0.0 
2303 1 0.0 0.0 0.0 0.0 0.0 0.0 0.0 
2304 1 0.0 0.0 0.0 0.0 0.0 0.0 0.0 
2305 1 0.0 0.0 0.0 0.0 0.0 0.0 0.0 
2306 1 0.0 0.0 0.0 0.0 0.0 0.0 0.0 
2307 1 0.0 0.0 0.0 0.0 0.0 0.0 0.0 
2308 1 0.0 0.0 0.0 0.0 0.0 0.0 0.0 
2309 1 0.0 0.0 0.0 0.0 0.0 0.0 0.0 
2310 1 0.0 0.0 0.0 0.0 0.0 0.0 0.0 
2311 1 0.0 0.0 0.0 0.0 0.0 0.0 0.0 
2312 1 0.0 0.0 0.0 0.0 0.0 0.0 0.0 
2313 1 0.0 0.0 0.0 0.0 0.0 0.0 0.0 
2314 1 0.0 0.0 0.0 0.0 0.0 0.0 0.0 
2315 1 0.0 0.0 0.0 0.0 0.0 0.0 0.0 
2316 1 0.0 0.0 0.0 0.0 0.0 0.0 0.0 
2317 1 0.0 0.0 0.0 0.0 0.0 0.0 0.0 
2318 1 0.0 0.0 0.0 0.0 0.0 0.0 0.0 
2319 1 0.0 0.0 0.0 0.0 0.0 0.0 0.0 
2320 1 0.0 0.0 0.0 0.0 0.0 0.0 0.0 
2321 1 0.0 0.0 0.0 0.0 0.0 0.0 0.0 
2322 1 0.0 0.0 0.0 0.0 0.0 0.0 0.0 
2323 1 0.0 0.0 0.0 0.0 0.0 0.0 0.0 
2324 1 0.0 0.0 0.0 0.0 0.0 0.0 0.0 
2325 1 0.0 0.0 0.0 0.0 0.0 0.0 0.0 
2326 1 0.0 0.0 0.0 0.0 0.0 0.0 0.0 
2327 1 0.0 0.0 0.0 0.0 0.0 0.0 0.0 
2328 1 0.0 0.0 0.0 0.0 0.0 0.0 0.0 
2329 1 0.0 0.0 0.0 0.0 0.0 0.0 0.0 
2330 1 0.0 0.0 0.0 0.0 0.0 0.0 0.0 
2331 1 0.0 0.0 0.0 0.0 0.0 0.0 0.0 
2332 1 0.0 0.0 0.0 0.0 0.0 0.0 0.0 
2333 1 0.0 0.0 0.0 0.0 0.0 0.0 0.0 
2334 1 0.0 0.0 0.0 0.0 0.0 0.0 0.0 
2335 1 0.0 0.0 0.0 0.0 0.0 0.0 0.0 
2336 1 0.0 0.0 0.0 0.0 0.0 0.0 0.0 
2337 1 0.0 0.0 0.0 0.0 0.0 0.0 0.0 
2338 1 0.0 0.0 0.0 0.0 0.0 0.0 0.0 
2339 1 0.0 0.0 0.0 0.0 0.0 0.0 0.0 
2340 1 0.0 0.0 0.0 0.0 0.0 0.0 0.0 
2341 1 0.0 0.0 0.0 0.0 0.0 0.0 0.0 
2342 1 0.0 0.0 0.0 0.0 0.0 0.0 0.0 
2343 1 0.0 0.0 0.0 0.0 0.0 0.0 0.0 
2344 1 0.0 0.0 0.0 0.0 0.0 0.0 0.0 
2345 1 0.0 0.0 0.0 0.0 0.0 0.0 0.0 
2346 1 0.0 0.0 0.0 0.0 0.0 0.0 0.0 
2347 1 0.0 0.0 0.0 0.0 0.0 0.0 0.0 
2348 1 0.0 0.0 0.0 0.0 0.0 0.0 0.0 
2349 1 0.0 0.0 0.0 0.0 0.0 0.0 0.0 
2350 1 0.0 0.0 0.0 0.0 0.0 0.0 0.0 
2351 1 0.0 0.0 0.0 0.0 0.0 0.0 0.0 
2352 1 0.0 0.0 0.0 0.0 0.0 0.0 0.0 
2353 1 0.0 0.0 0.0 0.0 0.0 0.0 0.0 
2354 1 0.0 0.0 0.0 0.0 0.0 0.0 0.0 
2355 1 0.0 0.0 0.0 0.0 0.0 0.0 0.0 
2356 1 0.0 0.0 0.0 0.0 0.0 0.0 0.0 
2357 1 0.0 0.0 0.0 0.0 0.0 0.0 0.0 
2358 1 0.0 0.0 0.0 0.0 0.0 0.0 0.0 
2359 1 0.0 0.0 0.0 0.0 0.0 0.0 0.0 
2360 1 0.0 0.0 0.0 0.0 0.0 0.0 0.0 
2361 1 0.0 0.0 0.0 0.0 0.0 0.0 0.0 
2362 1 0.0 0.0 0.0 0.0 0.0 0.0 0.0 
2363 1 0.0 0.0 0.0 0.0 0.0 0.0 0.0 
2364 1 0.0 0.0 0.0 0.0 0.0 0.0 0.0 
2365 1 0.0 0.0 0.0 0.0 0.0 0.0 0.0 
2366 1 0.0 0.0 0.0 0.0 0.0 0.0 0.0 
2367 1 0.0 0.0 0.0 0.0 0.0 0.0 0.0 
2368 1 0.0 0.0 0.0 0.0 0.0 0.0 0.0 
2369 1 0.0 0.0 0.0 0.0 0.0 0.0 0.0 
2370 1 0.0 0.0 0.0 0.0 0.0 0.0 0.0 
2371 1 0.0 0.0 0.0 0.0 0.0 0.0 0.0 
2372 1 0.0 0.0 0.0 0.0 0.0 0.0 0.0 
2373 1 0.0 0.0 0.0 0.0 0.0 0.0 0.0 
2374 1 0.0 0.0 0.0 0.0 0.0 0.0 0.0 
2375 1 0.0 0.0 0.0 0.0 0.0 0.0 0.0 
2376 1 0.0 0.0 0.0 0.0 0.0 0.0 0.0 
2377 1 0.0 0.0 0.0 0.0 0.0 0.0 0.0 
2378 1 0.0 0.0 0.0 0.0 0.0 0.0 0.0 
2379 1 0.0 0.0 0.0 0.0 0.0 0.0 0.0 
2380 1 0.0 0.0 0.0 0.0 0.0 0.0 0.0 
2381 1 0.0 0.0 0.0 0.0 0.0 0.0 0.0 
2382 1 0.0 0.0 0.0 0.0 0.0 0.0 0.0 
2383 1 0.0 0.0 0.0 0.0 0.0 0.0 0.0 
2384 1 0.0 0.0 0.0 0.0 0.0 0.0 0.0 
2385 1 0.0 0.0 0.0 0.0 0.0 0.0 0.0 
2386 1 0.0 0.0 0.0 0.0 0.0 0.0 0.0 
2387 1 0.0 0.0 0.0 0.0 0.0 0.0 0.0 
2388 1 0.0 0.0 0.0 0.0 0.0 0.0 0.0 
2389 1 0.0 0.0 0.0 0.0 0.0 0.0 0.0 
2390 1 0.0 0.0 0.0 0.0 0.0 0.0 0.0 
2391 1 0.0 0.0 0.0 0.0 0.0 0.0 0.0 
2392 1 0.0 0.0 0.0 0.0 0.0 0.0 0.0 
2393 1 0.0 0.0 0.0 0.0 0.0 0.0 0.0 
2394 1 0.0 0.0 0.0 0.0 0.0 0.0 0.0 
2395 1 0.0 0.0 0.0 0.0 0.0 0.0 0.0 
2396 1 0.0 0.0 0.0 0.0 0.0 0.0 0.0 
2397 1 0.0 0.0 0.0 0.0 0.0 0.0 0.0 
2398 1 0.0 0.0 0.0 0.0 0.0 0.0 0.0 
2399 1 0.0 0.0 0.0 0.0 0.0 0.0 0.0 
2400 1 0.0 0.0 0.0 0.0 0.0 0.0 0.0 
2401 1 0.0 0.0 0.0 0.0 0.0 0.0 0.0 
2402 1 0.0 0.0 0.0 0.0 0.0 0.0 0.0 
2403 1 0.0 0.0 0.0 0.0 0.0 0.0 0.0 
2404 1 0.0 0.0 0.0 0.0 0.0 0.0 0.0 
2405 1 0.0 0.0 0.0 0.0 0.0 0.0 0.0 
2406 1 0.0 0.0 0.0 0.0 0.0 0.0 0.0 
2407 1 0.0 0.0 0.0 0.0 0.0 0.0 0.0 
2408 1 0.0 0.0 0.0 0.0 0.0 0.0 0.0 
2409 1 0.0 0.0 0.0 0.0 0.0 0.0 0.0 
2410 1 0.0 0.0 0.0 0.0 0.0 0.0 0.0 
2411 1 0.0 0.0 0.0 0.0 0.0 0.0 0.0 
2412 1 0.0 0.0 0.0 0.0 0.0 0.0 0.0 
2413 1 0.0 0.0 0.0 0.0 0.0 0.0 0.0 
2414 1 0.0 0.0 0.0 0.0 0.0 0.0 0.0 
2415 1 0.0 0.0 0.0 0.0 0.0 0.0 0.0 
2416 1 0.0 0.0 0.0 0.0 0.0 0.0 0.0 
2417 1 0.0 0.0 0.0 0.0 0.0 0.0 0.0 
2418 1 0.0 0.0 0.0 0.0 0.0 0.0 0.0 
2419 1 0.0 0.0 0.0 0.0 0.0 0.0 0.0 
2420 1 0.0 0.0 0.0 0.0 0.0 0.0 0.0 
2421 1 0.0 0.0 0.0 0.0 0.0 0.0 0.0 
2422 1 0.0 0.0 0.0 0.0 0.0 0.0 0.0 
2423 1 0.0 0.0 0.0 0.0 0.0 0.0 0.0 
2424 1 0.0 0.0 0.0 0.0 0.0 0.0 0.0 
2425 1 0.0 0.0 0.0 0.0 0.0 0.0 0.0 
2426 1 0.0 0.0 0.0 0.0 0.0 0.0 0.0 
2427 1 0.0 0.0 0.0 0.0 0.0 0.0 0.0 
2428 1 0.0 0.0 0.0 0.0 0.0 0.0 0.0 
2429 1 0.0 0.0 0.0 0.0 0.0 0.0 0.0 
2430 1 0.0 0.0 0.0 0.0 0.0 0.0 0.0 
2431 1 0.0 0.0 0.0 0.0 0.0 0.0 0.0 
2432 1 0.0 0.0 0.0 0.0 0.0 0.0 0.0 
2433 1 0.0 0.0 0.0 0.0 0.0 0.0 0.0 
2434 1 0.0 0.0 0.0 0.0 0.0 0.0 0.0 
2435 1 0.0 0.0 0.0 0.0 0.0 0.0 0.0 
2436 1 0.0 0.0 0.0 0.0 0.0 0.0 0.0 
2437 1 0.0 0.0 0.0 0.0 0.0 0.0 0.0 
2438 1 0.0 0.0 0.0 0.0 0.0 0.0 0.0 
2439 1 0.0 0.0 0.0 0.0 0.0 0.0 0.0 
2440 1 0.0 0.0 0.0 0.0 0.0 0.0 0.0 
2441 1 0.0 0.0 0.0 0.0 0.0 0.0 0.0 
2442 1 0.0 0.0 0.0 0.0 0.0 0.0 0.0 
2443 1 0.0 0.0 0.0 0.0 0.0 0.0 0.0 
2444 1 0.0 0.0 0.0 0.0 0.0 0.0 0.0 
2445 1 0.0 0.0 0.0 0.0 0.0 0.0 0.0 
2446 1 0.0 0.0 0.0 0.0 0.0 0.0 0.0 
2447 1 0.0 0.0 0.0 0.0 0.0 0.0 0.0 
2448 1 0.0 0.0 0.0 0.0 0.0 0.0 0.0 
2449 1 0.0 0.0 0.0 0.0 0.0 0.0 0.0 
2450 1 0.0 0.0 0.0 0.0 0.0 0.0 0.0 
2451 1 0.0 0.0 0.0 0.0 0.0 0.0 0.0 
2452 1 0.0 0.0 0.0 0.0 0.0 0.0 0.0 
2453 1 0.0 0.0 0.0 0.0 0.0 0.0 0.0 
2454 1 0.0 0.0 0.0 0.0 0.0 0.0 0.0 
2455 1 0.0 0.0 0.0 0.0 0.0 0.0 0.0 
2456 1 0.0 0.0 0.0 0.0 0.0 0.0 0.0 
2457 1 0.0 0.0 0.0 0.0 0.0 0.0 0.0 
2458 1 0.0 0.0 0.0 0.0 0.0 0.0 0.0 
2459 1 0.0 0.0 0.0 0.0 0.0 0.0 0.0 
2460 1 0.0 0.0 0.0 0.0 0.0 0.0 0.0 
2461 1 0.0 0.0 0.0 0.0 0.0 0.0 0.0 
2462 1 0.0 0.0 0.0 0.0 0.0 0.0 0.0 
2463 1 0.0 0.0 0.0 0.0 0.0 0.0 0.0 
2464 1 0.0 0.0 0.0 0.0 0.0 0.0 0.0 
2465 1 0.0 0.0 0.0 0.0 0.0 0.0 0.0 
2466 1 0.0 0.0 0.0 0.0 0.0 0.0 0.0 
2467 1 0.0 0.0 0.0 0.0 0.0 0.0 0.0 
2468 1 0.0 0.0 0.0 0.0 0.0 0.0 0.0 
2469 1 0.0 0.0 0.0 0.0 0.0 0.0 0.0 
2470 1 0.0 0.0 0.0 0.0 0.0 0.0 0.0 
2471 1 0.0 0.0 0.0 0.0 0.0 0.0 0.0 
2472 1 0.0 0.0 0.0 0.0 0.0 0.0 0.0 
2473 1 0.0 0.0 0.0 0.0 0.0 0.0 0.0 
2474 1 0.0 0.0 0.0 0.0 0.0 0.0 0.0 
2475 1 0.0 0.0 0.0 0.0 0.0 0.0 0.0 
2476 1 0.0 0.0 0.0 0.0 0.0 0.0 0.0 
2477 1 0.0 0.0 0.0 0.0 0.0 0.0 0.0 
2478 1 0.0 0.0 0.0 0.0 0.0 0.0 0.0 
2479 1 0.0 0.0 0.0 0.0 0.0 0.0 0.0 
2480 1 0.0 0.0 0.0 0.0 0.0 0.0 0.0 
2481 1 0.0 0.0 0.0 0.0 0.0 0.0 0.0 
2482 1 0.0 0.0 0.0 0.0 0.0 0.0 0.0 
2483 1 0.0 0.0 0.0 0.0 0.0 0.0 0.0 
2484 1 0.0 0.0 0.0 0.0 0.0 0.0 0.0 
2485 1 0.0 0.0 0.0 0.0 0.0 0.0 0.0 
2486 1 0.0 0.0 0.0 0.0 0.0 0.0 0.0 
2487 1 0.0 0.0 0.0 0.0 0.0 0.0 0.0 
2488 1 0.0 0.0 0.0 0.0 0.0 0.0 0.0 
2489 1 0.0 0.0 0.0 0.0 0.0 0.0 0.0 
2490 1 0.0 0.0 0.0 0.0 0.0 0.0 0.0 
2491 1 0.0 0.0 0.0 0.0 0.0 0.0 0.0 
2492 1 0.0 0.0 0.0 0.0 0.0 0.0 0.0 
2493 1 0.0 0.0 0.0 0.0 0.0 0.0 0.0 
2494 1 0.0 0.0 0.0 0.0 0.0 0.0 0.0 
2495 1 0.0 0.0 0.0 0.0 0.0 0.0 0.0 
2496 1 0.0 0.0 0.0 0.0 0.0 0.0 0.0 
2497 1 0.0 0.0 0.0 0.0 0.0 0.0 0.0 
2498 1 0.0 0.0 0.0 0.0 0.0 0.0 0.0 
2499 1 0.0 0.0 0.0 0.0 0.0 0.0 0.0 
2500 1 0.0 0.0 0.0 0.0 0.0 0.0 0.0 
2501 1 0.0 0.0 0.0 0.0 0.0 0.0 0.0 
2502 1 0.0 0.0 0.0 0.0 0.0 0.0 0.0 
2503 1 0.0 0.0 0.0 0.0 0.0 0.0 0.0 
2504 1 0.0 0.0 0.0 0.0 0.0 0.0 0.0 
2505 1 0.0 0.0 0.0 0.0 0.0 0.0 0.0 
2506 1 0.0 0.0 0.0 0.0 0.0 0.0 0.0 
2507 1 0.0 0.0 0.0 0.0 0.0 0.0 0.0 
2508 1 0.0 0.0 0.0 0.0 0.0 0.0 0.0 
2509 1 0.0 0.0 0.0 0.0 0.0 0.0 0.0 
2510 1 0.0 0.0 0.0 0.0 0.0 0.0 0.0 
2511 1 0.0 0.0 0.0 0.0 0.0 0.0 0.0 
2512 1 0.0 0.0 0.0 0.0 0.0 0.0 0.0 
2513 1 0.0 0.0 0.0 0.0 0.0 0.0 0.0 
2514 1 0.0 0.0 0.0 0.0 0.0 0.0 0.0 
2515 1 0.0 0.0 0.0 0.0 0.0 0.0 0.0 
2516 1 0.0 0.0 0.0 0.0 0.0 0.0 0.0 
2517 1 0.0 0.0 0.0 0.0 0.0 0.0 0.0 
2518 1 0.0 0.0 0.0 0.0 0.0 0.0 0.0 
2519 1 0.0 0.0 0.0 0.0 0.0 0.0 0.0 
2520 1 0.0 0.0 0.0 0.0 0.0 0.0 0.0 
2521 1 0.0 0.0 0.0 0.0 0.0 0.0 0.0 
2522 1 0.0 0.0 0.0 0.0 0.0 0.0 0.0 
2523 1 0.0 0.0 0.0 0.0 0.0 0.0 0.0 
2524 1 0.0 0.0 0.0 0.0 0.0 0.0 0.0 
2525 1 0.0 0.0 0.0 0.0 0.0 0.0 0.0 
2526 1 0.0 0.0 0.0 0.0 0.0 0.0 0.0 
2527 1 0.0 0.0 0.0 0.0 0.0 0.0 0.0 
2528 1 0.0 0.0 0.0 0.0 0.0 0.0 0.0 
2529 1 0.0 0.0 0.0 0.0 0.0 0.0 0.0 
2530 1 0.0 0.0 0.0 0.0 0.0 0.0 0.0 
2531 1 0.0 0.0 0.0 0.0 0.0 0.0 0.0 
2532 1 0.0 0.0 0.0 0.0 0.0 0.0 0.0 
2533 1 0.0 0.0 0.0 0.0 0.0 0.0 0.0 
2534 1 0.0 0.0 0.0 0.0 0.0 0.0 0.0 
2535 1 0.0 0.0 0.0 0.0 0.0 0.0 0.0 
2536 1 0.0 0.0 0.0 0.0 0.0 0.0 0.0 
2537 1 0.0 0.0 0.0 0.0 0.0 0.0 0.0 
2538 1 0.0 0.0 0.0 0.0 0.0 0.0 0.0 
2539 1 0.0 0.0 0.0 0.0 0.0 0.0 0.0 
2540 1 0.0 0.0 0.0 0.0 0.0 0.0 0.0 
2541 1 0.0 0.0 0.0 0.0 0.0 0.0 0.0 
2542 1 0.0 0.0 0.0 0.0 0.0 0.0 0.0 
2543 1 0.0 0.0 0.0 0.0 0.0 0.0 0.0 
2544 1 0.0 0.0 0.0 0.0 0.0 0.0 0.0 
2545 1 0.0 0.0 0.0 0.0 0.0 0.0 0.0 
2546 1 0.0 0.0 0.0 0.0 0.0 0.0 0.0 
2547 1 0.0 0.0 0.0 0.0 0.0 0.0 0.0 
2548 1 0.0 0.0 0.0 0.0 0.0 0.0 0.0 
2549 1 0.0 0.0 0.0 0.0 0.0 0.0 0.0 
2550 1 0.0 0.0 0.0 0.0 0.0 0.0 0.0 
2551 1 0.0 0.0 0.0 0.0 0.0 0.0 0.0 
2552 1 0.0 0.0 0.0 0.0 0.0 0.0 0.0 
2553 1 0.0 0.0 0.0 0.0 0.0 0.0 0.0 
2554 1 0.0 0.0 0.0 0.0 0.0 0.0 0.0 
2555 1 0.0 0.0 0.0 0.0 0.0 0.0 0.0 
2556 1 0.0 0.0 0.0 0.0 0.0 0.0 0.0 
2557 1 0.0 0.0 0.0 0.0 0.0 0.0 0.0 
2558 1 0.0 0.0 0.0 0.0 0.0 0.0 0.0 
2559 1 0.0 0.0 0.0 0.0 0.0 0.0 0.0 
2560 1 0.0 0.0 0.0 0.0 0.0 0.0 0.0 
2561 1 0.0 0.0 0.0 0.0 0.0 0.0 0.0 
2562 1 0.0 0.0 0.0 0.0 0.0 0.0 0.0 
2563 1 0.0 0.0 0.0 0.0 0.0 0.0 0.0 
2564 1 0.0 0.0 0.0 0.0 0.0 0.0 0.0 
2565 1 0.0 0.0 0.0 0.0 0.0 0.0 0.0 
2566 1 0.0 0.0 0.0 0.0 0.0 0.0 0.0 
2567 1 0.0 0.0 0.0 0.0 0.0 0.0 0.0 
2568 1 0.0 0.0 0.0 0.0 0.0 0.0 0.0 
2569 1 0.0 0.0 0.0 0.0 0.0 0.0 0.0 
2570 1 0.0 0.0 0.0 0.0 0.0 0.0 0.0 
2571 1 0.0 0.0 0.0 0.0 0.0 0.0 0.0 
2572 1 0.0 0.0 0.0 0.0 0.0 0.0 0.0 
2573 1 0.0 0.0 0.0 0.0 0.0 0.0 0.0 
2574 1 0.0 0.0 0.0 0.0 0.0 0.0 0.0 
2575 1 0.0 0.0 0.0 0.0 0.0 0.0 0.0 
2576 1 0.0 0.0 0.0 0.0 0.0 0.0 0.0 
2577 1 0.0 0.0 0.0 0.0 0.0 0.0 0.0 
2578 1 0.0 0.0 0.0 0.0 0.0 0.0 0.0 
2579 1 0.0 0.0 0.0 0.0 0.0 0.0 0.0 
2580 1 0.0 0.0 0.0 0.0 0.0 0.0 0.0 
2581 1 0.0 0.0 0.0 0.0 0.0 0.0 0.0 
2582 1 0.0 0.0 0.0 0.0 0.0 0.0 0.0 
2583 1 0.0 0.0 0.0 0.0 0.0 0.0 0.0 
2584 1 0.0 0.0 0.0 0.0 0.0 0.0 0.0 
2585 1 0.0 0.0 0.0 0.0 0.0 0.0 0.0 
2586 1 0.0 0.0 0.0 0.0 0.0 0.0 0.0 
2587 1 0.0 0.0 0.0 0.0 0.0 0.0 0.0 
2588 1 0.0 0.0 0.0 0.0 0.0 0.0 0.0 
2589 1 0.0 0.0 0.0 0.0 0.0 0.0 0.0 
2590 1 0.0 0.0 0.0 0.0 0.0 0.0 0.0 
2591 1 0.0 0.0 0.0 0.0 0.0 0.0 0.0 
2592 1 0.0 0.0 0.0 0.0 0.0 0.0 0.0 
2593 1 0.0 0.0 0.0 0.0 0.0 0.0 0.0 
2594 1 0.0 0.0 0.0 0.0 0.0 0.0 0.0 
2595 1 0.0 0.0 0.0 0.0 0.0 0.0 0.0 
2596 1 0.0 0.0 0.0 0.0 0.0 0.0 0.0 
2597 1 0.0 0.0 0.0 0.0 0.0 0.0 0.0 
2598 1 0.0 0.0 0.0 0.0 0.0 0.0 0.0 
2599 1 0.0 0.0 0.0 0.0 0.0 0.0 0.0 
2600 1 0.0 0.0 0.0 0.0 0.0 0.0 0.0 
2601 1 0.0 0.0 0.0 0.0 0.0 0.0 0.0 
2602 1 0.0 0.0 0.0 0.0 0.0 0.0 0.0 
2603 1 0.0 0.0 0.0 0.0 0.0 0.0 0.0 
2604 1 0.0 0.0 0.0 0.0 0.0 0.0 0.0 
2605 1 0.0 0.0 0.0 0.0 0.0 0.0 0.0 
2606 1 0.0 0.0 0.0 0.0 0.0 0.0 0.0 
2607 1 0.0 0.0 0.0 0.0 0.0 0.0 0.0 
2608 1 0.0 0.0 0.0 0.0 0.0 0.0 0.0 
2609 1 0.0 0.0 0.0 0.0 0.0 0.0 0.0 
2610 1 0.0 0.0 0.0 0.0 0.0 0.0 0.0 
2611 1 0.0 0.0 0.0 0.0 0.0 0.0 0.0 
2612 1 0.0 0.0 0.0 0.0 0.0 0.0 0.0 
2613 1 0.0 0.0 0.0 0.0 0.0 0.0 0.0 
2614 1 0.0 0.0 0.0 0.0 0.0 0.0 0.0 
2615 1 0.0 0.0 0.0 0.0 0.0 0.0 0.0 
2616 1 0.0 0.0 0.0 0.0 0.0 0.0 0.0 
2617 1 0.0 0.0 0.0 0.0 0.0 0.0 0.0 
2618 1 0.0 0.0 0.0 0.0 0.0 0.0 0.0 
2619 1 0.0 0.0 0.0 0.0 0.0 0.0 0.0 
2620 1 0.0 0.0 0.0 0.0 0.0 0.0 0.0 
2621 1 0.0 0.0 0.0 0.0 0.0 0.0 0.0 
2622 1 0.0 0.0 0.0 0.0 0.0 0.0 0.0 
2623 1 0.0 0.0 0.0 0.0 0.0 0.0 0.0 
2624 1 0.0 0.0 0.0 0.0 0.0 0.0 0.0 
2625 1 0.0 0.0 0.0 0.0 0.0 0.0 0.0 
2626 1 0.0 0.0 0.0 0.0 0.0 0.0 0.0 
2627 1 0.0 0.0 0.0 0.0 0.0 0.0 0.0 
2628 1 0.0 0.0 0.0 0.0 0.0 0.0 0.0 
2629 1 0.0 0.0 0.0 0.0 0.0 0.0 0.0 
2630 1 0.0 0.0 0.0 0.0 0.0 0.0 0.0 
2631 1 0.0 0.0 0.0 0.0 0.0 0.0 0.0 
2632 1 0.0 0.0 0.0 0.0 0.0 0.0 0.0 
2633 1 0.0 0.0 0.0 0.0 0.0 0.0 0.0 
2634 1 0.0 0.0 0.0 0.0 0.0 0.0 0.0 
2635 1 0.0 0.0 0.0 0.0 0.0 0.0 0.0 
2636 1 0.0 0.0 0.0 0.0 0.0 0.0 0.0 
2637 1 0.0 0.0 0.0 0.0 0.0 0.0 0.0 
2638 1 0.0 0.0 0.0 0.0 0.0 0.0 0.0 
2639 1 0.0 0.0 0.0 0.0 0.0 0.0 0.0 
2640 1 0.0 0.0 0.0 0.0 0.0 0.0 0.0 
2641 1 0.0 0.0 0.0 0.0 0.0 0.0 0.0 
2642 1 0.0 0.0 0.0 0.0 0.0 0.0 0.0 
2643 1 0.0 0.0 0.0 0.0 0.0 0.0 0.0 
2644 1 0.0 0.0 0.0 0.0 0.0 0.0 0.0 
2645 1 0.0 0.0 0.0 0.0 0.0 0.0 0.0 
2646 1 0.0 0.0 0.0 0.0 0.0 0.0 0.0 
2647 1 0.0 0.0 0.0 0.0 0.0 0.0 0.0 
2648 1 0.0 0.0 0.0 0.0 0.0 0.0 0.0 
2649 1 0.0 0.0 0.0 0.0 0.0 0.0 0.0 
2650 1 0.0 0.0 0.0 0.0 0.0 0.0 0.0 
2651 1 0.0 0.0 0.0 0.0 0.0 0.0 0.0 
2652 1 0.0 0.0 0.0 0.0 0.0 0.0 0.0 
2653 1 0.0 0.0 0.0 0.0 0.0 0.0 0.0 
2654 1 0.0 0.0 0.0 0.0 0.0 0.0 0.0 
2655 1 0.0 0.0 0.0 0.0 0.0 0.0 0.0 
2656 1 0.0 0.0 0.0 0.0 0.0 0.0 0.0 
2657 1 0.0 0.0 0.0 0.0 0.0 0.0 0.0 
2658 1 0.0 0.0 0.0 0.0 0.0 0.0 0.0 
2659 1 0.0 0.0 0.0 0.0 0.0 0.0 0.0 
2660 1 0.0 0.0 0.0 0.0 0.0 0.0 0.0 
2661 1 0.0 0.0 0.0 0.0 0.0 0.0 0.0 
2662 1 0.0 0.0 0.0 0.0 0.0 0.0 0.0 
2663 1 0.0 0.0 0.0 0.0 0.0 0.0 0.0 
2664 1 0.0 0.0 0.0 0.0 0.0 0.0 0.0 
2665 1 0.0 0.0 0.0 0.0 0.0 0.0 0.0 
2666 1 0.0 0.0 0.0 0.0 0.0 0.0 0.0 
2667 1 0.0 0.0 0.0 0.0 0.0 0.0 0.0 
2668 1 0.0 0.0 0.0 0.0 0.0 0.0 0.0 
2669 1 0.0 0.0 0.0 0.0 0.0 0.0 0.0 
2670 1 0.0 0.0 0.0 0.0 0.0 0.0 0.0 
2671 1 0.0 0.0 0.0 0.0 0.0 0.0 0.0 
2672 1 0.0 0.0 0.0 0.0 0.0 0.0 0.0 
2673 1 0.0 0.0 0.0 0.0 0.0 0.0 0.0 
2674 1 0.0 0.0 0.0 0.0 0.0 0.0 0.0 
2675 1 0.0 0.0 0.0 0.0 0.0 0.0 0.0 
2676 1 0.0 0.0 0.0 0.0 0.0 0.0 0.0 
2677 1 0.0 0.0 0.0 0.0 0.0 0.0 0.0 
2678 1 0.0 0.0 0.0 0.0 0.0 0.0 0.0 
2679 1 0.0 0.0 0.0 0.0 0.0 0.0 0.0 
2680 1 0.0 0.0 0.0 0.0 0.0 0.0 0.0 
2681 1 0.0 0.0 0.0 0.0 0.0 0.0 0.0 
2682 1 0.0 0.0 0.0 0.0 0.0 0.0 0.0 
2683 1 0.0 0.0 0.0 0.0 0.0 0.0 0.0 
2684 1 0.0 0.0 0.0 0.0 0.0 0.0 0.0 
2685 1 0.0 0.0 0.0 0.0 0.0 0.0 0.0 
2686 1 0.0 0.0 0.0 0.0 0.0 0.0 0.0 
2687 1 0.0 0.0 0.0 0.0 0.0 0.0 0.0 
2688 1 0.0 0.0 0.0 0.0 0.0 0.0 0.0 
2689 1 0.0 0.0 0.0 0.0 0.0 0.0 0.0 
2690 1 0.0 0.0 0.0 0.0 0.0 0.0 0.0 
2691 1 0.0 0.0 0.0 0.0 0.0 0.0 0.0 
2692 1 0.0 0.0 0.0 0.0 0.0 0.0 0.0 
2693 1 0.0 0.0 0.0 0.0 0.0 0.0 0.0 
2694 1 0.0 0.0 0.0 0.0 0.0 0.0 0.0 
2695 1 0.0 0.0 0.0 0.0 0.0 0.0 0.0 
2696 1 0.0 0.0 0.0 0.0 0.0 0.0 0.0 
2697 1 0.0 0.0 0.0 0.0 0.0 0.0 0.0 
2698 1 0.0 0.0 0.0 0.0 0.0 0.0 0.0 
2699 1 0.0 0.0 0.0 0.0 0.0 0.0 0.0 
2700 1 0.0 0.0 0.0 0.0 0.0 0.0 0.0 
2701 1 0.0 0.0 0.0 0.0 0.0 0.0 0.0 
2702 1 0.0 0.0 0.0 0.0 0.0 0.0 0.0 
2703 1 0.0 0.0 0.0 0.0 0.0 0.0 0.0 
2704 1 0.0 0.0 0.0 0.0 0.0 0.0 0.0 
2705 1 0.0 0.0 0.0 0.0 0.0 0.0 0.0 
2706 1 0.0 0.0 0.0 0.0 0.0 0.0 0.0 
2707 1 0.0 0.0 0.0 0.0 0.0 0.0 0.0 
2708 1 0.0 0.0 0.0 0.0 0.0 0.0 0.0 
2709 1 0.0 0.0 0.0 0.0 0.0 0.0 0.0 
2710 1 0.0 0.0 0.0 0.0 0.0 0.0 0.0 
2711 1 0.0 0.0 0.0 0.0 0.0 0.0 0.0 
2712 1 0.0 0.0 0.0 0.0 0.0 0.0 0.0 
2713 1 0.0 0.0 0.0 0.0 0.0 0.0 0.0 
2714 1 0.0 0.0 0.0 0.0 0.0 0.0 0.0 
2715 1 0.0 0.0 0.0 0.0 0.0 0.0 0.0 
2716 1 0.0 0.0 0.0 0.0 0.0 0.0 0.0 
2717 1 0.0 0.0 0.0 0.0 0.0 0.0 0.0 
2718 1 0.0 0.0 0.0 0.0 0.0 0.0 0.0 
2719 1 0.0 0.0 0.0 0.0 0.0 0.0 0.0 
2720 1 0.0 0.0 0.0 0.0 0.0 0.0 0.0 
2721 1 0.0 0.0 0.0 0.0 0.0 0.0 0.0 
2722 1 0.0 0.0 0.0 0.0 0.0 0.0 0.0 
2723 1 0.0 0.0 0.0 0.0 0.0 0.0 0.0 
2724 1 0.0 0.0 0.0 0.0 0.0 0.0 0.0 
2725 1 0.0 0.0 0.0 0.0 0.0 0.0 0.0 
2726 1 0.0 0.0 0.0 0.0 0.0 0.0 0.0 
2727 1 0.0 0.0 0.0 0.0 0.0 0.0 0.0 
2728 1 0.0 0.0 0.0 0.0 0.0 0.0 0.0 
2729 1 0.0 0.0 0.0 0.0 0.0 0.0 0.0 
2730 1 0.0 0.0 0.0 0.0 0.0 0.0 0.0 
2731 1 0.0 0.0 0.0 0.0 0.0 0.0 0.0 
2732 1 0.0 0.0 0.0 0.0 0.0 0.0 0.0 
2733 1 0.0 0.0 0.0 0.0 0.0 0.0 0.0 
2734 1 0.0 0.0 0.0 0.0 0.0 0.0 0.0 
2735 1 0.0 0.0 0.0 0.0 0.0 0.0 0.0 
2736 1 0.0 0.0 0.0 0.0 0.0 0.0 0.0 
2737 1 0.0 0.0 0.0 0.0 0.0 0.0 0.0 
2738 1 0.0 0.0 0.0 0.0 0.0 0.0 0.0 
2739 1 0.0 0.0 0.0 0.0 0.0 0.0 0.0 
2740 1 0.0 0.0 0.0 0.0 0.0 0.0 0.0 
2741 1 0.0 0.0 0.0 0.0 0.0 0.0 0.0 
2742 1 0.0 0.0 0.0 0.0 0.0 0.0 0.0 
2743 1 0.0 0.0 0.0 0.0 0.0 0.0 0.0 
2744 1 0.0 0.0 0.0 0.0 0.0 0.0 0.0 
2745 1 0.0 0.0 0.0 0.0 0.0 0.0 0.0 
2746 1 0.0 0.0 0.0 0.0 0.0 0.0 0.0 
2747 1 0.0 0.0 0.0 0.0 0.0 0.0 0.0 
2748 1 0.0 0.0 0.0 0.0 0.0 0.0 0.0 
2749 1 0.0 0.0 0.0 0.0 0.0 0.0 0.0 
2750 1 0.0 0.0 0.0 0.0 0.0 0.0 0.0 
2751 1 0.0 0.0 0.0 0.0 0.0 0.0 0.0 
2752 1 0.0 0.0 0.0 0.0 0.0 0.0 0.0 
2753 1 0.0 0.0 0.0 0.0 0.0 0.0 0.0 
2754 1 0.0 0.0 0.0 0.0 0.0 0.0 0.0 
2755 1 0.0 0.0 0.0 0.0 0.0 0.0 0.0 
2756 1 0.0 0.0 0.0 0.0 0.0 0.0 0.0 
2757 1 0.0 0.0 0.0 0.0 0.0 0.0 0.0 
2758 1 0.0 0.0 0.0 0.0 0.0 0.0 0.0 
2759 1 0.0 0.0 0.0 0.0 0.0 0.0 0.0 
2760 1 0.0 0.0 0.0 0.0 0.0 0.0 0.0 
2761 1 0.0 0.0 0.0 0.0 0.0 0.0 0.0 
2762 1 0.0 0.0 0.0 0.0 0.0 0.0 0.0 
2763 1 0.0 0.0 0.0 0.0 0.0 0.0 0.0 
2764 1 0.0 0.0 0.0 0.0 0.0 0.0 0.0 
2765 1 0.0 0.0 0.0 0.0 0.0 0.0 0.0 
2766 1 0.0 0.0 0.0 0.0 0.0 0.0 0.0 
2767 1 0.0 0.0 0.0 0.0 0.0 0.0 0.0 
2768 1 0.0 0.0 0.0 0.0 0.0 0.0 0.0 
2769 1 0.0 0.0 0.0 0.0 0.0 0.0 0.0 
2770 1 0.0 0.0 0.0 0.0 0.0 0.0 0.0 
2771 1 0.0 0.0 0.0 0.0 0.0 0.0 0.0 
2772 1 0.0 0.0 0.0 0.0 0.0 0.0 0.0 
2773 1 0.0 0.0 0.0 0.0 0.0 0.0 0.0 
2774 1 0.0 0.0 0.0 0.0 0.0 0.0 0.0 
2775 1 0.0 0.0 0.0 0.0 0.0 0.0 0.0 
2776 1 0.0 0.0 0.0 0.0 0.0 0.0 0.0 
2777 1 0.0 0.0 0.0 0.0 0.0 0.0 0.0 
2778 1 0.0 0.0 0.0 0.0 0.0 0.0 0.0 
2779 1 0.0 0.0 0.0 0.0 0.0 0.0 0.0 
2780 1 0.0 0.0 0.0 0.0 0.0 0.0 0.0 
2781 1 0.0 0.0 0.0 0.0 0.0 0.0 0.0 
2782 1 0.0 0.0 0.0 0.0 0.0 0.0 0.0 
2783 1 0.0 0.0 0.0 0.0 0.0 0.0 0.0 
2784 1 0.0 0.0 0.0 0.0 0.0 0.0 0.0 
2785 1 0.0 0.0 0.0 0.0 0.0 0.0 0.0 
2786 1 0.0 0.0 0.0 0.0 0.0 0.0 0.0 
2787 1 0.0 0.0 0.0 0.0 0.0 0.0 0.0 
2788 1 0.0 0.0 0.0 0.0 0.0 0.0 0.0 
2789 1 0.0 0.0 0.0 0.0 0.0 0.0 0.0 
2790 1 0.0 0.0 0.0 0.0 0.0 0.0 0.0 
2791 1 0.0 0.0 0.0 0.0 0.0 0.0 0.0 
2792 1 0.0 0.0 0.0 0.0 0.0 0.0 0.0 
2793 1 0.0 0.0 0.0 0.0 0.0 0.0 0.0 
2794 1 0.0 0.0 0.0 0.0 0.0 0.0 0.0 
2795 1 0.0 0.0 0.0 0.0 0.0 0.0 0.0 
2796 1 0.0 0.0 0.0 0.0 0.0 0.0 0.0 
2797 1 0.0 0.0 0.0 0.0 0.0 0.0 0.0 
2798 1 0.0 0.0 0.0 0.0 0.0 0.0 0.0 
2799 1 0.0 0.0 0.0 0.0 0.0 0.0 0.0 
2800 1 0.0 0.0 0.0 0.0 0.0 0.0 0.0 
2801 1 0.0 0.0 0.0 0.0 0.0 0.0 0.0 
2802 1 0.0 0.0 0.0 0.0 0.0 0.0 0.0 
2803 1 0.0 0.0 0.0 0.0 0.0 0.0 0.0 
2804 1 0.0 0.0 0.0 0.0 0.0 0.0 0.0 
2805 1 0.0 0.0 0.0 0.0 0.0 0.0 0.0 
2806 1 0.0 0.0 0.0 0.0 0.0 0.0 0.0 
2807 1 0.0 0.0 0.0 0.0 0.0 0.0 0.0 
2808 1 0.0 0.0 0.0 0.0 0.0 0.0 0.0 
2809 1 0.0 0.0 0.0 0.0 0.0 0.0 0.0 
2810 1 0.0 0.0 0.0 0.0 0.0 0.0 0.0 
2811 1 0.0 0.0 0.0 0.0 0.0 0.0 0.0 
2812 1 0.0 0.0 0.0 0.0 0.0 0.0 0.0 
2813 1 0.0 0.0 0.0 0.0 0.0 0.0 0.0 
2814 1 0.0 0.0 0.0 0.0 0.0 0.0 0.0 
2815 1 0.0 0.0 0.0 0.0 0.0 0.0 0.0 
2816 1 0.0 0.0 0.0 0.0 0.0 0.0 0.0 
2817 1 0.0 0.0 0.0 0.0 0.0 0.0 0.0 
2818 1 0.0 0.0 0.0 0.0 0.0 0.0 0.0 
2819 1 0.0 0.0 0.0 0.0 0.0 0.0 0.0 
2820 1 0.0 0.0 0.0 0.0 0.0 0.0 0.0 
2821 1 0.0 0.0 0.0 0.0 0.0 0.0 0.0 
2822 1 0.0 0.0 0.0 0.0 0.0 0.0 0.0 
2823 1 0.0 0.0 0.0 0.0 0.0 0.0 0.0 
2824 1 0.0 0.0 0.0 0.0 0.0 0.0 0.0 
2825 1 0.0 0.0 0.0 0.0 0.0 0.0 0.0 
2826 1 0.0 0.0 0.0 0.0 0.0 0.0 0.0 
2827 1 0.0 0.0 0.0 0.0 0.0 0.0 0.0 
2828 1 0.0 0.0 0.0 0.0 0.0 0.0 0.0 
2829 1 0.0 0.0 0.0 0.0 0.0 0.0 0.0 
2830 1 0.0 0.0 0.0 0.0 0.0 0.0 0.0 
2831 1 0.0 0.0 0.0 0.0 0.0 0.0 0.0 
2832 1 0.0 0.0 0.0 0.0 0.0 0.0 0.0 
2833 1 0.0 0.0 0.0 0.0 0.0 0.0 0.0 
2834 1 0.0 0.0 0.0 0.0 0.0 0.0 0.0 
2835 1 0.0 0.0 0.0 0.0 0.0 0.0 0.0 
2836 1 0.0 0.0 0.0 0.0 0.0 0.0 0.0 
2837 1 0.0 0.0 0.0 0.0 0.0 0.0 0.0 
2838 1 0.0 0.0 0.0 0.0 0.0 0.0 0.0 
2839 1 0.0 0.0 0.0 0.0 0.0 0.0 0.0 
2840 1 0.0 0.0 0.0 0.0 0.0 0.0 0.0 
2841 1 0.0 0.0 0.0 0.0 0.0 0.0 0.0 
2842 1 0.0 0.0 0.0 0.0 0.0 0.0 0.0 
2843 1 0.0 0.0 0.0 0.0 0.0 0.0 0.0 
2844 1 0.0 0.0 0.0 0.0 0.0 0.0 0.0 
2845 1 0.0 0.0 0.0 0.0 0.0 0.0 0.0 
2846 1 0.0 0.0 0.0 0.0 0.0 0.0 0.0 
2847 1 0.0 0.0 0.0 0.0 0.0 0.0 0.0 
2848 1 0.0 0.0 0.0 0.0 0.0 0.0 0.0 
2849 1 0.0 0.0 0.0 0.0 0.0 0.0 0.0 
2850 1 0.0 0.0 0.0 0.0 0.0 0.0 0.0 
2851 1 0.0 0.0 0.0 0.0 0.0 0.0 0.0 
2852 1 0.0 0.0 0.0 0.0 0.0 0.0 0.0 
2853 1 0.0 0.0 0.0 0.0 0.0 0.0 0.0 
2854 1 0.0 0.0 0.0 0.0 0.0 0.0 0.0 
2855 1 0.0 0.0 0.0 0.0 0.0 0.0 0.0 
2856 1 0.0 0.0 0.0 0.0 0.0 0.0 0.0 
2857 1 0.0 0.0 0.0 0.0 0.0 0.0 0.0 
2858 1 0.0 0.0 0.0 0.0 0.0 0.0 0.0 
2859 1 0.0 0.0 0.0 0.0 0.0 0.0 0.0 
2860 1 0.0 0.0 0.0 0.0 0.0 0.0 0.0 
2861 1 0.0 0.0 0.0 0.0 0.0 0.0 0.0 
2862 1 0.0 0.0 0.0 0.0 0.0 0.0 0.0 
2863 1 0.0 0.0 0.0 0.0 0.0 0.0 0.0 
2864 1 0.0 0.0 0.0 0.0 0.0 0.0 0.0 
2865 1 0.0 0.0 0.0 0.0 0.0 0.0 0.0 
2866 1 0.0 0.0 0.0 0.0 0.0 0.0 0.0 
2867 1 0.0 0.0 0.0 0.0 0.0 0.0 0.0 
2868 1 0.0 0.0 0.0 0.0 0.0 0.0 0.0 
2869 1 0.0 0.0 0.0 0.0 0.0 0.0 0.0 
2870 1 0.0 0.0 0.0 0.0 0.0 0.0 0.0 
2871 1 0.0 0.0 0.0 0.0 0.0 0.0 0.0 
2872 1 0.0 0.0 0.0 0.0 0.0 0.0 0.0 
2873 1 0.0 0.0 0.0 0.0 0.0 0.0 0.0 
2874 1 0.0 0.0 0.0 0.0 0.0 0.0 0.0 
2875 1 0.0 0.0 0.0 0.0 0.0 0.0 0.0 
2876 1 0.0 0.0 0.0 0.0 0.0 0.0 0.0 
2877 1 0.0 0.0 0.0 0.0 0.0 0.0 0.0 
2878 1 0.0 0.0 0.0 0.0 0.0 0.0 0.0 
2879 1 0.0 0.0 0.0 0.0 0.0 0.0 0.0 
2880 1 0.0 0.0 0.0 0.0 0.0 0.0 0.0 
2881 1 0.0 0.0 0.0 0.0 0.0 0.0 0.0 
2882 1 0.0 0.0 0.0 0.0 0.0 0.0 0.0 
2883 1 0.0 0.0 0.0 0.0 0.0 0.0 0.0 
2884 1 0.0 0.0 0.0 0.0 0.0 0.0 0.0 
2885 1 0.0 0.0 0.0 0.0 0.0 0.0 0.0 
2886 1 0.0 0.0 0.0 0.0 0.0 0.0 0.0 
2887 1 0.0 0.0 0.0 0.0 0.0 0.0 0.0 
2888 1 0.0 0.0 0.0 0.0 0.0 0.0 0.0 
2889 1 0.0 0.0 0.0 0.0 0.0 0.0 0.0 
2890 1 0.0 0.0 0.0 0.0 0.0 0.0 0.0 
2891 1 0.0 0.0 0.0 0.0 0.0 0.0 0.0 
2892 1 0.0 0.0 0.0 0.0 0.0 0.0 0.0 
2893 1 0.0 0.0 0.0 0.0 0.0 0.0 0.0 
2894 1 0.0 0.0 0.0 0.0 0.0 0.0 0.0 
2895 1 0.0 0.0 0.0 0.0 0.0 0.0 0.0 
2896 1 0.0 0.0 0.0 0.0 0.0 0.0 0.0 
2897 1 0.0 0.0 0.0 0.0 0.0 0.0 0.0 
2898 1 0.0 0.0 0.0 0.0 0.0 0.0 0.0 
2899 1 0.0 0.0 0.0 0.0 0.0 0.0 0.0 
2900 1 0.0 0.0 0.0 0.0 0.0 0.0 0.0 
2901 1 0.0 0.0 0.0 0.0 0.0 0.0 0.0 
2902 1 0.0 0.0 0.0 0.0 0.0 0.0 0.0 
2903 1 0.0 0.0 0.0 0.0 0.0 0.0 0.0 
2904 1 0.0 0.0 0.0 0.0 0.0 0.0 0.0 
2905 1 0.0 0.0 0.0 0.0 0.0 0.0 0.0 
2906 1 0.0 0.0 0.0 0.0 0.0 0.0 0.0 
2907 1 0.0 0.0 0.0 0.0 0.0 0.0 0.0 
2908 1 0.0 0.0 0.0 0.0 0.0 0.0 0.0 
2909 1 0.0 0.0 0.0 0.0 0.0 0.0 0.0 
2910 1 0.0 0.0 0.0 0.0 0.0 0.0 0.0 
2911 1 0.0 0.0 0.0 0.0 0.0 0.0 0.0 
2912 1 0.0 0.0 0.0 0.0 0.0 0.0 0.0 
2913 1 0.0 0.0 0.0 0.0 0.0 0.0 0.0 
2914 1 0.0 0.0 0.0 0.0 0.0 0.0 0.0 
2915 1 0.0 0.0 0.0 0.0 0.0 0.0 0.0 
2916 1 0.0 0.0 0.0 0.0 0.0 0.0 0.0 
2917 1 0.0 0.0 0.0 0.0 0.0 0.0 0.0 
2918 1 0.0 0.0 0.0 0.0 0.0 0.0 0.0 
2919 1 0.0 0.0 0.0 0.0 0.0 0.0 0.0 
2920 1 0.0 0.0 0.0 0.0 0.0 0.0 0.0 
2921 1 0.0 0.0 0.0 0.0 0.0 0.0 0.0 
2922 1 0.0 0.0 0.0 0.0 0.0 0.0 0.0 
2923 1 0.0 0.0 0.0 0.0 0.0 0.0 0.0 
2924 1 0.0 0.0 0.0 0.0 0.0 0.0 0.0 
2925 1 0.0 0.0 0.0 0.0 0.0 0.0 0.0 
2926 1 0.0 0.0 0.0 0.0 0.0 0.0 0.0 
2927 1 0.0 0.0 0.0 0.0 0.0 0.0 0.0 
2928 1 0.0 0.0 0.0 0.0 0.0 0.0 0.0 
2929 1 0.0 0.0 0.0 0.0 0.0 0.0 0.0 
2930 1 0.0 0.0 0.0 0.0 0.0 0.0 0.0 
2931 1 0.0 0.0 0.0 0.0 0.0 0.0 0.0 
2932 1 0.0 0.0 0.0 0.0 0.0 0.0 0.0 
2933 1 0.0 0.0 0.0 0.0 0.0 0.0 0.0 
2934 1 0.0 0.0 0.0 0.0 0.0 0.0 0.0 
2935 1 0.0 0.0 0.0 0.0 0.0 0.0 0.0 
2936 1 0.0 0.0 0.0 0.0 0.0 0.0 0.0 
2937 1 0.0 0.0 0.0 0.0 0.0 0.0 0.0 
2938 1 0.0 0.0 0.0 0.0 0.0 0.0 0.0 
2939 1 0.0 0.0 0.0 0.0 0.0 0.0 0.0 
2940 1 0.0 0.0 0.0 0.0 0.0 0.0 0.0 
2941 1 0.0 0.0 0.0 0.0 0.0 0.0 0.0 
2942 1 0.0 0.0 0.0 0.0 0.0 0.0 0.0 
2943 1 0.0 0.0 0.0 0.0 0.0 0.0 0.0 
2944 1 0.0 0.0 0.0 0.0 0.0 0.0 0.0 
2945 1 0.0 0.0 0.0 0.0 0.0 0.0 0.0 
2946 1 0.0 0.0 0.0 0.0 0.0 0.0 0.0 
2947 1 0.0 0.0 0.0 0.0 0.0 0.0 0.0 
2948 1 0.0 0.0 0.0 0.0 0.0 0.0 0.0 
2949 1 0.0 0.0 0.0 0.0 0.0 0.0 0.0 
2950 1 0.0 0.0 0.0 0.0 0.0 0.0 0.0 
2951 1 0.0 0.0 0.0 0.0 0.0 0.0 0.0 
2952 1 0.0 0.0 0.0 0.0 0.0 0.0 0.0 
2953 1 0.0 0.0 0.0 0.0 0.0 0.0 0.0 
2954 1 0.0 0.0 0.0 0.0 0.0 0.0 0.0 
2955 1 0.0 0.0 0.0 0.0 0.0 0.0 0.0 
2956 1 0.0 0.0 0.0 0.0 0.0 0.0 0.0 
2957 1 0.0 0.0 0.0 0.0 0.0 0.0 0.0 
2958 1 0.0 0.0 0.0 0.0 0.0 0.0 0.0 
2959 1 0.0 0.0 0.0 0.0 0.0 0.0 0.0 
2960 1 0.0 0.0 0.0 0.0 0.0 0.0 0.0 
2961 1 0.0 0.0 0.0 0.0 0.0 0.0 0.0 
2962 1 0.0 0.0 0.0 0.0 0.0 0.0 0.0 
2963 1 0.0 0.0 0.0 0.0 0.0 0.0 0.0 
2964 1 0.0 0.0 0.0 0.0 0.0 0.0 0.0 
2965 1 0.0 0.0 0.0 0.0 0.0 0.0 0.0 
2966 1 0.0 0.0 0.0 0.0 0.0 0.0 0.0 
2967 1 0.0 0.0 0.0 0.0 0.0 0.0 0.0 
2968 1 0.0 0.0 0.0 0.0 0.0 0.0 0.0 
2969 1 0.0 0.0 0.0 0.0 0.0 0.0 0.0 
2970 1 0.0 0.0 0.0 0.0 0.0 0.0 0.0 
2971 1 0.0 0.0 0.0 0.0 0.0 0.0 0.0 
2972 1 0.0 0.0 0.0 0.0 0.0 0.0 0.0 
2973 1 0.0 0.0 0.0 0.0 0.0 0.0 0.0 
2974 1 0.0 0.0 0.0 0.0 0.0 0.0 0.0 
2975 1 0.0 0.0 0.0 0.0 0.0 0.0 0.0 
2976 1 0.0 0.0 0.0 0.0 0.0 0.0 0.0 
2977 1 0.0 0.0 0.0 0.0 0.0 0.0 0.0 
2978 1 0.0 0.0 0.0 0.0 0.0 0.0 0.0 
2979 1 0.0 0.0 0.0 0.0 0.0 0.0 0.0 
2980 1 0.0 0.0 0.0 0.0 0.0 0.0 0.0 
2981 1 0.0 0.0 0.0 0.0 0.0 0.0 0.0 
2982 1 0.0 0.0 0.0 0.0 0.0 0.0 0.0 
2983 1 0.0 0.0 0.0 0.0 0.0 0.0 0.0 
2984 1 0.0 0.0 0.0 0.0 0.0 0.0 0.0 
2985 1 0.0 0.0 0.0 0.0 0.0 0.0 0.0 
2986 1 0.0 0.0 0.0 0.0 0.0 0.0 0.0 
2987 1 0.0 0.0 0.0 0.0 0.0 0.0 0.0 
2988 1 0.0 0.0 0.0 0.0 0.0 0.0 0.0 
2989 1 0.0 0.0 0.0 0.0 0.0 0.0 0.0 
2990 1 0.0 0.0 0.0 0.0 0.0 0.0 0.0 
2991 1 0.0 0.0 0.0 0.0 0.0 0.0 0.0 
2992 1 0.0 0.0 0.0 0.0 0.0 0.0 0.0 
2993 1 0.0 0.0 0.0 0.0 0.0 0.0 0.0 
2994 1 0.0 0.0 0.0 0.0 0.0 0.0 0.0 
2995 1 0.0 0.0 0.0 0.0 0.0 0.0 0.0 
2996 1 0.0 0.0 0.0 0.0 0.0 0.0 0.0 
2997 1 0.0 0.0 0.0 0.0 0.0 0.0 0.0 
2998 1 0.0 0.0 0.0 0.0 0.0 0.0 0.0 
2999 1 0.0 0.0 0.0 0.0 0.0 0.0 0.0 
3000 1 0.0 0.0 0.0 0.0 0.0 0.0 0.0 
3001 1 0.0 0.0 0.0 0.0 0.0 0.0 0.0 
3002 1 0.0 0.0 0.0 0.0 0.0 0.0 0.0 
3003 1 0.0 0.0 0.0 0.0 0.0 0.0 0.0 
3004 1 0.0 0.0 0.0 0.0 0.0 0.0 0.0 
3005 1 0.0 0.0 0.0 0.0 0.0 0.0 0.0 
3006 1 0.0 0.0 0.0 0.0 0.0 0.0 0.0 
3007 1 0.0 0.0 0.0 0.0 0.0 0.0 0.0 
3008 1 0.0 0.0 0.0 0.0 0.0 0.0 0.0 
3009 1 0.0 0.0 0.0 0.0 0.0 0.0 0.0 
3010 1 0.0 0.0 0.0 0.0 0.0 0.0 0.0 
3011 1 0.0 0.0 0.0 0.0 0.0 0.0 0.0 
3012 1 0.0 0.0 0.0 0.0 0.0 0.0 0.0 
3013 1 0.0 0.0 0.0 0.0 0.0 0.0 0.0 
3014 1 0.0 0.0 0.0 0.0 0.0 0.0 0.0 
3015 1 0.0 0.0 0.0 0.0 0.0 0.0 0.0 
3016 1 0.0 0.0 0.0 0.0 0.0 0.0 0.0 
3017 1 0.0 0.0 0.0 0.0 0.0 0.0 0.0 
3018 1 0.0 0.0 0.0 0.0 0.0 0.0 0.0 
3019 1 0.0 0.0 0.0 0.0 0.0 0.0 0.0 
3020 1 0.0 0.0 0.0 0.0 0.0 0.0 0.0 
3021 1 0.0 0.0 0.0 0.0 0.0 0.0 0.0 
3022 1 0.0 0.0 0.0 0.0 0.0 0.0 0.0 
3023 1 0.0 0.0 0.0 0.0 0.0 0.0 0.0 
3024 1 0.0 0.0 0.0 0.0 0.0 0.0 0.0 
3025 1 0.0 0.0 0.0 0.0 0.0 0.0 0.0 
3026 1 0.0 0.0 0.0 0.0 0.0 0.0 0.0 
3027 1 0.0 0.0 0.0 0.0 0.0 0.0 0.0 
3028 1 0.0 0.0 0.0 0.0 0.0 0.0 0.0 
3029 1 0.0 0.0 0.0 0.0 0.0 0.0 0.0 
3030 1 0.0 0.0 0.0 0.0 0.0 0.0 0.0 
3031 1 0.0 0.0 0.0 0.0 0.0 0.0 0.0 
3032 1 0.0 0.0 0.0 0.0 0.0 0.0 0.0 
3033 1 0.0 0.0 0.0 0.0 0.0 0.0 0.0 
3034 1 0.0 0.0 0.0 0.0 0.0 0.0 0.0 
3035 1 0.0 0.0 0.0 0.0 0.0 0.0 0.0 
3036 1 0.0 0.0 0.0 0.0 0.0 0.0 0.0 
3037 1 0.0 0.0 0.0 0.0 0.0 0.0 0.0 
3038 1 0.0 0.0 0.0 0.0 0.0 0.0 0.0 
3039 1 0.0 0.0 0.0 0.0 0.0 0.0 0.0 
3040 1 0.0 0.0 0.0 0.0 0.0 0.0 0.0 
3041 1 0.0 0.0 0.0 0.0 0.0 0.0 0.0 
3042 1 0.0 0.0 0.0 0.0 0.0 0.0 0.0 
3043 1 0.0 0.0 0.0 0.0 0.0 0.0 0.0 
3044 1 0.0 0.0 0.0 0.0 0.0 0.0 0.0 
3045 1 0.0 0.0 0.0 0.0 0.0 0.0 0.0 
3046 1 0.0 0.0 0.0 0.0 0.0 0.0 0.0 
3047 1 0.0 0.0 0.0 0.0 0.0 0.0 0.0 
3048 1 0.0 0.0 0.0 0.0 0.0 0.0 0.0 
3049 1 0.0 0.0 0.0 0.0 0.0 0.0 0.0 
3050 1 0.0 0.0 0.0 0.0 0.0 0.0 0.0 
3051 1 0.0 0.0 0.0 0.0 0.0 0.0 0.0 
3052 1 0.0 0.0 0.0 0.0 0.0 0.0 0.0 
3053 1 0.0 0.0 0.0 0.0 0.0 0.0 0.0 
3054 1 0.0 0.0 0.0 0.0 0.0 0.0 0.0 
3055 1 0.0 0.0 0.0 0.0 0.0 0.0 0.0 
3056 1 0.0 0.0 0.0 0.0 0.0 0.0 0.0 
3057 1 0.0 0.0 0.0 0.0 0.0 0.0 0.0 
3058 1 0.0 0.0 0.0 0.0 0.0 0.0 0.0 
3059 1 0.0 0.0 0.0 0.0 0.0 0.0 0.0 
3060 1 0.0 0.0 0.0 0.0 0.0 0.0 0.0 
3061 1 0.0 0.0 0.0 0.0 0.0 0.0 0.0 
3062 1 0.0 0.0 0.0 0.0 0.0 0.0 0.0 
3063 1 0.0 0.0 0.0 0.0 0.0 0.0 0.0 
3064 1 0.0 0.0 0.0 0.0 0.0 0.0 0.0 
3065 1 0.0 0.0 0.0 0.0 0.0 0.0 0.0 
3066 1 0.0 0.0 0.0 0.0 0.0 0.0 0.0 
3067 1 0.0 0.0 0.0 0.0 0.0 0.0 0.0 
3068 1 0.0 0.0 0.0 0.0 0.0 0.0 0.0 
3069 1 0.0 0.0 0.0 0.0 0.0 0.0 0.0 
3070 1 0.0 0.0 0.0 0.0 0.0 0.0 0.0 
3071 1 0.0 0.0 0.0 0.0 0.0 0.0 0.0 
3072 1 0.0 0.0 0.0 0.0 0.0 0.0 0.0 
3073 1 0.0 0.0 0.0 0.0 0.0 0.0 0.0 
3074 1 0.0 0.0 0.0 0.0 0.0 0.0 0.0 
3075 1 0.0 0.0 0.0 0.0 0.0 0.0 0.0 
