# Cluster list (3013 data points):
# "Cluster Identifier" "Cluster Size" "Radius of Gyration" "Gyration Tensor.XX" "Gyration Tensor.YY" "Gyration Tensor.ZZ" "Gyration Tensor.XY" "Gyration Tensor.XZ" "Gyration Tensor.YZ"
1 20 4.9849916707 4.7656416847 13.1257470901 6.9587531821 2.2582115684 0.1182115785 0.7228960057 
2 18 5.2446813433 9.0549816625 13.5701257847 4.881574945 -1.0046672943 -3.8116084558 3.0479795795 
3 13 5.0647268962 3.7722954705 5.1831887404 16.695974322 -0.4033935639 4.8860413892 -1.9962400762 
4 12 4.4783911548 2.3028899467 1.7639157551 15.9891816336 -0.0026653708 2.8902447687 -2.0270078836 
5 12 4.6875348783 6.1067787397 8.4302203502 7.4359841451 1.9457973388 -3.9132884624 2.926265517 
6 12 4.2105148625 8.1129519784 4.9728562283 4.6426272009 -2.1095270246 2.5770115239 1.7046970297 
7 11 3.7492194841 6.3786550766 6.5997067009 1.0782849621 4.0258334808 0.8530781042 0.4936012662 
8 11 4.0680846502 7.4455855182 1.0744107779 8.0293164253 -0.4256367454 1.1359237414 1.0336605029 
9 11 3.544917022 3.7769274932 6.7262055678 2.0633036317 -2.3407704354 -0.7265615804 -0.6422932716 
10 11 4.2456094893 6.6013269009 4.1708827599 7.2529902752 0.5134675756 5.705372178 0.3290497093 
11 11 5.1520215149 8.7754639409 14.7090947599 3.0587669895 -8.1296586587 1.7051417607 -4.5436989716 
12 10 4.0464297255 2.5091564077 4.2471316956 9.6173054203 2.4825037478 -3.5356787232 -3.2365329915 
13 10 3.8699867221 4.3339897268 5.9074468277 4.7353606744 0.3893695621 2.4303538261 0.0288171341 
14 9 3.5369775386 2.2461124759 1.6046442468 8.6594533858 -0.004169913 0.8794319329 0.6243306914 
15 9 3.330589457 4.9912945198 5.4600715349 0.6414600762 -1.0128707479 -1.0431584225 0.1627370628 
16 9 3.5615154179 2.7755192907 4.7461757541 5.1626970272 0.2913354763 0.1308813156 2.2529287509 
17 9 3.3044796509 3.7053572281 2.252952195 4.9612763402 -1.4203429703 0.976031295 1.1817798414 
18 9 3.5054886557 4.9205013018 4.1130308313 3.2549185817 2.4736683477 -1.9267941178 -2.2632406041 
19 8 3.0295727087 4.3642105142 2.4113584157 2.4027418674 1.3628286272 1.309521765 1.7356653988 
20 8 3.9766431741 4.8592441684 9.7369491908 1.2174975747 -1.1996519949 0.6075876505 -2.685162091 
21 8 3.1857359828 2.4213627917 6.1953313385 1.5322196221 -2.3080115203 -0.8128382665 2.1538274477 
22 8 3.8738323283 7.8647031413 1.5938594915 5.5480142752 -1.536280375 -6.3107199793 0.8130254108 
23 8 3.8976171174 6.2629838612 5.629893383 3.2985419499 -3.1158000412 -1.0353717263 -2.6363463886 
24 8 3.6667046499 7.6425001959 1.131517822 4.6707049717 1.0960096495 2.4487131466 0.7176443428 
25 8 3.0585227575 5.2166884779 2.7188750758 1.4189979044 -0.1577226645 -1.4448108591 -0.056156518 
26 7 2.9556231087 3.8165548686 3.072967342 1.8461857499 -1.1155089415 -1.3588755853 0.9089609786 
27 7 3.1465007976 2.5885519192 2.8827932478 4.4291221021 -0.9918285344 0.6634875016 0.3025880271 
28 7 3.7288872565 2.5558416669 0.9078164572 10.4409420473 0.7912563306 -3.4332993365 -2.2344341492 
29 7 3.4016252999 1.7356831229 1.9734557575 7.8619158002 -1.4573039169 1.8492510656 -2.7168243665 
30 7 3.3007136221 4.0645364983 5.1410904369 1.6890834798 -0.737164086 0.3283923084 1.5382405262 
31 7 4.1923469702 13.8180718046 1.4642364149 2.2934648993 -0.9954706788 4.5519287863 -1.1006611146 
32 7 2.4060662312 1.0943416002 2.520136407 2.1746767016 1.2126169563 0.0237420081 0.1286505355 
33 7 3.7191083912 5.5397046348 5.5889116471 2.7031509435 3.577882746 -1.6377199873 -2.0611138026 
34 7 3.2605821469 1.3001402732 1.9950677713 7.336187892 0.5801502204 -1.4330199811 -2.8224527957 
35 7 3.335076211 2.2175633213 6.8342831191 2.0708868932 -3.0603244937 0.0010773051 1.171967204 
36 7 3.5758585217 0.8815521976 6.129969062 5.7752429076 -0.3114478153 -0.4238769313 -4.1452381052 
37 7 3.2248501411 4.1641577456 5.5151605469 0.7203401401 -0.8196154987 0.5824871478 -0.1043860214 
38 7 3.3943699113 2.663596906 6.6456464 2.2125037887 -1.6343640428 0.8373160549 -1.9928632563 
39 7 3.6657574197 8.0174193148 1.9080986181 3.5122595269 -3.2039469066 -1.5016555626 0.7379304399 
40 7 3.1951644154 1.8114520379 5.1600939705 3.2375296331 2.2464427296 0.4815334384 -1.1838552682 
41 7 3.0375735891 4.9735279961 3.9610025701 0.2923227432 0.6662611158 -0.349924634 -0.9235709304 
42 7 2.7068670514 1.0986342669 3.8756415456 2.3528534214 1.2429507137 1.0542425773 1.1177920119 
43 7 3.7874997387 2.1372664878 0.8766166748 11.3312711084 -0.050625601 1.4026129574 0.0668008355 
44 6 3.094476134 3.0044603176 5.5093824236 1.0619398029 -2.8020446823 0.0875697495 0.5404974432 
45 6 3.0915895324 2.3674223891 4.1234397413 3.0670637061 -1.4043016774 0.6614668193 2.1969310701 
46 6 2.8484670543 0.3127915807 4.7732506201 3.0277223586 0.5693087957 0.138337998 0.22433944 
47 6 4.0751197155 2.8757371677 0.3307816493 13.4000818785 -0.1160811449 5.4577990077 -0.4672069886 
48 6 3.3299574932 5.6568132764 0.3564180481 5.0753855823 0.6751263591 -4.0153646758 -0.9347375693 
49 6 4.1337864882 3.3666930894 6.6622335415 7.0592640993 4.1285869054 -2.7289723953 -5.6414065747 
50 6 2.9118232801 1.2509264945 5.6987245539 1.5290637663 -2.145623049 1.1731783192 -1.6588087625 
51 6 2.7044926463 2.3245436341 3.2797993258 1.7099375143 -1.9713943008 -1.2506490532 1.1372246511 
52 6 3.0274148901 0.3673826744 0.7865566633 8.0113015791 0.0459928252 0.4063328852 -0.0288925627 
53 6 3.1412922767 0.7174200147 0.8380085825 8.3122885704 -0.1151888918 1.9326136025 -0.6104456083 
54 6 3.3940596611 0.1034430577 1.6291983683 9.786999557 -0.0013548444 0.8135193158 2.0137119641 
55 6 2.8178425937 3.5209908498 4.2171769801 0.2020690531 3.1252416481 -0.2344442278 -0.0908791241 
56 6 2.5482366674 3.669789459 2.4926001884 0.3311204657 -0.3918197243 -0.0213555811 0.7682968252 
57 6 2.4983785083 1.8366960409 2.5641937867 1.8410053431 1.1916089526 -0.7730063326 -1.7058110862 
58 6 3.6025046196 1.4119390394 8.5430489175 3.0230515775 -2.792463841 -1.7166165857 4.1728605393 
59 6 2.7118326506 2.9728208606 1.3157402535 3.065475211 0.6119370416 -0.9668877356 -1.6767135979 
60 6 3.4596075778 2.7855104076 7.4994549127 1.6839192722 3.9889932988 -1.8600689866 -3.1675077771 
61 6 2.1840780153 0.6600681276 2.7563574508 1.3537711986 -0.3289704666 -0.0846134506 -0.9222278744 
62 6 3.1973044059 7.214986813 2.1764173896 0.8313512613 -0.6356571302 -0.9770392993 -1.0124517994 
63 6 3.0457464886 1.9916051118 3.9017464186 3.3832201424 -1.2374902043 1.1910832166 -1.0891299827 
64 6 2.6399373538 2.1947783033 4.0796707763 0.6948201524 2.150844977 -0.4571110586 -0.589395258 
65 6 2.5994875933 1.7992119559 2.239067787 2.7190560048 0.6814860718 -0.7491062093 0.0547424384 
66 6 3.9614109588 7.8771052526 4.2588666083 3.5568049232 -5.3933865444 -4.313950699 2.2266114076 
67 6 2.6973718224 1.5567289768 3.3529593608 2.3661264108 -0.5620790244 -1.2044393701 -0.3094689176 
68 6 3.2132270506 6.1840394349 1.4834318263 2.6573568172 1.5837111061 -3.4777813562 -0.5631428668 
69 6 2.7473322359 0.4958383995 1.9922628311 5.0597331837 -0.0505198431 -0.774725211 0.7775044591 
70 6 3.4846537208 5.7866855176 2.4705559682 3.8855700681 -3.0532444343 4.4422825805 -2.1550336468 
71 5 3.2467768777 3.8844318202 5.8419131125 0.8152151606 4.16888446 1.0314024364 0.8858819361 
72 5 1.9387743741 1.2309295416 1.0554930616 1.4724234703 -0.1830965191 -0.2405731831 -0.2856450884 
73 5 2.0368841608 0.1828287122 2.4165653567 1.5495030154 0.0504349142 -0.1328435189 0.8768406353 
74 5 2.602880446 3.0938268954 2.0943653876 1.5867943331 0.7086950415 1.3908591837 0.7825359433 
75 5 1.8183562784 0.8097117723 0.6165227946 1.8801849885 0.3902259566 0.142787939 -0.6393291637 
76 5 2.6793825967 0.9614913737 5.118288402 1.0993113237 2.1490754925 -0.9090875309 -2.2842057836 
77 5 2.5904598396 1.5829173889 4.3226064645 0.8049583272 -1.0047546436 0.9459268323 0.1899204085 
78 5 2.6967091101 3.443710021 1.9823260595 1.8462039441 0.880122312 -0.5359030225 1.4084174176 
79 5 3.3495502223 5.8696948237 4.0945771037 1.2552147642 3.9793380841 -1.8266489089 -1.9522998224 
80 5 2.1038190605 1.8058796882 0.3330167206 2.2871582306 -0.5639186116 0.2708234535 0.4765402539 
81 5 2.8973722114 6.0520259209 1.7572029136 0.5855368968 -1.1553736783 -1.8241110407 0.2138042696 
82 5 2.6909729228 4.5219369126 0.7697969147 1.9496014438 -0.5710876081 -2.6129082608 0.2838506977 
83 5 2.9370222763 6.2317425834 0.6154673088 1.7788899593 1.0303643308 -2.4778888025 -0.4808786474 
84 5 3.5227439408 5.82750038 0.6245061213 5.9577183714 -0.908482635 5.3436694586 -0.5901217891 
85 5 2.6674772444 2.5621297639 3.8540396178 0.699265468 0.882310877 -0.6449484226 0.5964198562 
86 5 2.7354280162 1.0559947704 0.5681467424 5.8584249192 0.1597858588 -1.5522735253 -1.1858951427 
87 5 3.0084474777 1.8262775743 2.346965599 4.8775130527 -0.1386537092 2.833431528 0.8022236305 
88 5 2.1225464338 1.45331818 0.9537739373 2.0981112463 1.005478952 0.558717868 1.0755355824 
89 5 2.5162905664 2.8748140572 0.5433369457 2.9135672116 -0.577200618 0.2903354234 0.6541893154 
90 5 1.9998741123 1.2730273407 1.1205848866 1.6058842377 0.0383016111 -1.3052195237 0.136102439 
91 5 3.0665143285 0.7380196409 2.2299020503 6.4355884358 0.5556757998 -0.221202721 3.1867425346 
92 5 2.5074865871 1.6505219941 0.9920923969 3.6448745932 1.0264103018 -1.018321905 -1.3821153101 
93 5 2.9526724041 2.3629968912 3.6674401722 2.6878372626 -2.0403873088 1.7649403152 -2.391262516 
94 5 3.0347119233 0.7172935862 1.4546529159 7.0375299554 0.2651581156 0.5028165618 2.0750537378 
95 5 2.1198496025 1.2076419878 3.1228979496 0.1632223997 -0.5759150678 0.0403237674 0.1492870461 
96 5 2.5076947686 1.7265873347 1.3189629747 3.2429827428 0.5236868359 0.8449668841 -0.1253083338 
97 5 3.2378629313 0.7822286662 4.4660572536 5.2354704419 1.6177906598 1.9100415015 4.0836178644 
98 5 2.8181970683 2.9366907057 3.9335370925 1.0720069175 1.4773552419 -0.7990450604 -0.977479275 
99 5 2.6570913768 3.3466417052 0.8737516944 2.8397411849 -1.1227648741 -2.5819620597 0.4786694068 
100 5 2.8151437936 2.8780666307 2.9566848296 2.090283118 0.1846432376 -0.8521724083 1.8442884058 
101 5 3.512611322 0.0434745246 10.4697484671 1.8252153075 -0.5684673742 0.2246187595 -2.7587489109 
102 5 2.7932343319 0.3540638657 2.857012011 4.5910821562 -0.4032477687 -0.1284494916 -2.4735992054 
103 5 3.0476373385 4.8992921934 2.3246208977 2.0641802561 -1.4620662725 -2.8393480298 0.3118825889 
104 5 2.0868202375 3.8931144202 0.1095043018 0.3521999817 0.0231972498 0.7697590117 0.0064036448 
105 5 2.9206332512 4.4599821782 1.9354506524 2.1346657576 -1.4626139544 1.1510073232 0.893075322 
106 5 3.2081517841 2.6163987126 5.3233637941 2.3524753634 -1.8606225556 1.3644339523 -1.8820715853 
107 5 2.6561256483 1.8729853224 2.0566373306 3.1253808063 -0.6788353853 -1.9461543556 0.7706611846 
108 5 2.4418697427 4.3435025618 1.0313583966 0.5878668819 1.4426882128 0.3513345727 0.0976341122 
109 5 2.5764843845 2.780078398 2.9574322846 0.9007611009 -1.7748868202 -0.6477297918 0.0811779753 
110 5 3.5097065867 6.8470933384 2.3979324639 3.0730145224 -3.9079110368 -4.3062006988 2.3576072444 
111 5 3.0270976365 5.4455628528 0.9691532844 2.7486039635 0.8918958603 -2.4481619773 0.549118078 
112 5 2.3760917113 1.3106897591 3.8037161104 0.531405951 -0.6561798357 0.3288520338 0.4342006712 
113 5 2.7614633691 2.8814885385 3.3000342717 1.4441571288 2.5158468509 -0.3013606521 -0.0063347161 
114 5 2.3820386083 2.2658485375 1.0845399753 2.3237194185 0.3710253042 -1.649482186 -0.5853657445 
115 5 3.0505122561 7.315952942 1.0716753112 0.9179967711 -1.4944994013 -0.3002099251 -0.4053039549 
116 5 2.5170248382 1.7343898372 3.0146482966 1.5863759026 -0.4041668429 1.0702534694 -0.5984140485 
117 5 2.0580929907 0.5071608152 1.5578900749 2.1706958682 0.1922083435 0.697657802 -0.1543418501 
118 5 2.1500045499 0.7234712304 3.5741376855 0.3249106486 -0.4147498291 -0.2150010072 0.1617034009 
119 5 2.5723484742 2.4569612391 1.1284896471 3.0315257868 -0.3754045463 1.3478516665 1.045449766 
120 5 2.5525267159 1.0333903668 2.272724497 3.2092777715 0.4444335076 -0.0906217039 -2.2370527668 
121 5 2.6604255303 6.1935035895 0.4603039339 0.4240564788 -0.9386203754 -1.2179139734 0.1888633742 
122 5 2.6866822455 0.2616796412 3.6654599803 3.291121867 -0.2474063897 -0.0392313799 2.900730863 
123 5 2.9908128427 1.4991389727 2.3822730073 5.0635494801 0.7545302911 1.0087276558 -1.9387594995 
124 4 2.6634733538 5.4345341877 1.5489584276 0.1105976912 1.1486960425 -0.6988112905 -0.2563809245 
125 4 1.845069731 0.8779604794 1.6111378508 0.9151839819 1.1193970103 -0.2879988263 -0.5243569928 
126 4 2.5033542735 4.0286793401 0.978659452 1.2594438265 -1.5228289889 -1.2613599337 -0.079835443 
127 4 2.1144904737 0.2670237933 1.6232245277 2.5808216425 0.1712650352 0.6314934522 -0.1474218053 
128 4 2.4337918127 1.3181485521 2.7365491708 1.8686448649 1.7329850735 0.1267333893 1.0723423571 
129 4 2.5181405628 1.5976068267 2.7233245297 2.0201005376 1.7831986487 -0.9176680823 -2.0669987469 
130 4 2.0174714535 0.8937609932 1.3355703727 1.8408597 0.2108522425 0.6369880279 0.3120594978 
131 4 2.5640883647 0.5742991745 1.3332753978 4.6669745697 -0.36814278 -0.7082848454 1.79718036 
132 4 2.6947265328 0.1690539422 2.0892668324 5.0032303122 0.3735453903 0.6735154576 -0.2163812009 
133 4 2.2191895066 0.5882301433 1.9335751907 2.4029967321 0.9776202832 -0.8117291693 -1.8281618102 
134 4 1.3099444907 0.067078413 1.2522640675 0.3966120882 -0.2004898047 0.1353953316 -0.2707932684 
135 4 1.7532928117 0.6633695092 0.9736362045 1.4370299699 -0.587499196 -0.2763004185 -0.5292307453 
136 4 1.8246130076 1.1452233726 1.8180261303 0.3659631246 0.2731861498 0.4871257477 0.1033949176 
137 4 1.9208323026 2.7285379699 0.3266851622 0.6343736025 0.6794062611 -1.0514776352 -0.1150414109 
138 4 2.2865652986 0.1209682141 4.4635632698 0.6438493807 -0.6620839903 -0.0862426102 0.9789452227 
139 4 2.2352127046 2.2612247768 0.9123194111 1.8226316469 0.8059317488 -1.8079880221 -1.1105507019 
140 4 2.4468304353 1.8600107676 0.4431088261 3.6838595855 0.6111173753 0.8976137358 0.5701946796 
141 4 2.2729124198 1.7550894177 3.2170026967 0.1940387535 -0.1014383573 -0.4285427387 -0.502946673 
142 4 2.0754801899 0.8354427304 2.1643856107 1.3077896775 -1.2742159012 0.4364669612 -0.805804877 
143 4 2.3564480398 1.1811450873 3.5217800686 0.8499222085 -0.0748732161 -0.9603261361 -0.3798141176 
144 4 2.2475457039 1.5659320426 3.3775802819 0.1079493666 -0.6558525766 -0.029098899 -0.0090304225 
145 4 1.9895922379 0.6389004109 2.3243144436 0.9952624187 -0.9046908478 0.5107701792 -1.3953891714 
146 4 2.1246547622 1.1460675619 3.0602204102 0.3078698865 -1.3317848881 0.3724609972 -0.3460719734 
147 4 2.6393155539 0.1905607744 3.9318805316 2.8435452869 0.6569930438 -0.1831816063 -2.7376343999 
148 4 2.9028723488 0.2306996626 7.1205406229 1.075427588 -0.7567861744 -0.103185696 2.1192612308 
149 4 2.5668509895 1.3957040519 0.2591759838 4.9338439668 0.4686963419 -1.2412121864 -1.0411449114 
150 4 2.0784956301 1.7918277403 1.807893543 0.720422801 -0.4646371144 0.0369926745 0.9869229586 
151 4 2.5510161775 5.1581344275 0.6933541081 0.6561950021 -0.5987154651 1.3204286493 0.2719306094 
152 4 2.8195970887 2.2033108754 1.7077239658 4.0390929013 -0.8289459871 -2.0207425676 2.1898094363 
153 4 2.3345834469 1.3797054163 1.0711059232 2.999468531 0.7312478234 -1.8021245616 -0.9247460832 
154 4 1.8259547743 0.9600452127 1.3782094412 0.995856184 -0.2289404443 0.1334415778 0.6219137928 
155 4 2.5740549685 1.2839670995 3.397679502 1.9441123795 -1.12519922 -1.1146025627 0.2105265954 
156 4 2.0801352823 3.2357602751 0.379808935 0.7113935824 0.2786079874 0.1695742035 0.4455543417 
157 4 2.1663513869 1.3720681593 0.7347351803 2.5862749919 -0.4706323397 1.3915049557 -0.2891675588 
158 4 2.7801815294 2.964290752 1.146803001 3.6183155834 -0.4484149643 -2.2095453536 1.7869346852 
159 4 2.1754321344 1.5048597359 1.0942943702 2.1333508652 -0.7719011216 -1.7652934859 1.071600862 
160 4 2.2353353611 0.3488294376 0.9859498743 3.6619448649 0.2555706595 0.2506743858 -1.3015879669 
161 4 2.526763293 5.9567318148 0.2231166796 0.2046842443 1.0750507072 0.5718972926 0.1614069164 
162 4 2.6051003214 1.386915584 4.9445956332 0.4550364672 -1.5751717091 -0.5808525316 0.7876184491 
163 4 1.773338173 0.2296182624 1.6098401602 1.3052698531 -0.5288122897 0.4949538064 -0.9279265101 
164 4 2.0008832811 1.2782071799 0.6021611441 2.1231655808 0.0219234258 0.86529442 -0.5843397862 
165 4 2.1600399386 2.4065129415 0.6545301867 1.6047294081 0.3073983339 -1.869970994 -0.438203382 
166 4 2.1154174915 3.1318775317 1.098626732 0.2444868995 -0.6205902538 -0.1453046409 0.3822939455 
167 4 2.1930173512 1.8135905012 2.576351165 0.4193834363 0.8345584286 0.5274782948 -0.3836974516 
168 4 2.5578018381 2.8115240543 2.206453946 1.5243722427 0.877595188 1.5888586975 1.3693447622 
169 4 2.4041357416 0.4885670662 4.4685749367 0.8227266611 -0.4395056846 -0.282688178 0.8614586129 
170 4 2.466864161 4.4432459221 0.3117931804 1.3303796862 1.1094992011 0.1456529566 -0.0487936137 
171 4 2.7193152341 0.9284258823 3.8960741368 2.5701753235 -0.0914723755 -0.0379392402 -3.0266502885 
172 4 1.9985033344 2.008276535 1.2647857481 0.7209532946 -0.6795942737 -0.0696253647 0.8849746205 
173 4 1.8133106303 1.7734077989 1.0912783859 0.423409257 0.0324879785 0.0309830232 0.6549228122 
174 4 2.087460711 1.3795094516 2.9168496674 0.0611331009 0.8615973108 0.0822527809 0.3053470314 
175 4 2.3920557356 2.3478610477 1.5933438046 1.7807257899 1.7512127196 1.9047085093 1.4925968812 
176 4 2.0715694617 1.7244053966 0.3824949215 2.1844997166 0.396442814 0.6535011649 0.1190199938 
177 4 1.5575526339 0.6435239478 0.8334670721 0.9489791874 0.0567071121 0.6822809161 0.4917618207 
178 4 2.6724187798 1.2629447179 2.4039287537 3.4749486629 0.4514167846 -0.8057262625 -2.8186034287 
179 4 2.6468507223 4.2039029386 2.6520580165 0.1498577909 -1.729811693 -0.1257339956 -0.4424258505 
180 4 2.3661628172 1.2165575896 1.3444430004 3.0377258875 0.3801557547 1.5691748006 0.3342893614 
181 4 3.0694092403 3.7470615895 5.1716499446 0.5025615503 -4.3169437795 -0.8136863715 0.822875224 
182 4 3.0432635446 7.823552048 1.3865990716 0.0513018825 -1.2747514117 -0.2363076244 -0.0476765977 
183 4 2.5951303762 0.4078624841 0.5106414507 5.8161977347 -0.2549590687 -0.2237169711 -1.2374376382 
184 4 2.3488672895 1.2635229547 1.9663106472 2.2873439416 1.5011685565 1.4061996833 1.3189603569 
185 4 2.8610776634 3.0244960888 0.0823211345 5.0789481729 0.2795572896 2.0219711498 0.3612176581 
186 4 2.9375475636 4.6910061138 1.0399494905 2.8982300837 0.0361172529 3.6862640091 0.0584436414 
187 4 2.1029029554 3.0173209559 0.2485569794 1.1563229043 0.8036822284 -1.7727338111 -0.4303343627 
188 4 2.5242953671 1.0654185669 0.725054537 4.5815939963 -0.6049613234 -2.1397775794 1.5394017551 
189 4 2.4629881312 2.7235699879 2.0505046263 1.2922359204 1.3388449009 1.0817940846 0.6289651549 
190 4 2.1931820699 1.5897653536 2.1985482318 1.0217340064 -0.91526437 -0.5015569086 -0.7930921061 
191 4 2.4745708273 0.4828620618 5.072006724 0.5686319933 0.16365762 -0.4419143726 -0.3987193157 
192 4 2.5882408271 1.4409236793 4.8038282093 0.4542386906 2.4703081251 -0.2668197676 -0.3283947608 
193 4 1.8254512916 0.3215839578 0.3910233503 2.6196651098 0.2443741088 -0.7282422256 -0.3063025129 
194 4 2.1751123294 1.6085294965 0.5160844811 2.6064996679 -0.4076644049 1.672128674 -0.8628392348 
195 4 1.9748067881 2.9951880853 0.6034233028 0.3012504622 1.0470564592 0.3913488429 0.1298170538 
196 4 2.7013854714 4.1619742886 0.9208332147 2.2146759616 -0.0545205136 -2.9104444083 -0.2945222654 
197 4 2.4196688338 1.9213567885 2.8631539553 1.0702865217 -0.9924194827 0.7738893702 -1.6724673797 
198 4 1.9342881728 0.7464182627 0.170062106 2.8249903667 0.0907890866 1.1337138155 0.5198759858 
199 4 2.8464337734 3.1915673497 1.2435973139 3.6670205625 -0.7566488233 -3.3005091516 0.4423458679 
200 4 1.9492454065 0.049674835 1.4089751904 2.3409076295 0.223816803 -0.1243345054 -0.8280336613 
201 4 1.9274780532 0.5114468586 2.5983695541 0.6053552327 -1.0517231007 -0.1748193012 -0.1173974474 
202 4 2.4658744773 3.5567990667 1.0970713434 1.4266665278 1.8286440438 0.8115778541 0.2902970008 
203 4 1.7902332912 0.9824135848 1.5112108538 0.7113107985 -1.0318971365 0.4857198062 -0.890524806 
204 4 2.1476198697 0.3442697819 2.2929545852 1.9750467375 0.5929471483 -0.1955083976 1.1207560109 
205 4 2.7546235733 2.9850676511 1.4459681585 3.1569152212 1.9250102666 2.9004989892 2.1292118196 
206 4 2.1163820308 2.376971397 0.1973678823 1.9047336212 0.1130171768 -0.8508376841 0.4593894967 
207 4 2.3647479946 4.4411501385 0.3169591641 0.8339237756 -0.5987800899 -0.7390712791 0.271074211 
208 4 2.4456807792 1.9644084216 1.2935137307 2.7234323212 1.3792515167 2.1569477745 1.213362162 
209 4 2.2676805694 2.6600662535 0.8961331031 1.5861758083 1.3505800187 1.9901113987 0.8898467278 
210 4 2.8390968771 1.006479833 5.8031894894 1.2508017551 -2.3997291916 -0.9828409388 2.2143408037 
211 4 2.3172316706 0.985370431 0.5887372614 3.7954549229 0.3825649522 0.5826497721 1.2785404991 
212 4 2.7700747067 5.7895631172 0.7040970295 1.1796537337 -1.9024711968 1.9672788743 -0.4687395558 
213 4 2.8541667414 6.2104448477 1.1017749202 0.8340480196 1.5926510746 1.3027685112 -0.1667052146 
214 4 2.1476035091 1.4390646283 1.1730992183 2.0000369857 -0.7882350528 0.5924581279 0.7649923372 
215 4 2.4360907779 0.474679406 3.0459366428 2.4139222292 1.1477492707 -0.7860789384 -1.7695709681 
216 4 1.8227552977 0.7337035907 1.9689643296 0.619768955 0.0395721833 0.095099696 -0.4734099821 
217 4 1.9089441314 2.7056976913 0.5082239127 0.4301460929 -0.5307538691 -0.3248388368 0.4565076686 
218 4 2.1797512725 0.7768829283 1.8043056036 2.1701270782 -0.626092241 -0.6147460992 1.9664100339 
219 4 2.8570434087 2.930640164 2.9105015591 2.3215553161 -2.8747986846 2.5712272515 -2.4867378966 
220 4 2.3120813147 1.0604597217 1.1792792355 3.1059810485 0.2891275375 1.2650918315 0.0690003143 
221 3 2.1866890349 3.390739447 0.3010355297 1.0898339586 0.800793581 0.2662174888 0.4087424376 
222 3 1.838348712 0.5923024446 2.7457046361 0.0415189061 0.4987214156 -0.126963869 -0.2892952147 
223 3 2.3234853969 0.1393550235 3.060846328 2.1983830379 -0.5854266205 -0.4778391009 2.587711508 
224 3 1.334149882 1.2799349503 0.2394356746 0.2605852827 -0.2072437486 -0.4505763832 0.2178465245 
225 3 2.0109741499 0.3441243409 3.4337379376 0.2661547532 -0.7979478798 -0.2970994393 0.5652661339 
226 3 1.7076154321 1.2832454766 0.1708174322 1.461887555 -0.4651392192 -0.8753282459 0.2734847105 
227 3 1.2821300396 0.6385603152 0.1155266119 0.8897705113 0.1093415548 -0.6900515235 -0.2362562722 
228 3 2.1675361013 0.0737895143 1.413631393 3.2107918433 -0.3194664864 0.0389578945 -0.4807196352 
229 3 1.9628809461 1.4142144242 1.8616127808 0.5770744036 0.2928460819 0.4776145124 -0.7664279139 
230 3 1.8238741703 1.8855420733 0.2174354877 1.2235394279 0.0642122315 1.4720267826 -0.0763679102 
231 3 1.9292365386 0.3961313308 1.8184587692 1.5073635221 0.3855350346 0.7322779416 1.1836639327 
232 3 1.2282784695 0.0949368421 1.3955095634 0.0182215931 -0.3011189177 -0.0265700032 0.0153526287 
233 3 2.1177301678 0.6441024713 2.7339842636 1.1066943288 1.0770209823 0.8188327973 1.1215404761 
234 3 1.7789637496 1.3550120595 1.4580871178 0.3516128452 -1.1590625509 -0.4816724101 0.1218845883 
235 3 1.853809001 2.484298225 0.1930855881 0.7592239992 0.6313531948 -0.1612793803 -0.1973062187 
236 3 1.9147382603 1.8070092372 1.8514210552 0.0077923133 0.0562492675 -0.0629155092 -0.1037494025 
237 3 1.7978702978 0.5788114766 0.01559343 2.6379327012 -0.0949944059 0.5011104502 -0.0848006954 
238 3 0.7820413411 0.1341036593 0.3862402802 0.0912447198 -0.0419899896 0.087264783 0.0860624304 
239 3 2.1969658326 0.5094190984 1.4365037964 2.8807359746 0.8491001617 -1.2097886339 -2.0292452178 
240 3 1.5888618666 1.8717853355 0.4274420888 0.2252546069 -0.5148152723 0.2298101227 0.1741182469 
241 3 2.5528331412 0.3406655787 1.5752690814 4.6010223867 0.5971743742 -1.2378101232 -2.4036278139 
242 3 2.0973126838 2.9590716785 0.7107102393 0.728938576 -0.0719207388 -1.1279309631 -0.4329955825 
243 3 1.8374319848 0.0390361058 3.034967277 0.3021529157 -0.2708516943 0.0175857005 -0.7051408719 
244 3 2.2042184017 3.3764907153 0.9316573612 0.5504306861 -1.4165477747 -1.3425917863 0.488477912 
245 3 1.7623091305 0.7960839943 1.1304623713 1.1791871059 0.2392534403 0.8278787823 0.8292220072 
246 3 1.6203677846 1.1123183103 0.8121182013 0.7011552457 0.9197703199 -0.0850586407 0.1189259853 
247 3 1.7075975863 1.103108275 1.4975326738 0.3152485679 -1.2541072323 -0.5528426338 0.5761754894 
248 3 2.2093132487 2.4324789972 0.196171907 2.2524141266 0.1390224945 2.2519797063 -0.0488757354 
249 3 2.3033390486 1.3163100831 2.8059533556 1.1831073343 -1.7684624344 -1.235078928 1.7614394219 
250 3 1.8571784201 1.1236151198 0.2449471708 2.0805493936 0.2987689421 0.3803752239 -0.4672145969 
251 3 1.9491624614 0.7057552767 2.0010010099 1.0924780143 0.7208702493 0.6320064286 -0.1704715494 
252 3 1.8066620709 2.8222978299 0.2481194397 0.1936105688 0.0125963092 0.2309107211 0.2092160109 
253 3 2.3698732928 1.1004545583 0.0152100963 4.5006347691 -0.0989109893 1.3796730798 0.0083232305 
254 3 1.9706124231 0.8811909497 1.6800352548 1.3220871175 -1.0955684598 0.883725032 -0.7264788709 
255 3 2.038991762 0.3194773426 1.5350149834 2.3029950793 -0.6631286182 0.2240943252 -1.0484834437 
256 3 1.3934118665 0.2478903188 0.9826626566 0.7110436545 0.2101947022 0.1760850173 -0.5372540355 
257 3 2.1350450642 0.3629544862 1.4033821219 2.7920808182 -0.6734469746 0.4067812793 -0.1552886025 
258 3 1.7879527234 0.5405181645 0.6120563259 2.0442004509 0.3362656775 0.4305677901 1.0957234223 
259 3 1.9119193976 0.7345346068 1.4940777576 1.4268234186 0.4571529588 -0.3625173144 1.0029642 
260 3 1.7498270293 0.6613543264 1.6767545472 0.7237857588 -1.0109365479 -0.6907384925 1.0382486512 
261 3 1.6001134078 1.1980872549 0.4632625384 0.8990131245 -0.4868856976 0.7771855182 0.0078848322 
262 3 1.2329808468 0.1092171489 0.1196522299 1.2913723897 -0.014353245 0.2987934385 -0.2755173414 
263 3 1.6402165307 1.9475103357 0.079914519 0.6628854129 0.1698173768 -0.5422112101 0.135285765 
264 3 1.659347326 0.2965768652 0.521016854 1.9358398293 0.1492283354 -0.4967618251 0.4516175791 
265 3 2.5389508045 2.7949957326 3.2392587768 0.4120166783 -2.9985160501 0.4910489943 -0.6122313403 
266 3 1.6603981891 1.819232581 0.6224016426 0.3152879228 -1.0437598714 -0.7562724911 0.438500989 
267 3 2.1080713964 0.2623497718 1.3372416828 2.8443735576 -0.118393283 -0.5166269429 -1.2983745543 
268 3 1.8747655374 0.9798013002 0.2967948306 2.2381496893 -0.5183410642 1.3070600017 -0.7971373454 
269 3 1.9265048273 1.3969731854 0.9436411678 1.3708064965 -0.0653488959 -1.203253702 0.617125436 
270 3 2.0674850111 0.17803139 1.6571457786 2.4393171027 -0.2150664635 -0.0256055141 1.8757652589 
271 3 1.840629581 2.2509986067 0.749666081 0.3872525667 -0.0190132568 -0.7273119131 -0.3316655438 
272 3 2.0947245387 1.8630297817 1.5765925386 0.9482485726 -1.4829896285 1.1963280844 -1.2193392656 
273 3 1.5007341499 1.5282398976 0.6118593134 0.1121037777 0.3670864765 -0.3862090512 -0.0056190283 
274 3 1.44735294 0.6888074386 0.0122828319 1.3937402626 -0.0699867483 0.9527788452 -0.0770045206 
275 3 1.9022915172 0.1192426407 0.3996574711 3.0998129048 -0.2129302511 -0.4405202833 0.6174902125 
276 3 2.2494495688 0.0798307247 2.4114276868 2.5687649512 0.1175540905 0.2911302145 2.2653520912 
277 3 2.0263705644 2.9903951612 0.846563886 0.2692186172 1.5910878477 -0.8969445284 -0.4772345227 
278 3 2.147045799 2.223407834 0.6972515717 1.6891462571 -1.2430459651 -1.8585759843 1.056730314 
279 3 2.3148411325 0.2965243993 1.0339613097 4.0280037596 -0.5515588914 -1.0924432481 2.0269118958 
280 3 2.2748556318 0.0588595655 1.1570931017 3.9590154783 0.198897558 0.468476009 1.2488566373 
281 3 1.848978311 1.8566189669 0.5802584146 0.9818434131 0.0704113065 -1.3156059245 0.1193663284 
282 3 1.5574459148 0.3593673221 0.2012495831 1.8650208725 0.1153363929 -0.4795737279 0.2946273735 
283 3 2.0281885315 1.7329303428 1.9545202615 0.4260981151 -1.3315574401 -0.1930721749 -0.4655038123 
284 3 1.3849088299 0.1893179342 1.2549996566 0.4736548764 0.4582475807 0.0893921571 -0.0344353397 
285 3 1.9296373554 0.9300313453 2.7587564997 0.0347124786 -0.145230257 -0.1783124614 -0.0100593949 
286 3 2.7736572654 0.6207469112 6.6812985476 0.3911291672 1.9716840493 0.4902939277 1.5170600178 
287 3 1.315312327 0.2355903309 0.5046956391 0.9897605477 0.2899259991 -0.3350708192 -0.1368438747 
288 3 1.4746738535 0.9748969019 0.339360834 0.8604052382 -0.5659020263 0.5455606503 -0.3943608842 
289 3 2.1249017604 3.0575164823 0.9716892974 0.4860017115 1.0785307983 0.5564868655 -0.2806290779 
290 3 1.6254936771 1.5796369827 0.6772384175 0.3853542941 -0.4641849499 0.5155618582 -0.4941481854 
291 3 1.7426783004 0.594476915 1.5080280778 0.934422666 0.1686547778 0.0043559095 1.1693020959 
292 3 1.958158332 2.620893686 0.9143164982 0.2991738691 1.0185669491 -0.4274285642 0.1788086416 
293 3 1.8555293667 1.3076898325 0.4003375841 1.7349618143 -0.2765671822 0.6435157393 -0.8324000666 
294 3 2.0195181644 3.4822709428 0.4735175813 0.1226650924 0.723952431 -0.5882833434 -0.209022779 
295 3 2.255185487 0.6471674094 1.6839819757 2.7547121958 -0.6755568235 -1.0149624663 2.1263814305 
296 3 1.4126080695 1.3212249943 0.1885391604 0.4856974033 0.4967956378 0.0934184518 0.0062676473 
297 3 2.2656392916 0.1523437601 4.7579026922 0.2228749473 0.4363364758 -0.1301004119 -0.9988136364 
298 3 1.5876113498 0.0397119637 1.178173107 1.3026247272 -0.1566175623 -0.0786185066 1.1118579795 
299 3 1.8809503552 1.7792608398 0.0447068516 1.7140065473 -0.2690916474 -1.7210338608 0.2462260202 
300 3 1.9438748455 0.5104883703 2.149071945 1.1190890995 -1.0340207641 -0.5853885874 1.3421144848 
301 3 1.5509704638 0.0891865389 1.3482703788 0.9680524618 0.0192659177 0.0392083961 -1.1220166189 
302 3 1.7035689747 1.4546960667 0.3730635829 1.0743876021 0.1198671691 0.2666500521 0.6322599271 
303 3 1.4095912672 0.170472451 0.4435806245 1.372894465 0.1444536112 0.1543231433 -0.4985714831 
304 3 1.5868206181 0.2458146962 1.229933394 1.0422515837 0.1264598895 0.4538283452 -0.2544634968 
305 3 2.1662179944 2.7177713308 0.9184907991 1.0562382695 -0.9589347424 -1.6584949385 0.4251270131 
306 3 2.5749525302 0.6000676246 3.5618644551 2.4684484528 1.4619664944 -1.2165851245 -2.9642187498 
307 3 1.7353581356 0.739862353 1.9643629505 0.3072425553 0.4558346165 -0.0591363012 0.6772122956 
308 3 1.8646904006 0.1659709003 1.3566368685 1.9544625213 0.4739121466 0.1703171843 0.4081759032 
309 3 2.2115562227 1.4129800722 0.5429870985 2.9350137555 0.8457475882 -2.0311756554 -1.2393903497 
310 3 1.8837872516 0.4266721558 0.7132800732 2.4087021803 0.3960785362 -0.1446477021 -1.0373284533 
311 3 2.0231455812 0.3893642336 0.7715298987 2.9322239102 0.5448815074 -0.8496482858 -1.2876001316 
312 3 1.5942603988 1.4593558664 0.2951534918 0.787156861 0.2282382458 1.0149065467 0.3040027234 
313 3 1.8047435628 1.8671494761 0.7550005205 0.6349493309 0.477209239 -0.0796797733 -0.6526560575 
314 3 1.984782373 0.2374835659 3.0458030038 0.6560744986 -0.7420842689 0.3657278764 -1.4026206113 
315 3 1.7303198326 1.3534275529 0.8554626736 0.7851164965 1.0752457044 0.7796639415 0.6396723639 
316 3 1.887038506 1.2272414246 1.8180408584 0.5156320401 -1.4825324256 -0.2066607331 0.1354742362 
317 3 1.5008581173 1.5582854809 0.3581347074 0.3361549 0.6610540214 -0.6427654908 -0.3469624895 
318 3 1.565878107 0.1647559261 2.1949578461 0.0922604737 -0.5841901342 0.0015246051 -0.1121591866 
319 3 2.1037370946 0.3729403027 0.0262684103 4.0265010503 -0.0131666792 0.8442710273 -0.2634311323 
320 3 2.3246988348 3.6711216472 0.5415808945 1.1915221308 1.1519733108 -1.8626745832 -0.3738256371 
321 3 2.1672293593 2.8384566911 0.1213577601 1.7370686444 -0.0311481797 -2.2197734849 0.0126790253 
322 3 1.9564096874 1.9898410919 1.0699651898 0.7677325834 -0.7373042764 -0.5305435123 0.9029817377 
323 3 2.497754411 0.5164457056 0.4442427518 5.2780886405 0.2276945993 1.594173833 0.3524052607 
324 3 2.1294038726 1.8498367575 2.1601775209 0.5243465741 -1.9932086668 -0.1508207479 0.0825546381 
325 3 1.8374686684 1.4263569147 0.1520643474 1.7978698455 0.4585207509 -0.3261763554 -0.0151736724 
326 3 2.1165022983 1.682887662 0.1953914041 2.6013029124 0.2724238057 1.5591149202 -0.1659699033 
327 3 1.9242854866 0.09470169 0.8087265628 2.7994463811 -0.2374413929 -0.4299901923 1.5032647958 
328 3 1.6841247052 0.3152991253 0.1347716491 2.3862052481 -0.0038444705 -0.3381838227 -0.5179993816 
329 3 1.5804618969 0.8720251001 0.1483747705 1.4774599371 -0.3441207637 -0.898992352 0.4379834909 
330 3 1.5264906921 0.5108737168 0.7642984438 1.0550016725 0.4422348188 -0.6806793977 -0.3515537695 
331 3 2.0903831785 2.1554367245 0.7975144792 1.4167506293 0.5069789027 -0.9496637137 0.5995161328 
332 3 1.9273568146 2.9202581697 0.3839158653 0.4105302556 -0.2016188731 0.6935701985 -0.3494591356 
333 3 1.4461311668 0.9450347918 0.7677531599 0.3785073998 -0.849914879 0.4182666904 -0.3505850591 
334 3 2.0386203922 1.7240544141 2.0756330793 0.35628561 1.3557149925 -0.7819524904 -0.5743544807 
335 3 1.856989952 0.063517382 1.2441419112 2.1407523887 0.2697823679 0.3431616586 1.6254134343 
336 3 1.7268498924 0.976489465 0.497689755 1.507831331 0.5788898313 -0.0256632228 -0.4977775275 
337 3 1.6430442968 0.2788861154 1.8773284153 0.5433800307 0.6949679502 0.3027474315 0.5776662393 
338 3 1.6602970265 1.264154089 0.2728848358 1.2195472914 -0.5872457742 1.2374914195 -0.5740141785 
339 3 2.3520172716 0.0096954441 4.0906677361 1.4316220656 0.1544762955 0.0972489075 2.4116066774 
340 3 1.8044412937 0.2032899641 0.4819034946 2.5708149236 0.1491094218 -0.3808040804 -1.1111656052 
341 3 2.1350964282 2.0669382484 0.1748525584 2.316845951 -0.5192762434 -2.172552337 0.5842491495 
342 3 1.7523507165 0.0581709886 0.7460964258 2.2664656194 -0.0879158241 -0.3495380986 0.2090615904 
343 3 2.3013104901 1.8481164824 2.3896463998 1.0582670897 -1.9467305332 0.8622834381 -1.3798792752 
344 3 1.9080954628 0.7485473124 1.4116879626 1.48059302 0.9770890408 -0.0077135543 0.4391137577 
345 3 2.2130260756 1.8834685949 1.1857264211 1.8282893951 0.2615726156 -1.7932275257 0.1238587613 
346 3 1.6545432836 0.6383769331 0.2860969998 1.8130395445 -0.4235492387 0.0408950461 0.0687796803 
347 3 1.5583692689 0.0750233867 2.078437194 0.2750541975 -0.350403811 0.1061700551 -0.2610476388 
348 3 1.950100275 0.504691283 3.0934011761 0.2047986235 -0.0746652267 0.2037626194 -0.6447078862 
349 3 2.0963902446 4.1179529264 0.242525605 0.0343735261 0.9943731105 0.1757994558 0.0344010516 
350 3 1.5022967675 0.501766578 1.7519715709 0.0031574286 0.3278629064 -0.0229476411 0.0419395857 
351 3 1.8455694074 0.4060310257 2.8755781247 0.1245172873 -0.3221012867 0.2243165754 -0.1385989048 
352 3 1.9327789908 0.1196208138 1.0351528948 2.5808609187 0.2798723007 -0.4681548785 -0.5617034423 
353 3 2.0157724771 1.3928266589 1.5654128071 1.1050992135 0.3363839448 0.8566433472 -0.7194974005 
354 3 1.0960216604 0.1806589375 0.6033384965 0.4172660461 0.3017654549 0.2578249176 0.5006321743 
355 3 2.1725438615 0.8276372805 3.176177091 0.7161324588 0.0388524413 -0.5588207416 -1.063307784 
356 3 1.8220855909 1.8350312013 0.4525534373 1.032411262 -0.1784206107 -0.9373494946 -0.3997095386 
357 3 1.9325065969 1.0598818687 0.8817510002 1.7929488783 0.8759633382 0.3424325702 -0.2322115997 
358 3 2.258150857 0.6949392723 3.736790031 0.6675159898 0.8707196814 -0.0094521511 -1.3406740598 
359 3 2.6536537334 2.183606818 4.7281662008 0.1301051178 3.0012530535 0.4145940261 0.3937925805 
360 3 1.3880259325 0.4653598181 0.4249429338 1.0363132374 -0.2678149419 -0.5934412767 0.6166682209 
361 3 2.161085478 0.5926533875 2.7725106313 1.3051264242 0.998704716 -0.5759230749 -1.8717436877 
362 3 2.0463073862 0.1263793384 1.0485016235 3.0124929567 0.3618826421 0.4209508884 1.0648454405 
363 3 2.2654806309 2.6623658827 1.1947779199 1.2752586866 1.6790035865 0.93212021 0.9469754173 
364 3 1.5079142248 1.8916516852 0.0376501239 0.3445035002 0.1764963336 -0.6687586635 -0.0145501251 
365 3 2.4040961527 3.0632513165 2.4971393341 0.2192876607 1.814655693 -0.109420809 0.4886238273 
366 3 1.6687881378 1.5195540243 0.2563998236 1.0089000009 0.614775591 -0.7298224365 -0.2241787744 
367 3 1.6789985866 1.3420627054 1.2977976297 0.1791759189 -0.1841136853 -0.3906477376 0.3422235227 
368 3 1.3398181948 0.5821902265 0.0656405462 1.1472820224 0.1953757961 -0.1297871744 -0.0527047988 
369 3 2.0188950495 0.1833904174 0.2585732121 3.6339735915 0.0640820395 0.3723383323 -0.694352733 
370 3 2.0486124137 0.6891299463 0.9971366197 2.5105462556 -0.5968051557 -0.9695045467 1.581705638 
371 3 2.1268930456 2.195151046 1.9462526758 0.3822703057 0.8097526441 -0.8322630899 -0.6385770387 
372 3 1.389146472 0.0646857424 1.6935060787 0.1715360995 0.019604226 0.0174798774 -0.5252746978 
373 3 2.1768709525 1.7047987501 0.7157787585 2.318189635 0.2856095674 -1.6509540814 -0.9697663401 
374 3 1.2885435092 0.906477895 0.4852673948 0.2685990853 0.1431654582 -0.1879797909 0.2962464663 
375 3 2.2079196466 0.5692591402 2.5105637339 1.7950862918 -0.6639885497 0.4248174888 1.1063739126 
376 3 1.7192967666 0.1987323507 0.1697527569 2.5874962642 0.0081653214 -0.4954232041 0.4583176524 
377 3 2.5359340254 0.4005419879 1.45612739 4.5742920034 0.6095187214 -1.3347942672 -2.2894129984 
378 3 2.4236978504 0.68598692 3.0453832714 2.1429410787 -0.4067390069 0.1373386064 2.3541726921 
379 3 2.0776839579 1.7062780536 0.5195296808 2.0909628945 -0.8699031517 1.5084359678 -0.5290625621 
380 3 2.5661328979 2.7426256613 0.6657720654 3.1766403232 -1.3412424342 -2.4922030853 1.123966797 
381 3 2.4038676181 2.7295999256 1.172950949 1.8760286508 -1.7702084232 2.1729066985 -1.3487917455 
382 3 2.1894427696 0.1528994683 4.5079103624 0.1328498106 -0.7219998023 0.0611728502 -0.6339121293 
383 3 2.2036546415 0.0726933922 3.5494232459 1.2339771409 0.4859827482 0.2288326712 1.922666088 
384 3 1.2734695865 0.2448311986 0.2946818363 1.0822117529 -0.2668386716 -0.2073947042 0.2851717911 
385 3 2.1250441912 0.6662662863 2.5895393913 1.2600071369 0.0280559347 -0.5812923387 -1.4204178906 
386 3 1.849884548 1.4156447079 0.8566507956 1.1497773375 0.375995829 -1.2299933779 -0.0789638346 
387 3 2.0405601099 2.8557427073 0.4054432166 0.9026996383 -0.7254951743 -0.7256246704 0.582896778 
388 3 2.0275947982 1.0333424775 2.8242388174 0.2535593706 1.4945808868 -0.3156362783 -0.1338505 
389 3 1.4950443463 0.7828835966 0.4016828973 1.0505911037 0.4433279003 0.4256876767 -0.1102137388 
390 3 1.5203290743 0.044210087 1.2845797866 0.9826106204 0.2357223776 -0.2032499015 -1.0471377494 
391 3 2.1829766699 0.4764147256 2.8858538179 1.4031185978 -0.9614777839 0.5565712464 -1.966945805 
392 3 1.2875762158 0.3135154331 0.6974593788 0.6468776996 -0.3204623982 -0.4439855261 0.3719394883 
393 3 1.8284093387 1.5733164676 0.0864254751 1.6833387673 -0.3666006757 -1.3574377591 0.293629821 
394 3 1.9998822419 0.3890355108 2.4138010121 1.1966924585 0.9206009596 0.6763132466 1.6706450687 
395 3 1.7936713035 2.5305341427 0.0821271332 0.6045954692 -0.4430739055 1.1308401291 -0.2192476776 
396 3 1.443471626 0.2549794443 0.954717091 0.8739137997 0.0449551116 0.4095111267 0.524651059 
397 3 1.9642198536 2.5384538884 0.9581437671 0.361561978 -0.1631087815 0.8832089077 -0.2835224357 
398 3 2.1867258994 2.3072872645 0.1546270263 2.3198558685 0.5123385534 1.3298832657 0.0433695916 
399 3 2.0698652 0.4978250739 2.1716257566 1.6148911156 0.8579029478 0.4597791373 1.7006782012 
400 3 1.95501892 2.1440715955 0.0247255688 1.6533018134 -0.1040411401 1.7309702218 -0.154947186 
401 3 1.7571328244 1.6332038605 0.718385138 0.7359267641 -0.5854988944 0.9515713023 -0.0373406591 
402 3 1.8352066272 1.1347916548 0.4321813066 1.801010403 -0.6395034119 0.8435120486 -0.1850328781 
403 3 2.0537359961 2.3907125326 0.409351638 1.417767371 -0.9836301592 0.4969055958 -0.2826168826 
404 3 2.1510870473 0.4971131009 0.3572542925 3.7728080917 -0.1695931027 -1.2201526937 -0.0663575162 
405 3 2.1071668168 2.6108080375 1.8078359614 0.0215079951 -0.9231635959 0.2344096186 -0.1090380336 
406 3 1.741490862 0.7920675437 0.2442001889 1.9965226898 -0.0137933231 -1.2156127402 0.1998579001 
407 3 2.5388231312 3.7856266855 2.2012040097 0.4587921965 -2.8637540536 -1.3178828889 0.9970318493 
408 3 1.1192120136 0.3013663629 0.7107843816 0.2404847868 0.2936983105 -0.1451095549 0.127721284 
409 3 2.1656873531 1.1701838491 3.2105052718 0.3095125905 1.4658496773 -0.6015758379 -0.7721283449 
410 3 1.8473906497 0.3452312554 0.9977102888 2.0699106684 -0.4945444932 -0.7707175333 0.7861770267 
411 3 1.8565198688 0.7854507572 1.1238042665 1.5374109997 -0.298042793 -0.4553555979 1.3072748007 
412 3 1.8429977906 0.7241395071 2.4675014623 0.2049998866 -1.2532255371 0.3495962947 -0.7090305922 
413 3 1.6867070248 0.216682623 0.5878562491 2.0404417154 -0.0774633452 -0.4944569524 -0.5380312863 
414 3 2.4931803164 1.0371926036 0.5890006597 4.589754827 0.035722934 -2.0335478879 0.525161726 
415 3 2.2933982407 0.8943889521 3.7465586231 0.6187279151 1.3252569025 -0.2050414383 0.7057857814 
416 3 2.117949593 0.6364252087 3.5153664248 0.3339188451 -1.0183945951 0.3048426173 0.1074583389 
417 3 2.4285753492 3.5354252294 1.3563125114 1.0062404858 2.133051669 -1.8667990707 -1.1640362897 
418 3 1.4657358905 0.4318579926 0.7844692948 0.9320544132 0.5580899687 -0.2389244593 -0.083836252 
419 3 2.0308660617 0.4787294918 0.1049160704 3.5407713983 -0.07872271 0.4530320409 -0.6094909458 
420 3 1.9012226954 1.8526612791 0.5827518758 1.1792345824 -1.0358029598 0.9866431282 -0.5028007508 
421 3 2.1913201517 4.2227824646 0.5731406413 0.0059609013 -1.2484586481 -0.0037941247 -0.0337429023 
422 3 2.0601051321 1.2265504102 0.8533787785 2.1641039665 1.0224019885 -1.3759412349 -1.1736020581 
423 3 1.760684509 0.8835237006 1.0790539583 1.1374322811 0.8528068837 -0.569131125 -0.9934727625 
424 3 1.602370781 0.3685682506 0.8219629991 1.3770608703 0.5062702519 0.3914644398 0.8864949245 
425 3 1.9476909394 3.3192616942 0.2985435308 0.1756947703 0.8235598763 0.5916921566 0.0654747446 
426 3 1.8785557779 1.1367718872 1.0230142705 1.369185653 -1.0783110764 0.8272810267 -0.7957297476 
427 3 2.1385055769 0.3275773548 2.8028004616 1.442828286 -0.210351836 0.2438382181 1.6777766458 
428 3 2.0294116211 2.7170632346 0.8187010938 0.5827471997 -1.0767936495 -0.6453933898 -0.154499572 
429 3 2.2365784355 0.2282079523 3.4571861511 1.3168889945 0.7090200356 0.279406174 1.9738538828 
430 3 1.8596853773 1.6985436712 0.680058001 1.0798280301 0.36065992 -1.0970687217 -0.7062721232 
431 3 1.8475912136 0.577115787 0.9869786266 1.849498879 -0.0377163042 0.8608520355 0.6898350721 
432 3 1.3899254753 1.3839272594 0.0240777843 0.5238877833 -0.0846334054 -0.3401523172 0.1120282218 
433 3 1.7497476091 0.282205227 0.7877887691 1.9916226996 0.4250106058 -0.7495152404 -1.1168363385 
434 3 1.333188072 0.1579197913 0.9018902448 0.7175803992 0.1316634984 0.1640518634 -0.5215656349 
435 3 1.8105354808 2.5178482801 0.3889315077 0.3712589393 -0.9310480696 -0.3946652158 0.0284047072 
436 3 2.4889042205 0.3025194183 3.4241743772 2.4679504231 0.9561000491 -0.6092068912 -2.6321335144 
437 3 2.0975221521 1.310819689 0.1730923324 2.915687157 0.2533401738 1.7767281518 0.0924080038 
438 3 2.1723973741 0.5277398433 2.8955223423 1.2960481656 1.1157981941 -0.810310055 -1.5464335528 
439 3 1.9474356562 1.4739984769 1.3326870832 0.985820075 1.1655208877 0.2272701306 0.8048882342 
440 2 1.7385313724 2.716226991 0.2508685968 0.0553957449 0.8254792873 -0.3879012985 -0.1178857616 
441 2 1.0073125086 0.0036537506 0.7664780607 0.2445466787 0.0529199367 0.0298916808 0.4329430263 
442 2 1.6333289339 0.1568990226 1.0350120955 1.4758522883 0.4029793867 -0.4812065892 -1.235930811 
443 2 1.5881272537 0.015063886 2.0609810245 0.4461032634 0.1761998388 -0.0819759032 -0.9588588848 
444 2 1.0829861102 0.193613898 0.979060799 1.8421799177e-04 0.4353846318 0.0059721992 0.0134298404 
445 2 1.439089936 0.3172329096 0.5034475326 1.2502994016 -0.3996374927 -0.6297905343 0.7933852461 
446 2 1.7177555559 0.4547810747 0.2794658289 2.2164372462 0.3565049369 1.0039889007 0.7870314303 
447 2 1.4989539013 0.0247255902 0.0138049771 2.2083322309 -0.0184752863 -0.2336713884 0.1746023362 
448 2 1.3921532633 0.9079928371 0.1938338474 0.836264024 -0.4195232354 -0.8713906952 0.4026118146 
449 2 1.6824082544 0.2182021447 2.4576217076 0.1546736822 0.7322966117 -0.1837120823 -0.6165463478 
450 2 1.1849987203 1.0726504625 0.3211261709 0.0104453337 -0.5869038556 0.1058498562 -0.0579160601 
451 2 1.292739438 0.3592935598 0.8898333485 0.4220483462 -0.565430271 -0.3894088503 0.6128235416 
452 2 1.2763281216 0.7308652246 0.8905220772 0.0076261721 -0.806753753 0.0746572434 -0.0824091901 
453 2 1.6636932742 0.7840189679 1.915553187 0.0683031557 1.2254917514 0.2314108244 0.3617158106 
454 2 1.1150645905 0.177695387 0.8570603282 0.2086133259 -0.3902507742 -0.1925347389 0.4228406385 
455 2 1.7416821889 0.1263627783 1.0772135841 1.8298804848 0.3689440355 -0.4808625396 -1.4039843715 
456 2 1.1684729858 0.1038114959 0.0391860335 1.2223315891 0.0637805672 -0.356219133 -0.2188568633 
457 2 1.2134606199 0.1703958305 0.5808833731 0.7212074725 0.3146110373 -0.3505577645 -0.6472537596 
458 2 1.5929101111 0.0329651734 0.5085557532 1.9958416955 -0.1294782939 0.2565019837 -1.0074704843 
459 2 1.0106261328 0.9396724336 0.075232958 0.0064597886 -0.2658840663 -0.0779107523 0.0220451584 
460 2 0.7249318604 0.0543249109 1.452282595e-05 0.4711867685 -8.8822926409e-04 -0.1599911848 0.0026159059 
461 2 1.3155419569 0.0497177513 0.3624972969 1.3184355922 0.1342480929 -0.2560266643 -0.6913243365 
462 2 1.7482561247 1.0510348147 4.6494469643e-04 2.0048997182 -0.0221059508 -1.4516264685 0.0305314181 
463 2 1.2619461347 0.6988058538 0.0701973851 0.8235048079 0.2214821519 -0.758597377 -0.2404327018 
464 2 1.4497585191 1.4154204291 0.2225555056 0.4638238288 -0.5612571686 0.8102504075 -0.3212888836 
465 2 1.7022365648 0.3571559461 2.0324279589 0.5080254177 -0.8519939733 0.4259627903 -1.0161324041 
466 2 1.5911448011 0.4665822282 0.4791879652 1.5859715848 0.4728430908 -0.86022448 -0.8717674555 
467 2 1.7219305025 1.5716543375 0.5370049352 0.8563853826 0.9186871805 -1.1601473187 -0.6781468697 
468 2 1.3903759073 0.6862565356 1.1190973244 0.1277913037 -0.8763491615 0.2961378351 -0.3781678279 
469 2 1.0722606247 0.0921415923 1.0566063082 9.9494684491e-04 0.3120214539 0.0095747578 0.0324232496 
470 2 0.6538197351 0.2087015136 0.2079215137 0.0108572188 0.2083111485 0.0476016596 0.0475126233 
471 2 1.3692358843 0.9903066174 0.801181171 0.0833191185 0.8907384663 -0.287248106 -0.2583673913 
472 2 1.4195646992 1.0036348889 0.5430361511 0.4684928952 -0.7382479442 -0.6857082578 0.5043893126 
473 2 0.8862940764 0.3273231483 0.4258591303 0.0323349113 -0.3733544579 -0.1028783989 0.1173461426 
474 2 1.3148187135 0.8296625772 0.6505521737 0.2485334985 -0.7346691726 0.4540913376 -0.4020994998 
475 2 0.6632974262 0.2991868852 0.116048001 0.0247285895 -0.1863331423 0.0860143573 -0.0535696124 
476 2 1.0529580794 0.0597650565 1.045482925 0.0034727355 -0.2499666899 -0.0144065344 0.0602551712 
477 2 1.4026942611 0.0912005716 0.196683934 1.6796666847 -0.1339316512 0.3913905488 -0.5747725213 
478 2 0.9689801691 0.0298809596 0.6775154922 0.2315261163 0.1422842685 -0.0831758531 -0.3960587465 
479 2 1.5403254973 0.7173865896 1.607746323 0.0474697251 -1.0739532819 -0.1845376498 0.2762594359 
480 2 1.6227386573 1.8524198117 0.7286354452 0.0522254931 1.1617825675 -0.3110362327 -0.195072667 
481 2 1.515071223 0.7590602107 1.5267768708 0.0096037293 1.0765294112 0.0853803772 0.1210898502 
482 2 1.6187286697 1.1478380313 1.4721171142 3.2736059802e-04 1.2999046158 -0.0193844511 -0.0219525201 
483 2 1.0873401743 0.6102681188 6.8326087876e-04 0.5713572749 0.0204199004 -0.5904922771 -0.01975819 
484 2 1.0657143781 1.1240598829 0.0087492322 0.0029380205 0.0991698591 -0.0574674778 -0.0050700517 
485 2 1.0216238289 0.2428403232 0.4897560995 0.3111188249 0.3448659588 -0.2748675972 -0.3903490005 
486 2 1.5198549356 2.1116055251 0.0338749597 0.1644785403 0.2674519621 -0.5893333475 -0.0746438472 
487 2 1.221212552 0.0072300332 1.2821549643 0.2019750997 -0.0962809586 0.0382136976 -0.5088844434 
488 2 1.1150346469 0.0015876612 1.1993660422 0.0423485605 0.0436369905 0.0081997053 0.2253695307 
489 2 1.5064629877 0.173795007 2.0745574591 0.021078267 -0.6004562666 -0.0605251813 0.2091125919 
490 2 1.2147033301 0.8207412084 0.5488021598 0.105960812 0.6711367579 -0.2949006696 -0.2411462678 
491 2 1.2917792249 1.078386826 0.5314341812 0.0588725588 0.75702815 -0.2519670451 -0.1768810054 
492 2 0.8269270498 0.4385934338 0.0461643937 0.1990505182 -0.1422933587 0.2954695421 -0.0958595143 
493 2 1.559749976 0.0598143765 0.5738303498 1.7991752612 0.1852654976 0.3280496098 1.0160813794 
494 2 1.535651005 0.3198433973 1.1797656958 0.858614916 0.6142802847 -0.5240441887 -1.0064613374 
495 2 1.6601834838 0.1764113546 0.8643188477 1.7154789975 -0.3904813167 -0.5501181452 1.217670247 
496 2 1.1783735003 0.1152307549 0.2416609852 1.0316723662 0.1668735382 0.3447903502 0.4993144905 
497 2 1.2649328149 0.0954810094 1.4913876458 0.0131863709 0.3773581825 -0.0354830664 -0.1402354827 
498 2 1.1379832102 0.9623927043 0.0091447644 0.323468318 0.0938128699 -0.5579458301 -0.0543878807 
499 2 1.0164956224 0.1314582495 0.3822346993 0.5195704017 0.2241604435 -0.2613461603 -0.4456431714 
500 2 1.509978263 0.3185362781 1.9223118424 0.0391862341 0.7825126578 -0.1117239328 -0.2744597637 
501 2 0.7220600065 0.0082528337 0.1205136798 0.3926041396 -0.0315369522 -0.0569218469 0.2175182051 
502 2 0.7581733387 0.010830306 0.2453374958 0.3186590096 0.0515468734 0.0587466985 0.2796050848 
503 2 0.820601618 0.3778646874 0.2855639792 0.0099583488 -0.3284882703 -0.0613425494 0.0533267823 
504 2 1.4698582058 1.5033024227 0.5881678868 0.0690128357 0.9403160156 0.3220980644 0.2014724143 
505 2 1.4019221828 0.3897222138 0.0154063063 1.5602572865 -0.0774866428 0.7797864604 -0.1550412903 
506 2 1.6218092773 1.3524139756 0.0283132256 1.2495381308 0.1956813786 1.2999587806 0.1880916132 
507 2 1.4710162802 0.8565183204 0.0302655554 1.2771050207 -0.1610062192 1.0458794612 -0.1966018634 
508 2 1.7446041404 1.8188747713 0.8174932749 0.4072755605 -1.219392428 0.8606876565 -0.5770138922 
509 2 1.7274995964 0.2449172669 1.495464373 1.2438732157 -0.6051983534 0.5519474869 -1.3638797889 
510 2 1.709478396 0.3062389377 2.5237247001 0.0923527486 0.8791261407 0.1681725531 0.4827762554 
511 2 1.4591438387 1.0000534065 0.0380862746 1.090961061 -0.1951622623 -1.0445187051 0.2038397472 
512 2 1.2346471352 0.0014171716 1.1639045283 0.3590318486 0.0406134518 0.0225568115 0.6464354526 
513 2 0.6390412291 0.0876369987 0.2513158902 0.0694208036 -0.1484067732 0.0779989158 -0.132085393 
514 2 0.8960074424 0.794157667 0.0020407444 0.0066309255 -0.0402575805 -0.0725672124 0.0036785899 
515 2 1.0552520595 0.4635746182 0.4911660066 0.1588162844 -0.4771709274 0.2713359512 -0.2792940389 
516 2 1.7067716705 0.3699812859 0.7239253624 1.8191628869 0.5175314836 0.8204000392 1.1475792575 
517 2 0.6930503364 0.2828891287 0.1684143909 0.0290152491 -0.2182718496 -0.090598557 0.0699041165 
518 2 1.1074420175 0.1733361115 0.3103904929 0.7427012178 0.2319523251 0.3587993048 0.4801326869 
519 2 1.4781285427 0.9232011671 0.9990351145 0.2626277073 0.9603699202 0.4924004528 0.5122248546 
520 2 1.6220756971 1.1112602699 1.1268289713 0.3930403261 1.1190175453 0.660885844 0.6654992309 
521 2 1.3207622715 0.2913301696 1.2550385578 0.1980442506 -0.6046739583 -0.2402004686 0.4985510712 
522 2 1.589523897 1.0833601271 0.0838838427 1.3593422494 0.3014571453 -1.2135308781 -0.3376786215 
523 2 1.7025253619 0.1383878869 1.6911090381 1.0690956831 0.4837654455 -0.3846425515 -1.3446030538 
524 2 1.0423114806 1.0213048317 0.0130201111 0.0520882797 -0.1153147969 -0.2306469418 0.026042181 
525 2 1.4622370179 0.1974310354 1.8331251442 0.107580917 -0.6015943776 0.145738848 -0.4440825194 
526 2 0.9630479516 0.1344168962 0.2870100862 0.5060343747 -0.1964153888 0.2608056173 -0.3810996845 
527 2 1.1905520081 0.6644528455 0.6859430531 0.0670181854 0.6751124451 -0.2110223305 -0.2144076927 
528 2 0.9105383383 0.8193542445 0.0096452699 8.0551145402e-05 -0.0888982159 -0.0081240337 8.8144060192e-04 
529 2 0.8342611245 0.0407076003 0.2131833675 0.4421006561 -0.0931567674 0.1341523641 -0.3069991965 
530 2 1.6291959628 2.6402840724 3.8035295802e-06 0.0139916092 0.0031689744 -0.1922025571 -2.3068918381e-04 
531 2 1.0732842048 0.1706415676 0.2400025871 0.7412948297 0.2023719785 -0.3556623564 -0.4217969617 
532 2 0.5984415571 0.0098164854 0.1647385536 0.1835772582 -0.0402138485 0.0424509538 -0.1739029959 
533 2 1.6063583608 0.6324376337 0.8411230517 1.1068264981 -0.7293544217 0.8366592684 -0.96487164 
534 2 1.0640595195 0.2128264107 0.1044386603 0.81495759 -0.1490882464 0.4164666838 -0.2917414591 
535 2 0.7918502307 0.0017433772 0.0468492504 0.5784341602 -0.0090374729 -0.0317557701 0.1646183671 
536 2 1.398029479 0.2962708818 0.0052380457 1.6529774968 0.0393939133 0.6998064737 0.0930503712 
537 2 0.9455547282 0.7945962614 0.0632067521 0.0362707306 -0.2241067802 0.1697662714 -0.0478806336 
538 2 0.7193188595 0.1565980963 0.0241184298 0.3367030956 -0.0614564903 0.2296237439 -0.0901152039 
539 2 1.5987830537 1.7531865751e-05 0.2181166207 2.3379731002 -0.0019555028 0.0064022676 -0.7141083894 
540 2 1.4048457883 1.4917556979 0.0115247118 0.4703112792 -0.131118475 -0.837609414 0.0736220208 
541 2 1.4057289027 1.0752823451 0.8978685085 0.0029228941 -0.982579338 0.0560618986 -0.0512286503 
542 2 0.9246213241 0.6271111466 0.1878596671 0.0399537792 -0.3432329984 0.1582891667 -0.0866354642 
543 2 1.2978100046 0.1786937733 0.0044443088 1.5011727261 0.0281810275 0.5179287777 0.0816803231 
544 2 1.7446238999 2.4579895053 0.1394216642 0.4463013825 0.585403269 -1.047379642 -0.2494475525 
545 2 1.3384889568 0.0436573306 0.4816866408 1.266208716 -0.1450143197 0.2351154877 -0.7809710769 
546 2 1.5269003549 0.1186549984 2.208045965 0.0047237305 -0.5118551459 0.0236747595 -0.1021284196 
547 2 1.1660355053 0.6349966326 0.2226796963 0.5019624708 -0.3760330535 0.5645745997 -0.3343304511 
548 2 1.599607173 2.317077199 0.2363944729 0.0052714361 -0.7400974551 -0.1105184347 0.035300685 
549 2 1.661159868 1.1701828809 0.1488004381 1.4404687881 0.4172813503 1.2983111786 0.462971259 
550 2 1.1647689784 0.7640653455 0.4650604809 0.1275609466 0.5961011634 -0.3121936879 -0.2435642732 
551 2 1.6821426373 0.1146145496 1.2286147485 1.4863745543 0.3752560807 -0.4127470777 -1.3513629043 
552 2 1.0139595345 0.5115553001 0.1387203301 0.3778383075 -0.266389039 -0.4396421144 0.2289407232 
553 2 0.7737522845 0.0299875497 0.2425081755 0.3261968726 0.0852773473 -0.0989032099 -0.2812568371 
554 2 1.1626716501 0.1414760074 0.1388026149 1.0715267436 -0.1401329361 -0.3893524438 0.3856562122 
555 2 1.5828193077 0.0969473518 0.0766917294 2.3316778797 0.0862267944 -0.4754471535 -0.4228716223 
556 2 1.1279880352 0.1335180867 0.2909781898 0.847860731 0.1971061926 0.3364591246 0.496698078 
557 2 1.4806758636 1.8733815348 0.3060437004 0.0129757777 0.7571899479 0.155912098 0.063017101 
558 2 1.3357937655 0.319261167 0.1678020601 1.2972817568 0.2314577316 -0.6435617201 -0.4665689138 
559 2 1.5675285707 0.4884721858 0.6838835888 1.2847900454 -0.5779776047 0.7922021218 -0.9373616309 
560 2 1.4369975657 0.3026712278 1.7154889902 0.0468017858 0.7205755748 0.1190191328 0.2833512808 
561 2 1.5837132696 0.0049133178 0.6498124106 1.8534219919 -0.0565042906 -0.0954277275 1.097440938 
562 2 1.2947698422 0.3837320043 1.1805696544 0.1121272857 -0.6730693573 0.2074290917 -0.3638324764 
563 2 1.7139827605 1.3575426845 1.0836102838 0.496583935 1.212867352 0.8210565682 0.7335553549 
564 2 1.5370247833 1.5114775089 0.7710929639 0.0798747117 -1.0795784697 -0.347460545 0.2481749951 
565 2 1.1924926432 0.8707036135 0.399107595 0.1522274956 -0.5894950594 -0.3640673433 0.2464855972 
566 2 1.3989725986 1.2960198778 0.5750142895 0.0860901645 -0.8632670208 -0.33402779 0.2224928645 
567 2 1.5219803048 1.649855351 0.3901745188 0.2763941783 -0.802328809 0.6752854316 -0.3283930047 
568 2 1.451386941 0.4062649707 1.6938633657 0.006395716 -0.8295525002 -0.0509740659 0.1040839522 
569 2 0.7950880694 0.3232513963 0.0394941783 0.2694194635 0.1129891511 -0.2951105179 -0.1031528008 
570 2 0.9072762875 0.6108270021 0.1724209326 0.0399023272 -0.324529446 -0.1561198862 0.0829457441 
571 2 1.4361573039 1.4583613838 0.1154075798 0.488778838 0.4102510912 0.8442844204 0.2375053321 
572 2 1.4503661103 0.0741269088 1.1279823287 0.9014526165 0.2891605838 0.2584993151 1.0083762302 
573 2 1.7128018234 0.3000948363 0.0078513401 2.6257439098 -0.0485401548 0.8876779759 -0.1435813654 
574 2 0.9755486422 0.0128750256 1.2789769244e-05 0.9388073378 4.0579379856e-04 -0.1099416597 -0.0034651305 
575 2 1.3411174262 1.2489497442 0.2689152837 0.280730923 -0.5795357408 0.592130741 -0.2747595964 
576 2 1.1475820143 1.2517927624 0.0456209538 0.0195307633 0.2389727595 0.1563600592 0.0298498249 
577 2 1.3949300544 0.6067121799 0.0084573346 1.3306603423 0.071632171 0.8985142386 0.1060841166 
578 2 1.5946268801 1.9856173921 0.3617030592 0.1955144355 0.8474691057 0.6230705125 0.2659288804 
579 2 1.5349453385 0.1909325673 0.2567608762 1.9083637486 0.22141367 0.6036296794 0.6999951058 
580 2 0.9832039085 0.0326622503 0.3648388637 0.5691888117 0.1091625316 0.1363487714 0.455699681 
581 2 1.6952029278 0.1321118838 1.2919701648 1.4496309178 -0.4131399427 0.4376225215 -1.3685320222 
582 2 1.4280413307 0.4543631338 1.0326645116 0.5522743968 -0.6849851704 -0.5009322566 0.7551914792 
583 2 1.6938072562 2.6586323563 0.0329562567 0.1773944082 0.2960043419 0.6867506924 0.0764608112 
584 2 1.0840043193 1.7270249373e-06 0.9834295105 0.1916341267 0.0013032296 -5.7528854995e-04 -0.4341182505 
585 2 1.036520143 0.2307457595 0.7933389734 0.0502892738 -0.4278546529 -0.1077220343 0.1997409344 
586 2 1.3321203353 0.4219293996 1.2487259378 0.1038892502 0.7258609958 0.2093655391 0.3601794017 
587 2 0.7433757886 0.4257079132 0.0380818079 0.088817842 -0.1273252802 0.1944491146 -0.0581579229 
588 2 1.1110190428 1.0217809944 0.0312305143 0.1813518048 -0.1786357914 0.4304669877 -0.0752576251 
589 2 1.6344498954 2.5466519664 0.0914842961 0.033290198 0.4826786327 0.2911675602 0.0551863237 
590 2 1.431199805 1.6006408965 0.0451277206 0.4025642647 0.2687624883 0.802720889 0.1347843005 
591 2 1.0144171437 0.7841726616 0.1971438386 0.0477256412 -0.3931854634 0.1934557911 -0.0969990521 
592 2 1.639877478 0.4507217099 2.218740719 0.0197357139 -1.0000173052 -0.094314976 0.2092568564 
593 2 1.5516065936 0.390881342 0.7094732023 1.3071284771 -0.5266116571 -0.7147951688 0.9630018829 
594 2 1.6712956017 0.4517569589 1.1399556039 1.2015164254 -0.7176230744 -0.7367451435 1.170331313 
595 2 1.6191759346 0.1941144221 1.8742059279 0.5534103572 0.6031669757 0.3277574281 1.0184326056 
596 2 0.9393342757 0.136821239 0.6976710731 0.0478565694 0.3089599013 -0.0809184473 -0.1827242298 
597 2 1.4364295573 0.0371540243 1.1439638027 0.882212046 0.206162215 -0.1810462034 -1.0045987492 
598 2 1.6972418732 2.4145348302 0.0093165604 0.4567785856 0.1499838646 1.0501941747 0.0652350005 
599 2 0.8859453788 0.4105398513 0.084077301 0.290282062 0.1857877355 -0.3452134913 -0.1562246213 
600 2 1.1675647558 0.4470616186 0.0407622643 0.875383576 -0.1349934957 -0.6255800495 0.1888984297 
601 2 1.6266409209 0.6881275375 1.9538687475 0.0039644005 -1.1595304609 -0.0522303856 0.0880108988 
602 2 1.5842651618 1.0688777725 1.3892425696 0.051775761 1.2185772455 -0.2352487195 -0.268195994 
603 2 1.2895801874 0.1033431285 0.492460815 1.0672131162 -0.2255935311 -0.3320980912 0.7249556131 
604 2 1.5619284835 0.1915848672 0.3236712057 1.9243645147 -0.2490190855 -0.6071895255 0.7892156756 
605 2 1.5497777778 0.54429062 0.1977998683 1.6597206722 -0.3281167673 0.9504579916 -0.5729681757 
606 2 0.7561038698 0.0438741992 0.5049264653 0.0228923974 0.1488396597 0.0316920432 0.1075126843 
607 2 1.0989168592 0.5811921889 0.4291320978 0.1972939766 -0.4994078726 0.3386232687 -0.2909728133 
608 2 1.1641664463 0.9943622167 0.2387912537 0.1221300443 -0.4872832855 0.3484845787 -0.1707734944 
609 2 1.3763775335 0.1375538371 1.7558039329 0.0010573447 0.4914443693 -0.0120599262 -0.0430870047 
610 2 1.6770050872 2.5403498953 0.0497105216 0.2222856455 -0.355361954 -0.7514541345 0.1051186728 
611 2 1.2033840138 0.9297225979 0.0292315231 0.4891789636 -0.1648551111 0.6743891583 -0.1195802918 
612 2 1.4383971428 0.6986862759 0.3023774843 1.0679225801 -0.4596378993 0.8637956069 -0.5682567582 
613 2 0.8733670978 0.7246382202 0.0161903063 0.0219415609 0.1083148871 0.1260939873 0.0188478273 
614 2 1.1551721126 1.2373193112 3.9364933322e-04 0.0967096491 -0.0220696607 -0.3459201013 0.0061700639 
615 2 1.618473001 1.4534662422 0.1974056113 0.9685830016 0.5356513717 1.1865086159 0.4372684753 
616 2 1.6397554746 0.0150103251 0.4152508998 2.2585367915 -0.078949674 -0.184123251 0.9684314302 
617 2 1.1521430509 0.6369963304 0.3597258518 0.3307114276 0.4786899284 0.4589792651 0.3449136848 
618 2 1.0481935275 0.0280318214 0.1090970487 0.961580801 -0.055300895 -0.1641793571 0.3238913823 
619 2 0.9840959354 0.1089465321 0.83755481 0.021943468 0.3020739843 0.0488944244 0.1355686438 
620 2 1.196164836 0.9418776395 0.1294212866 0.3595113887 0.3491403958 0.5819069842 0.2157044888 
621 2 1.418341848 0.2898875831 1.5265276522 0.1952783624 0.6652228285 0.2379259812 0.5459833515 
622 2 1.6631771214 0.1983083189 2.5037644199 0.0640853984 -0.7046398463 0.1127327265 -0.4005680221 
623 2 1.5850572677 0.1307482965 0.2754428831 2.1062153621 0.1897727266 -0.5247704934 -0.7616705533 
624 2 1.1222042991 1.1125548264 0.1244465683 0.0223410942 -0.3720935771 -0.1576568813 0.0527282895 
625 2 0.6194277879 0.2676892181 0.011798237 0.1042033293 0.0561984061 0.1670152919 0.035063023 
626 2 1.1554601773 0.5706114232 0.4981550659 0.2663217323 -0.5331537969 0.3898284529 -0.3642382738 
627 2 1.2237664715 0.0081983428 0.2843421858 1.2050638481 -0.0482818259 -0.0993958074 0.5853635525 
628 2 1.7247764092 2.0991626261 2.1466054841e-04 0.8754763752 0.0212275152 1.3556427578 0.013708765 
629 2 1.6964662577 0.0092344487 0.4159837634 2.4527795514 -0.0619788731 0.1504993916 -1.010107157 
630 2 1.488720206 0.1010138417 2.1091007078 0.0061733024 0.461571625 0.0249717639 0.1141057249 
631 2 1.3238109872 0.1856062731 1.330798959 0.2360702976 0.4969956087 -0.2093230234 -0.5605016559 
632 2 1.4299353249 0.1472955085 1.2574863566 0.6399331682 0.430374363 -0.3070167446 -0.8970547521 
633 2 1.7139603199 1.3877974057 1.5469878408 0.0028747316 -1.4652323065 0.0631628457 -0.0666871416 
634 2 1.6264352002 1.3686814907 1.2415587837 0.035051186 -1.3035714506 0.2190294718 -0.208609942 
635 2 1.3837401375 0.010075463 0.1773509991 1.7273103061 0.0422716623 0.1319221404 0.5534800886 
636 2 1.59164809 0.2890522569 0.0567443272 2.1875470584 0.1280705893 -0.7951826295 -0.3523221338 
637 2 1.1393640513 0.0991820824 0.0529074668 1.1460608921 -0.0724394418 0.3371478991 -0.2462421137 
638 2 1.6711496177 0.0108929223 1.9884007896 0.793447333 -0.1471716525 0.092967522 -1.2560618231 
639 2 1.6075425723 2.2617913786 1.6673911887e-04 0.322235004 0.0194198121 -0.8537144453 -0.0073300191 
640 2 1.3125955027 0.0050516673 1.4438225426 0.2740327437 -0.0854032263 0.0372064811 -0.6290108527 
641 2 1.5514958052 0.0543004629 0.3279468133 2.0248919574 0.1334453587 0.3315909688 0.814896843 
642 2 1.3284022007 1.0112217208 0.7485133567 0.0049173294 0.8700074509 -0.070516029 -0.0606686638 
643 2 1.567291461 0.2722802593 0.1076306581 2.0764916064 -0.1711890869 0.751922651 -0.4727516876 
644 2 1.5286207086 0.0035225373 0.6503091282 1.6828496051 0.0478616567 -0.0769928604 -1.0461225834 
645 2 1.4132676935 0.4163332075 0.0075154366 1.5734769293 0.0559368022 0.8093767337 0.1087444994 
646 2 0.7642007546 0.0139532813 0.5679088296 0.0021406824 0.0890179288 -0.0054653037 -0.0348670683 
647 2 1.5197677144 0.0334844947 0.4173355963 1.8588738148 0.1182128231 0.2494863731 0.8807804562 
648 2 1.5250875521 0.9086845225 1.1695546983 0.2476528207 1.0309006996 -0.4743820034 -0.5381853956 
649 2 1.0622059436 0.9944385047 0.0233599619 0.1104830001 -0.1524140596 -0.3314642506 0.0508023491 
650 2 1.5219552011 0.8575689473 1.0157898393 0.4429888477 0.9333326434 -0.6163549949 -0.6708081473 
651 2 1.5435404327 0.1066451842 2.2523180253 0.023553858 0.490100878 -0.0501189138 -0.2303275469 
652 2 0.7330419896 0.2182538236 0.1454591318 0.1736376031 0.1781769113 -0.1946717 -0.1589250609 
653 2 1.3115884013 0.6704130926 0.6089021685 0.4409488732 -0.638917824 -0.543707548 0.5181647664 
654 2 1.5897856957 0.0332401038 1.6618173597 0.8323610949 0.235029746 0.1663363135 1.1761088882 
655 2 0.7691505052 0.1927889433 0.3531463375 0.0456572189 -0.2609266357 0.0938200777 -0.1269790519 
656 2 1.1001177675 0.3724219354 0.7184774659 0.1193597011 0.5172782311 0.2108368348 0.2928433977 
657 2 1.7263386844 0.721791527 2.0704551484 0.187998578 1.2224716697 0.3683690821 0.6238931188 
658 2 0.7042535067 0.341468951 0.1473218626 0.0071821881 0.2242896383 -0.049522664 -0.0325283466 
659 2 1.1921825531 0.2310266646 1.1900179533 2.5462197664e-04 0.5243337472 0.0076697109 0.0174070309 
660 2 0.979600766 0.3556898586 0.1449657971 0.4589620052 -0.2270745778 0.4040397638 -0.2579414525 
661 2 1.5146640372 0.305036844 0.7124661681 1.2767041335 -0.4661849755 0.6240527218 -0.9537339785 
662 2 1.5479633315 1.2922916563 0.5534188707 0.5504799485 0.8456823216 -0.8434338412 -0.5519474535 
663 2 1.6831980675 0.3546930795 1.0030922917 1.4753703634 0.5964812604 -0.7233973027 -1.2165248205 
664 2 1.5876489171 1.5122983478 0.5480782431 0.4602524931 0.9104162902 0.834289569 0.5022493184 
665 2 1.5970105258 0.0090705889 2.4587999533 0.0825720772 0.149341098 -0.0273674509 -0.4505865284 
666 2 1.4431736479 0.0039946013 0.9051534195 1.1736021572 0.0601309154 -0.0684695016 -1.0306745392 
667 2 1.5187598106 0.0331975186 2.0708146933 0.2026191505 0.2621944114 -0.0820149561 -0.6477551343 
668 2 0.6865125971 0.3208176774 0.1067778977 0.0437039708 0.1850844055 -0.1184103307 -0.0683126498 
669 2 1.3542898961 0.081624946 1.3215517219 0.4309244549 0.3284381037 -0.1875478215 -0.7546449201 
670 2 0.7212897833 0.063615006 0.0248526185 0.431791327 0.0397617841 -0.1657359582 -0.1035912406 
671 2 0.7870868659 0.2351178343 0.3222068539 0.0621810463 0.2752391282 0.1209126666 0.1415456085 
672 2 1.3160232327 0.1097475396 1.0183154502 0.6038541593 -0.3343016829 -0.2574325314 0.7841645363 
673 2 1.6198891634 2.1425804788 0.043574078 0.4378863449 0.3055502724 0.9686107239 0.1381321605 
674 2 1.0148968963 0.0329773818 0.82928041 0.1677579184 -0.1653707855 -0.0743788742 0.3729857308 
675 2 1.0539375105 0.6032673651 0.4362899214 0.0712269894 0.5130296983 0.2072894552 0.1762827775 
676 2 1.698583719 0.4521878081 0.9719516518 1.4610471905 0.6629514967 -0.8128146939 -1.1916657376 
677 2 1.7452107145 2.7177612344 0.2520622647 0.0759369389 -0.827674484 0.4542889705 -0.138350413 
678 2 1.5575467671 0.5202215925 0.1430933563 1.7626369829 -0.2728374126 -0.9575812333 0.5022167279 
679 2 1.7071291177 1.2233265932 1.5490607575 0.1419024738 -1.3765926119 0.4166450167 -0.4688449143 
680 2 1.6404504709 2.0071480061 0.1006446967 0.5832850446 -0.4494538935 -1.0820071231 0.2422902112 
681 2 1.6798573401 2.2672132392 0.3196557318 0.2350517119 -0.8513094074 -0.730008461 0.2741087868 
682 2 0.7257732283 0.1693228128 0.1329152121 0.224508754 0.1500185908 -0.1949729564 -0.1727444027 
683 2 1.2798363376 1.2656636241 0.0260379042 0.3462795226 -0.181535749 -0.6620222017 0.0949546893 
684 2 1.1336101722 1.020108168 0.2152789515 0.049684903 -0.4686233208 0.2251310183 -0.1034220181 
685 2 1.0451240514 0.9616397179 0.0139289591 0.1167156059 0.1157352164 0.3350199432 0.0403203039 
686 2 1.7238474517 0.3058654029 2.2783384126 0.3874462212 -0.8347843414 -0.3442475774 0.9395390405 
687 2 1.0995744988 0.2015054166 0.9829642615 0.0245944003 0.4450535058 0.0703981881 0.1554844576 
688 2 1.7352399371 0.0016238123 1.5689833522 1.4404504747 0.0504750877 -0.0483634285 -1.5033438776 
689 2 1.7260176448 0.2118861578 0.5164123947 2.2508383578 0.3307879051 -0.6905950271 -1.0781283905 
690 2 1.6161672658 1.7517069385 0.8394480741 0.0208416183 -1.2126281441 0.1910717335 -0.132270391 
691 2 0.829431315 0.0279587398 0.6337481007 0.0262494657 -0.1331119765 -0.0270906254 0.1289788705 
692 2 0.8334042404 0.0417528792 0.4467608568 0.2060488919 -0.1365780073 -0.0927530834 0.3034049761 
693 2 1.4443561654 1.4300775007 0.2429145825 0.4131726492 0.5893951807 -0.7686799786 -0.3168054002 
694 2 1.5103988463 0.0025856168 0.7939044254 1.4848146328 0.0453070926 -0.0619609691 -1.0857259819 
695 2 1.0304257565 0.4381411389 0.0635681965 0.5600679041 0.1668887115 -0.4953673277 -0.188686265 
696 2 1.2166603933 0.2118238262 2.7611874975e-04 1.2681625675 -0.0076477794 0.5182924342 -0.0187126551 
697 2 1.3477410882 0.4530340751 0.0149675918 1.3484043741 0.0823457899 0.7815837309 0.1420646552 
698 2 1.1301560285 0.374618113 0.9009311443 0.0017033915 -0.580951913 0.0252610629 -0.0391744614 
699 2 1.6173539391 0.7262148229 0.0071519119 1.8824670294 -0.0720681931 -1.1692200222 0.1160311958 
700 2 1.394094996 0.1905710292 0.6745548869 1.0783749418 0.3585395641 0.4533288238 0.852891017 
701 2 1.5655633677 0.0410628234 0.1397822646 2.2701435704 -0.0757618271 0.3053170559 -0.563316793 
702 2 1.6424865953 2.0150001988 0.4385757496 0.2441862674 -0.9400692649 0.7014523343 -0.3272524641 
703 2 1.1239319095 0.3717820183 0.1068527023 0.7845882166 0.1993136055 -0.5400886879 -0.2895433839 
704 2 1.0097762516 0.7586581181 0.1390657971 0.1219241631 -0.3248128629 0.3041360816 -0.1302132133 
705 2 0.9576505227 0.6351860884 0.2459519607 0.0359564746 0.3952534173 0.1511259489 0.094040233 
706 2 1.3455147018 1.1668963327 1.4906938532e-05 0.6434985732 0.0041707136 -0.8665426274 -0.0030971913 
707 2 0.8675825449 0.1937901834 0.5132483 0.0456609888 0.3153767306 0.0940672706 0.1530863315 
708 2 1.3957562251 0.9409847008 0.3383608447 0.6687898944 -0.5642626855 -0.7932975852 0.4757019168 
709 2 1.405905532 0.1091209898 1.7746121418 0.0928372331 0.4400538984 -0.1006503392 -0.4058941748 
710 2 1.1635315935 1.3397406363 0.0136254974 4.3963536518e-04 0.1351097055 0.0242692679 0.0024474988 
711 2 1.5856183868 0.7721510127 0.9699481689 0.772086487 0.8654169289 -0.7721187491 -0.8653807683 
712 2 0.6796966808 0.0058648689 0.1318035597 0.3243191493 -0.027803068 0.0436129485 -0.2067520698 
713 2 1.0247922185 0.2001770836 0.5641950006 0.2858270069 -0.3360638478 -0.239198697 0.4015746111 
714 2 1.2236973035 0.244020412 0.07024894 1.1831657386 -0.1309281302 -0.537323544 0.2882986976 
715 2 1.372815466 0.2260151068 0.3635338681 1.2950733288 -0.2866428894 0.5410232313 -0.6861508702 
716 2 0.8150698263 0.0668632307 0.1678985669 0.4295770242 0.1059539551 -0.1694783398 -0.2685616628 
717 2 1.3881237913 0.1628119298 0.0262142489 1.7378614813 0.0653298742 -0.5319253534 -0.213440234 
718 2 1.6662861704 0.4838972188 0.550172905 1.7424394778 -0.5159720327 0.9182383227 -0.9791031555 
719 2 1.0100511451 0.0203130747 0.3707035511 0.6291866899 0.0867763155 -0.1130518299 -0.4829510744 
720 2 1.1042829559 1.2018193369 0.0079797988 0.0096417111 0.0979299571 0.1076456911 0.008771483 
721 2 1.5070136536 0.0930985001 0.5880157669 1.5899758852 -0.2339730453 -0.3847393534 0.9669182434 
722 2 1.5154931325 2.2497596805 0.0438919794 0.0030677748 -0.3142394082 0.0830768084 -0.0116039092 
723 2 1.6978685104 2.5145686066 0.1355679511 0.2326209209 -0.5838620675 0.7648145298 -0.1775836187 
724 2 1.2073132712 0.7557426094 0.4179617765 0.2839009489 -0.5620244866 0.4632019472 -0.3444702381 
725 2 1.7080151696 1.7907118487 0.8120468084 0.3145571623 -1.2058780376 0.7505206444 -0.5054059158 
726 2 1.4048497048 0.0294106851 0.8810891337 1.0631028742 0.1609765047 -0.1768235954 -0.9678266324 
727 2 1.6420460755 1.3355779412 1.0129477162 0.3477896566 1.1631296683 -0.6815425104 -0.5935425329 
728 2 1.1645250478 0.1229158491 1.2288430884 0.0043596494 0.388644171 -0.0231488663 -0.0731937501 
729 2 1.3944461571 0.0797821555 0.5065595977 1.3581383319 -0.2010333719 0.329173516 -0.8294443966 
730 2 1.7377900806 1.6318604448 1.2710338083 0.1170201109 -1.4401908887 0.4369902633 -0.3856637359 
731 2 1.6666427056 0.6148659906 2.1046118142 0.0582201033 1.1375650434 -0.1892024353 -0.3500438791 
732 2 1.2701912322 0.0919335692 0.7310176941 0.790434503 0.2592393986 -0.2695690359 -0.7601457806 
733 2 1.3276183853 1.4545426053 0.1329416376 0.175086334 0.4397377353 0.5046489199 0.1525656054 
734 2 0.74388065 0.2174775036 0.0260979548 0.309782963 -0.0753373617 -0.2595589056 0.0899149697 
735 2 1.1496956537 0.0041762398 0.2951351602 1.0224886961 0.0351077654 0.0653464455 0.5493381155 
736 2 0.9619711744 0.516955317 0.2464511283 0.161982095 0.3569372791 0.2893743341 0.1998015768 
737 2 0.9273118787 0.0032657826 0.8555847745 0.0010567633 -0.0528597565 0.0018577296 -0.0300690973 
738 2 1.6902729273 0.4480711128 2.3873140362 0.0216374197 1.0342564754 0.0984637127 0.2272780583 
739 2 1.4387250555 1.0170282086 0.0891649252 0.9637366516 0.3011365873 0.9900239191 0.2931407623 
740 2 1.5321714543 1.747373938 0.0589049587 0.5412704685 -0.3208254817 0.9725234753 -0.1785595548 
741 2 1.6371779664 0.2874139788 2.0834349495 0.3095027653 0.7738270662 -0.2982539542 -0.8030123774 
742 2 0.9769539588 0.8859835908 0.0521871423 0.0162683046 -0.2150277929 0.1200560324 -0.0291375415 
743 2 1.449581115 0.3714936539 0.9061000032 0.8236917519 -0.5801813518 0.5531692857 -0.8639138262 
744 2 0.6942996676 0.0030116207 0.0909967785 0.3880436293 -0.0165543885 0.0341853801 -0.187911469 
745 2 1.6186167854 2.0351507676 0.1558385735 0.4289309568 0.5631651556 -0.9343121352 -0.2585420438 
746 2 0.9930466992 0.0291456783 0.5251997282 0.4317963403 -0.1237226831 -0.112182874 0.4762135242 
747 2 1.4945887923 0.00492054 2.0368299702 0.192045148 0.1001114543 0.0307402965 0.6254305022 
748 2 1.2515680539 0.7655487527 0.6817909482 0.1190828928 -0.7224570645 0.3019333702 -0.2849379553 
749 2 0.7724515083 0.2953097845 0.1001442993 0.2012272488 0.17196974 -0.2437711539 -0.1419569013 
750 2 1.5224623215 0.0987154499 1.8596995618 0.3594765088 -0.4284636262 0.1883769766 -0.8176296875 
751 2 1.4883120293 1.0073376298 1.0586708362 0.1490642304 1.0326853204 -0.3875022691 -0.3972530094 
752 2 1.2295006188 0.9388091859 0.0012623534 0.5716002323 -0.0344254121 0.7325459362 -0.0268618971 
753 2 1.6438675798 0.6194480916 0.0167348013 2.066117727 0.1018152283 1.1313057425 0.185946416 
754 2 1.3954370232 0.7429182093 0.3136164919 0.8907097846 -0.4826918298 0.8134645156 -0.5285274619 
755 2 1.3424151193 1.6489019315 0.0592935244 0.0938828965 -0.3126806789 -0.393451 0.0746099713 
756 2 1.1554581049 0.7786424462 0.5562532304 1.8775556237e-04 -0.6581203355 -0.0120910897 0.0102195713 
757 2 1.3598203775 0.9827531864 0.7647674102 0.1015908626 -0.8669357584 0.3159726948 -0.278735324 
758 2 1.4911602333 1.2149615883 0.2720145887 0.7365826644 0.5748802282 -0.9460019259 -0.4476172813 
759 2 0.8648465719 9.3715243565e-04 0.67347911 0.0735433305 0.0251227504 0.008301886 0.2225531325 
760 2 1.5610796494 0.642406475 1.2461163455 0.5484468512 0.8947140376 0.5935703905 0.8266973968 
761 2 1.6165457698 0.6936994538 1.3673385055 0.5521822664 0.9739209283 -0.6189091506 -0.8689189116 
762 2 1.050830947 0.236026454 0.749193383 0.1190258423 -0.4205109482 -0.1676104039 0.298619111 
763 2 0.8680992327 0.0011131126 0.5946246937 0.1578584715 0.0257271111 0.0132557254 0.3063764764 
764 2 0.6793293074 0.3715831744 0.0161692596 0.0737358739 0.0775127396 -0.1655264634 -0.0345290383 
765 2 1.4317450612 0.7771452448 0.0321598871 1.2405887884 -0.1580914399 -0.9818949423 0.1997428232 
766 2 0.8354507362 0.1091531254 0.4289059737 0.1599188335 -0.2163710414 -0.132119796 0.2618971993 
767 2 0.7415028023 0.4595397853 0.0038681962 0.0864184244 -0.0421614757 -0.1992804662 0.0182834192 
768 2 1.3012003747 0.6093655042 1.0836559504 1.0096054757e-04 -0.8126146409 0.0078435881 -0.0104597561 
769 2 1.0148835547 0.1238115324 0.0630715982 0.843105499 -0.0883684968 -0.3230885077 0.2305992439 
770 2 1.4870124739 1.704560044 0.0522507774 0.4543952763 0.298436907 0.8800818326 0.1540860359 
771 2 0.7787463998 0.1664173052 0.1463651169 0.2936635332 -0.1560694984 0.2210671704 -0.2073212419 
772 2 1.3791656106 0.8216884025 0.2220078606 0.8584015184 0.4271080476 0.8398443739 0.4365453982 
773 2 1.7375795521 0.0077852295 1.9928625885 1.018534882 -0.1245587921 -0.0890478964 1.4247105184 
774 2 0.9451950711 0.0214224826 0.0480578973 0.8239133426 0.0320861258 -0.1328543158 -0.198986288 
775 2 1.6838809301 0.3831429434 0.0631336456 2.3891783978 0.1555288102 -0.9567637344 -0.3883780918 
776 2 1.0127031011 0.0598476178 0.8043187358 0.1614012173 -0.2194004565 -0.0982826453 0.3603026826 
777 2 0.8621347316 0.0152325553 0.7208965053 0.0071472349 -0.1047907241 -0.01043411 0.0717803363 
778 2 1.167775007 0.0132385502 1.0585354278 0.291924489 0.1183785218 0.0621663656 0.5558888503 
779 2 1.44796514 0.0234550936 1.6302454259 0.4429025271 -0.1955442635 0.1019231093 -0.8497292622 
780 2 1.1433696251 0.1049385389 0.6284168423 0.5739387184 0.2567978684 -0.2454145279 -0.6005603693 
781 2 0.9482854592 0.1181181714 0.0056069971 0.7755201435 0.0257349616 -0.3026599102 -0.0659419383 
782 2 0.9242425237 0.0040336338 0.7521646843 0.0980259245 -0.0550813658 -0.0198846845 0.271535704 
783 2 1.5063524691 0.2122910968 1.0249376509 1.0318690134 0.4664602213 -0.4680348327 -1.0283974925 
784 2 1.3590719144 0.066781138 0.4402345583 1.3400607722 -0.1714624296 -0.2991501016 0.7680762086 
785 2 1.4907111315 0.0598405023 0.0115574967 2.1508216786 -0.0262984107 -0.3587565323 0.1576645629 
786 2 1.6536174857 7.6699652709e-06 2.0634735507 0.6709695684 0.0039782874 0.0022685487 1.176659661 
787 2 1.6843559976 0.0503654382 2.7798836777 0.0068060108 0.3741791812 -0.0185145272 -0.1375496943 
788 2 0.9527348379 0.0110241028 0.4664975876 0.430181981 0.071712742 0.0688648704 0.447971937 
789 2 1.6151447695 1.3757682857 0.6804217109 0.5525026297 0.9675239587 0.8718460849 0.6131352091 
790 2 1.3596947713 0.0275893768 0.1241332153 1.697047279 0.0585214324 -0.2163803983 -0.4589770531 
791 2 1.3186418379 0.6229135182 0.037204961 1.0786978173 0.1522349276 0.8197166904 0.2003320001 
792 2 1.7483066362 2.5254581914 0.0212725537 0.5098453491 -0.2317821065 1.1347216016 -0.1041427508 
793 2 1.1582723865 0.0598293048 1.1242600899 0.1575055266 -0.2593524621 0.0970744362 -0.4208053914 
794 2 0.7282010473 0.477475707 0.0081671139 0.0446339444 -0.062446765 0.1459850135 -0.019092682 
795 2 0.9422379492 0.005883288 0.446394724 0.4355343409 0.051247134 0.0506198971 0.4409310965 
796 2 0.9890934337 0.0017542249 0.5283151293 0.4482364663 0.0304431204 -0.0280411767 -0.4866313868 
797 2 1.5370615576 0.0392666977 1.8430731571 0.4802183772 -0.2690193235 0.1373192988 -0.9407856294 
798 2 0.8727170763 0.0717062912 0.2900683526 0.3998604514 -0.1442211003 -0.1693295897 0.3405684402 
799 2 0.837224492 0.1654507698 0.3277497343 0.2077443458 -0.2328657249 0.1853954205 -0.2609370693 
800 2 1.662724454 0.0053924641 1.1436302823 1.6156298635 0.0785301551 0.0933393061 1.3592951251 
801 2 0.9726021968 0.76276546 0.1064275762 0.076761997 0.2849197767 0.2419739655 0.0903858025 
802 2 1.0306176791 0.2920687826 0.6326014627 0.1375025552 -0.42984083 -0.2004001095 0.2949310386 
803 2 1.1866347216 1.2489667969 0.1259454658 0.0331896998 -0.3966127898 0.2035996884 -0.0646536326 
804 2 1.6781690567 0.3469229503 1.8772733737 0.5920550589 0.8070125261 0.4532079961 1.0542529098 
805 2 1.5655654039 2.2214480275 0.1409756937 0.0885713128 -0.5596160976 0.4435725061 -0.1117425714 
806 2 1.5540163266 0.4729395337 0.1748621403 1.7671650695 0.2875747191 0.9142003194 0.5558869186 
807 2 0.7462425672 0.0247838086 0.495683807 0.0364103535 0.1108374152 -0.0300397609 -0.1343429293 
808 2 1.6836659005 1.0565719982 1.7739439569 0.0042149093 -1.3690505875 -0.0667334634 0.0864697223 
809 2 1.6938130732 0.0259955254 2.8307513102 0.0122558914 -0.2712689951 0.0178493231 -0.1862615916 
810 2 1.5683076262 0.1586171975 0.9209355202 1.3800360926 0.3821991775 0.4678647854 1.1273527651 
811 2 1.2525928318 0.5489664317 0.1088206565 0.911201714 0.2444153995 -0.7072617292 -0.3148929481 
812 2 1.2511787699 0.232980292 1.2812972208 0.0511708015 0.5463670933 0.1091869418 0.2560566455 
813 2 1.2870941189 0.5549964104 0.4379267346 0.6636881258 -0.4929987482 0.6069139374 -0.5391166606 
814 2 0.7847558691 0.0027525222 0.0029373486 0.6101519033 0.002843434 0.0409811745 0.0423347235 
815 2 1.2674599153 0.113513656 1.1378651275 0.3550758534 0.3593928639 0.2007634386 0.6356323082 
816 2 1.7050337996 0.4997664323 2.4036980787 0.0036757468 1.0960326698 0.0428604113 0.0939967312 
817 2 1.3597656289 1.6772573872 0.0817868707 0.0899183077 0.3703749899 0.3883505451 0.0857562651 
818 2 1.5294609836 0.2789248801 1.1316518768 0.9286741434 0.5618236948 0.5089502177 1.0251516168 
819 2 1.3568260576 0.0524856033 0.1621376775 1.6263536697 0.0922490857 -0.2921646 -0.5135106687 
820 2 1.3341342678 0.0028602793 0.6161338047 1.1609201606 -0.0419799327 0.0576242646 -0.8457435519 
821 2 0.8939964362 0.6636011125 0.127397846 0.0082306696 -0.2907599565 0.0739045431 -0.032381624 
822 2 1.0972034626 1.7995206605e-04 0.6660190176 0.5376564688 -0.0109476709 -0.0098362794 0.5984057429 
823 2 1.5278477929 0.9661873668 0.0299027242 1.3382287872 0.1699753934 -1.1370926735 -0.2000417115 
824 2 1.1281894904 0.01398518 0.2216602003 1.037166146 0.0556772646 -0.1204365195 -0.4794772734 
825 2 1.290756304 0.0764431456 0.3005939658 1.289014725 -0.1515861085 0.313904986 -0.6224709215 
826 2 1.6468770169 0.0730280194 1.6128720948 1.0263037947 0.3431979817 -0.2737680285 -1.2865833635 
827 2 1.224751259 0.7662321936 0.7233544872 0.0104289656 -0.7444847181 0.0893924446 -0.0868552763 
828 2 1.3845516161 0.4802011946 1.3540536625 0.0827283206 0.8063610769 0.1993144209 0.3346917768 
829 2 1.0681512092 0.2218488194 0.461835097 0.4572630893 0.3200899421 0.3185016115 0.4595434073 
830 2 1.1073707112 0.3917487586 0.0322553894 0.8022657441 0.1124100029 -0.5606127088 -0.1608645205 
831 2 1.6809549925 0.9982941279 0.291879147 1.5354364119 0.539797405 -1.2380699309 -0.6694489302 
832 2 1.6167883972 1.8938731781 0.038337199 0.6817943441 0.2694546213 1.1363239069 0.1616727728 
833 2 1.2127191952 0.7047689735 0.7246374084 0.0412814646 0.7146341459 -0.1705693273 -0.1729569123 
834 2 1.0490803805 0.4009454729 0.0310635515 0.6685606203 -0.111601032 -0.51774159 0.1441106078 
835 2 1.7411443893 0.002411177 0.1520136197 2.8771589877 0.0191450187 -0.0832906928 -0.6613375478 
836 2 1.3736783593 1.0587140117 0.6659938206 0.1622844024 -0.8397005357 0.4145030406 -0.3287558504 
837 2 1.7076942541 0.4532155094 0.858803152 1.6042010039 0.6238773181 0.8526715518 1.1737516256 
838 2 1.5253675236 0.0621362273 0.0198882038 2.2447216509 -0.0351536336 -0.3734682512 0.2112900418 
839 2 0.8591597945 7.2991244679e-05 0.1733738333 0.5647087279 0.0035573546 0.0064201864 0.3128988924 
840 2 1.0716464242 0.0912420489 1.0568798282 3.0418136157e-04 -0.3105348305 0.0052682189 -0.0179299511 
841 2 1.0639816791 0.0389493851 0.6913114572 0.4017961712 -0.1640919137 -0.1250988161 0.5270353846 
842 2 0.7862015813 0.1112679929 0.3706118143 0.1362331193 0.2030695268 0.1231193963 0.2246989174 
843 2 1.6212705649 0.0532805966 0.2090892266 2.3661484215 -0.1055480873 -0.3550630923 0.7033748243 
844 2 1.5947179359 0.0825336816 2.4465200233 0.0140715902 0.4493554323 0.0340790279 0.1855435988 
845 2 1.6094956471 1.0546084325 0.0277756585 1.5080921471 -0.1711503541 -1.2611291351 0.2046661978 
846 2 1.4870991678 1.0291515196e-04 2.1287511548 0.082609865 0.0148013766 0.0029157858 0.4193516967 
847 2 1.0797635907 0.2978577898 0.4742770954 0.3937545265 0.3758551947 0.3424658421 0.4321443661 
848 2 0.9071401762 0.003727095 0.7809785975 0.0381976068 -0.0539516579 -0.0119317269 0.172718017 
849 2 1.6463465033 0.2469395465 0.314309298 2.1492079644 0.2785953975 0.7285083665 0.8218978322 
850 2 1.2276483182 0.0333594874 0.266471369 1.2072895369 -0.0942833404 -0.2006852265 0.5671931731 
851 2 1.6387716491 0.0738721519 2.387602854 0.2240975118 0.4199730477 0.1286645462 0.7314751253 
852 2 0.7412022017 0.3926314782 0.1033578447 0.0533913809 -0.2014486122 -0.1447865215 0.0742860556 
853 2 1.4644410893 0.2564632855 1.4085508388 0.4795735796 0.601033756 0.3507036011 0.8218903624 
854 2 1.6439953729 0.2249536176 0.9200223798 1.5577447886 -0.4549311625 0.5919631116 -1.1971466358 
855 2 1.2049656324 0.1210161026 0.3579286321 0.9729974406 0.2081228677 0.3431448063 0.5901386641 
856 2 1.3734670711 0.6178769791 0.2473899657 1.0211448505 -0.3909687516 -0.7943185101 0.5026141558 
857 2 1.6533030461 1.2938645938 0.8298532595 0.6096931089 1.0362035276 -0.888178094 -0.7113057104 
858 2 1.5707480476 2.2156169871 0.0222758563 0.2293565856 0.2221593248 0.7128578731 0.0714780689 
859 2 1.6868251574 1.624500698 0.0048927502 1.2159856634 -0.0891531047 1.4054784093 -0.0771330933 
860 2 0.8743975299 0.1448062561 0.3551790033 0.2645857809 0.2267865554 -0.1957387962 -0.3065539332 
861 2 1.3927863536 1.6255997087 0.0150608429 0.2991932753 -0.1564701306 0.6974012483 -0.0671275123 
862 2 1.3248396106 0.4131211582 0.1707175286 1.171361307 0.2655692436 0.6956393748 0.4471821859 
863 2 1.0384470092 0.9923053559 0.0165500122 0.0695168228 0.1281509489 0.2626440854 0.0339190841 
864 2 1.5430653307 0.4629972264 0.294966026 1.6230873625 0.3695516904 0.8668823144 0.6919216929 
865 2 1.6280803112 1.0232583827e-04 2.4837436076 0.1667995662 -0.0159421186 -0.0041313322 0.6436515798 
866 2 1.4278527881 1.0277220882 0.9004785997 0.1105628964 -0.961998829 0.3370874231 -0.3155305408 
867 2 1.3665743808 0.2572443454 0.2566048128 1.35367638 0.2569243801 0.5901064262 0.5893724409 
868 2 1.5566979517 0.0262383421 1.7031228724 0.6939472983 -0.211393284 0.1349371209 -1.0871419024 
869 2 1.1387416904 0.4513967933 0.549955055 0.295380789 -0.4982448678 0.3651492037 -0.4030460992 
870 2 0.9993410046 0.1115551183 0.0118613025 0.8752660226 0.036375665 -0.3124746465 -0.1018910941 
871 2 1.6559738559 0.1379176821 1.7732682781 0.8310634513 -0.4945351865 -0.3385533117 1.2139598244 
872 2 1.3599170596 1.425108281 0.410156048 0.0141100801 -0.7645369713 -0.141804062 0.0760745338 
873 2 0.8679053318 0.2144143161 0.1901986038 0.3486467451 0.2019438129 -0.273413338 -0.2575114058 
874 2 1.4245471353 1.0862943342 0.6239266691 0.3191135374 -0.8232666674 -0.5887709467 0.4462100923 
875 2 1.5021080903 0.4869776364 0.2420673858 1.5272836929 -0.3433386133 -0.8624111565 0.6080341857 
876 2 1.572073586 1.8593419323 0.6112198637 8.5356371073e-04 1.0660519324 0.039838007 0.0228410835 
877 2 1.7234976383 0.1157090772 0.5399683284 2.3147667037 0.2499584706 0.5175321432 1.1179895829 
878 2 1.6597050631 2.0584243279 0.1777343843 0.5184621845 0.6048576531 -1.0330610696 -0.3035598082 
879 2 0.8133158485 0.2851767946 0.3333265765 0.0429792983 -0.30831316 -0.1107099748 0.1196918642 
880 2 1.5476426471 0.4249155521 0.2992266616 1.6710555493 0.3565754648 0.8426490915 0.7071240155 
881 2 1.3596679747 1.0030961123 0.3500137639 0.4955871254 0.5925347633 0.7050684497 0.4164880732 
882 2 1.5100126374 0.7537452695 0.1225443308 1.403848565 -0.3039197421 -1.0286613704 0.4147694335 
883 2 1.5404055425 0.0622227888 1.7603460155 0.5502804312 0.3309586657 -0.1850404904 -0.9842174376 
884 2 1.5421971028 0.2399698838 1.1404342202 0.9979677999 0.523134655 -0.4893692031 -1.0668254916 
885 2 1.6878608849 0.5791030945 0.0155464209 2.2542248513 0.0948840369 -1.142553538 -0.1872034411 
886 2 1.4473499254 0.2495533585 1.8082459255 0.0370225226 0.6717543031 0.0961202104 0.258738914 
887 2 1.706629652 2.669054803 0.1546451785 0.0888847877 -0.6424612489 -0.4870712161 0.1172416473 
888 2 1.6355450353 0.9655650251 1.4669367102 0.2425058273 -1.1901356147 -0.4838958 0.5964400225 
889 2 1.2424107503 0.3478818991 0.2500820227 0.9456205506 0.2949559442 0.5735540715 0.4862948694 
890 2 1.0126749448 0.6289900239 0.0022236299 0.3942968901 -0.0373984093 -0.4980048296 0.0296103082 
891 2 1.6500799764 0.2355679907 0.4716811446 2.0155147931 0.3333361359 0.6890506295 0.9750283712 
892 2 1.0532009301 0.5653101646 0.5439220048 2.9795955925e-08 -0.5545129737 -1.2978427003e-04 1.2730544404e-04 
893 2 1.3256172714 0.0033931123 0.4119585613 1.3419094767 -0.0373874531 0.0674777705 -0.7435126747 
894 2 1.28611276 0.0285747515 0.5651854065 1.0603258734 0.1270827782 0.1740647819 0.7741322302 
895 2 0.5926595488 0.2099301781 0.1202623642 0.0210527985 -0.1588921003 -0.0664802056 0.0503175846 
896 2 1.6974359923 0.7830532382 0.4432516694 1.6549840404 -0.5891431533 1.1383938738 -0.8564896022 
897 2 0.6414036025 0.0018190415 0.3971128612 0.0124666786 -0.0268768446 0.00476208 -0.0703610575 
898 2 1.0410581716 0.3832247795 0.6852082954 0.0153690417 0.5124341889 0.0767450168 0.1026206356 
899 2 1.0645717375 0.3102874258 0.0863330083 0.7366925502 0.1636705438 0.4781071376 0.252192157 
900 2 1.7015198696 0.0307825656 0.431121836 2.4332654652 -0.1151999834 -0.2736825784 1.0242235473 
901 2 1.4111993196 0.0359161591 0.2348982329 1.7206691277 0.0918511965 -0.2485957082 -0.6357532049 
902 2 1.626548255 1.893612342 0.6968126319 0.0552342518 1.1486918647 -0.3234072678 -0.1961833947 
903 2 1.5387055898 0.0568834437 0.0607829464 2.2499485019 0.0588008785 0.3577496595 0.3698087332 
904 2 0.7262803034 0.3183390421 0.0201782781 0.1889657589 -0.0801469509 0.2452655268 -0.0617495234 
905 2 1.3752537999 0.0026694517 1.2852419332 0.6034116293 -0.0585738101 0.0401345011 -0.8806417711 
906 2 1.6604639313 2.1867755728 0.4160255905 0.1543393038 -0.9538105677 -0.5809521662 0.253395146 
907 2 0.8166487924 2.9921197347e-04 0.1130989031 0.5535171351 -0.0058172628 0.0128693028 -0.2502042782 
908 2 0.9503757442 3.7475674708e-04 0.2473302023 0.6555090961 -0.0096274951 0.0156734315 -0.4026502172 
909 2 1.3065469708 0.1016055746 1.577443875 0.0280155374 0.4003462144 -0.0533529266 -0.210221164 
910 2 1.7127397566 0.5862458962 0.5337894234 1.8134421544 -0.5594031274 1.0310785717 -0.9838680003 
911 2 1.7164346441 2.3594886719 0.4971324727 0.0895267427 -1.0830412909 0.4596056302 -0.2109659948 
912 2 1.2833746155 0.0060465776 0.642142904 0.9988609222 0.062311852 -0.0777154429 -0.8008816725 
913 2 1.6355428604 0.7147363923 1.0786735505 0.8815905054 0.878047403 0.7937914193 0.9751658118 
914 2 1.2238591043 1.1200948118 0.0104853338 0.3672509615 -0.1083723578 -0.6413703272 0.0620544028 
915 2 1.5988634212 0.0579809194 0.6494326957 1.8489506246 -0.1940482023 -0.3274200013 1.0957960524 
916 2 1.0264108313 0.6820132747 0.3389824397 0.0325234802 0.4808227571 0.1489343654 0.1049994698 
917 2 1.716817254 2.5593237751 0.1646526336 0.2234850749 0.6491528325 0.7562874225 0.1918265001 
918 2 1.2391961636 0.7296688506 0.5757666305 0.2301716508 0.6481658549 -0.4098159147 -0.364040047 
919 2 0.8626201453 0.1325267832 0.368518895 0.2430678369 -0.2209946237 -0.1794797997 0.2992909799 
920 2 1.4238208095 1.5851105752 0.3643347173 0.077820405 -0.7599413223 -0.3512178056 0.1683825266 
921 2 1.1183441856 0.2475636052 0.8957680444 0.1073620679 -0.4709135446 0.1630304898 -0.3101153167 
922 2 0.7352786577 0.0435860233 0.4869416995 0.0101069817 -0.1456840837 0.0209886431 -0.0701534806 
923 2 0.905210888 0.410917415 0.3805226233 0.0279667135 -0.3954280879 0.1072007912 -0.1031599108 
924 2 1.2239534777 0.6312247461 0.8392479928 0.0275893768 -0.7278420853 0.1319662735 -0.1521654661 
925 2 1.4642738706 2.8525764719e-04 0.5921181679 1.5516945426 0.0129963932 -0.0210388387 -0.9585335308 
926 2 1.4015190267 1.0177246418 0.0916429051 0.8548880353 0.3053968611 -0.9327596794 -0.2799007379 
927 2 1.4056565144 0.592291368 0.1964035153 1.1871753532 0.3410690645 -0.8385426131 -0.4828720458 
928 2 1.7487487034 0.2209370072 2.7251650081 0.1120200125 -0.7759444574 0.1573193132 -0.5525151747 
929 2 1.5485643971 0.0379839794 2.3413456953 0.0187220172 -0.2982174152 0.0266671468 -0.2093674149 
930 2 0.8110970566 0.3364463761 0.0071588496 0.3142732094 -0.049077174 0.3251708511 -0.0474324219 
931 2 1.6320542456 0.0282423421 1.5346350123 1.1007237061 0.2081866638 -0.1763151027 -1.2996957868 
932 2 1.7370192253 0.0433941024 2.8343658907 0.1394757958 -0.3507060931 0.0777973455 -0.6287491058 
933 2 0.6454212917 0.2732078873 0.0364088977 0.1069518587 -0.0997356407 -0.1709388527 0.0624019173 
934 2 1.550293809 1.3717759856 0.3050884643 0.7265464442 0.6469258295 0.9983280846 0.4708088136 
935 2 1.7115915971 1.4322041073 0.0200315612 1.4773101267 -0.1693791139 1.4545822875 -0.1720256615 
936 2 1.0252251994 0.7429609538 0.1147954249 0.1933303308 0.2920419805 -0.3789945738 -0.1489746202 
937 2 1.590442554 0.0015099763 2.2092846945 0.3187128467 -0.0577578355 0.0219373848 -0.839123003 
938 2 1.4472891497 0.4606109958 1.0538564123 0.5801784748 0.6967193492 0.5169493061 0.7819365741 
939 2 1.2126027507 0.2561832442 0.112736617 1.1014855699 0.1699447919 0.5312081953 0.3523886446 
940 2 0.6402836408 0.383251273 0.0132144209 0.0134974468 0.0711649045 -0.0719229703 -0.0133551841 
941 2 1.2782715835 0.9007799818 0.5024891471 0.2307091124 -0.6727794325 0.4558707603 -0.340483223 
942 2 1.2957862441 1.0551922163 0.0353119902 0.5885577838 -0.193030923 -0.7880619216 0.1441636109 
943 2 0.9837289713 0.6130128243 0.2089490505 0.1457608143 0.3578944643 -0.2989201373 -0.1745181473 
944 2 1.3752629156 0.3451703693 0.8627121546 0.6834655631 0.5456946701 -0.4857077936 -0.7678763237 
945 2 1.5052305756 1.8269480537 0.4305376503 0.0082333817 -0.8868877732 -0.122645671 0.0595380617 
946 2 0.6859743942 2.3414215775e-04 0.2110954039 0.2592313234 -0.0070303864 -0.0077908267 0.2339284953 
947 2 1.2217924161 0.2860983172 0.0192432483 1.1874351425 0.0741987934 0.5828577838 0.1511625259 
948 2 1.4406895353 0.6983634666 1.0129388078 0.3642840628 0.8410704235 0.5043834661 0.6074516148 
949 2 0.9871024195 0.9360280531 0.0048134252 0.0335297082 0.0671230291 0.1771574088 0.0127040444 
950 2 1.1592675172 0.3780388178 0.2958505662 0.6700117923 -0.3344293622 -0.5032797094 0.4452228298 
951 2 1.0963781108 1.0564661307 0.0729646345 0.0726141967 -0.2776412526 0.2769737161 -0.0727892047 
952 2 1.441294906 0.2690453654 1.5426957341 0.2655899066 0.6442477299 0.2673120526 0.6400971926 
953 2 1.5906802478 0.2947115095 2.0936938516 0.1418582897 0.7855161841 0.2044682633 0.5449842465 
954 2 1.3110857533 0.2347591281 1.1919787679 0.2922079566 0.5289876145 0.2619131251 0.5901742794 
955 2 1.3590271912 0.656225827 0.1889048229 1.0018242565 -0.3520855345 0.8108162253 -0.4350280838 
956 2 1.420684991 1.5152739958 0.3472724254 0.1557994224 0.7254053182 -0.4858794226 -0.2326044783 
957 2 1.0242677964 0.0387956726 0.9391751397 0.0711537065 0.1908819825 -0.0525400409 -0.2585068514 
958 2 1.6741452382 1.994710127 0.0531041964 0.7549479552 -0.3254650186 -1.2271521224 0.2002271322 
959 2 1.3167091745 0.2145008781 1.0319629844 0.4872591878 0.4704858832 0.3232917005 0.7091074994 
960 2 1.0991564482 0.2547603013 0.1000706747 0.8533139215 -0.1596685167 -0.4662515541 0.2922185823 
961 2 1.5137906739 0.7911316118 0.4445809363 1.0558496562 -0.5930615758 -0.9139562573 0.685135482 
962 2 1.2350610313 0.0025547706 1.4698893811 0.0529315992 -0.0612799331 0.0116287615 -0.2789329589 
963 2 1.607243946 0.0062792554 0.0237163807 2.553237466 0.0122033278 0.1266192325 0.2460763128 
964 2 1.5716245628 0.032936523 1.1437669484 1.2933002949 -0.1940920049 -0.2063899583 1.2162376954 
965 2 0.7221980165 0.0499741058 0.471560637 3.5232165828e-05 -0.1535116321 0.0013269122 -0.0040760401 
966 2 0.9009722489 0.0017631035 0.8091849852 8.0290460028e-04 -0.0377713769 0.0011897916 -0.025489181 
967 2 0.993099305 0.1225214634 0.7302840296 0.1334407367 0.2991245025 -0.1278645937 -0.3121692472 
968 2 1.2350852507 0.956369603 0.5060518438 0.0630141298 -0.6956813933 0.2454888964 -0.1785732806 
969 2 1.119949187 0.6462525322 0.5842590737 0.0237745757 0.6144744957 0.1239531352 0.1178580144 
970 2 0.9896682159 0.9778519017 6.6262879409e-04 9.286469467e-04 0.0254549175 -0.0301343522 -7.8444133396e-04 
971 2 0.8367414619 0.2819464604 0.3632590671 0.0549307466 0.3200306363 0.1244489034 0.1412589528 
972 2 1.7100513859 0.174369579 2.6964715831 0.0534345805 -0.6856986325 0.0965265005 -0.3795850732 
973 2 0.6946203245 0.0580741897 0.0648437674 0.3595794381 0.0613657009 -0.1445070396 -0.1526973655 
974 2 1.7273944922 0.001710602 2.2433901765 0.7387909532 0.0619479437 -0.0355496453 -1.2873990706 
975 2 1.7100729877 0.0140128249 1.7831119648 1.1272248335 -0.158070983 0.125680564 -1.4177334332 
976 2 1.5150206617 0.8664338398 0.923694157 0.5051596085 -0.8946059889 -0.6615794581 0.6830907544 
977 2 1.5686510533 2.369877459 0.0339865099 0.056802158 0.2838025082 -0.3668980157 -0.0439375364 
978 2 1.2076278253 1.3046959862 0.0589385252 0.0947304532 0.2773028259 -0.351560012 -0.0747213035 
979 2 1.4104756091 1.3018391808 0.1581670535 0.5294352095 -0.4537709415 0.8302044926 -0.2893772747 
980 2 1.0697851807 0.0429884429 1.0756354187 0.0258164713 0.2150346292 -0.0333138095 -0.1666406641 
981 2 1.0932839366 0.8557929694 0.0013741345 0.3381026621 0.0342924871 0.5379088038 0.0215545481 
982 2 1.6940324684 0.0578140932 1.8868477157 0.9250841951 -0.330282288 0.2312637107 -1.3211710715 
983 2 1.2636810018 0.6635436246 4.0637591519e-04 0.9329396737 0.0164209667 0.7867948733 0.0194711123 
984 2 1.6120599691 0.3573594436 0.7753824159 1.4659954846 -0.5263936063 0.7238006153 -1.066164678 
985 2 1.4229153107 0.8647205328 0.581805975 0.5781614737 -0.7092951238 -0.7070700796 0.5799808616 
986 2 1.6845372316 0.993101614 1.6450784716 0.1994855989 1.2781745129 0.4450949003 0.572860772 
987 2 0.654593003 0.1802674491 0.2216287716 0.0265957788 0.1998810979 -0.069241268 -0.0767749294 
988 2 1.7368142673 0.2337238405 2.0149135599 0.7678863987 -0.6862458274 0.4236429608 -1.24387488 
989 2 1.1106478528 0.7957970651 2.8613504583e-05 0.4377129743 0.004771849 0.5901954764 0.0035389973 
990 2 1.1701282778 0.0549374522 0.0014190391 1.3128436952 -0.008829405 -0.2685596541 0.043162212 
991 2 1.4709576303 0.5230414648 1.4987106138 0.1419642713 0.8853743812 0.2724944044 0.4612627887 
992 2 0.8442633984 0.2719757938 0.1903354642 0.2504694279 0.2275228317 -0.2610011906 -0.2183419676 
993 2 1.5455767587 0.0426379396 0.3817354624 1.9644341151 -0.1275790484 -0.2894122029 0.8659642979 
994 2 1.3440677253 1.7676292603 0.0247778036 0.0141109864 -0.2092796469 0.1579335063 -0.018698643 
995 2 1.6611023482 1.1150790886 0.0828594883 1.5613224342 0.3039652657 -1.3194688314 -0.3596809392 
996 2 1.433078565 1.4576681535 0.0092348153 0.5868112048 0.1160228258 0.9248653985 0.0736144895 
997 2 1.6659019638 0.4732307748 0.0012818434 2.3007167347 -0.0246294085 -1.0434414038 0.0543061566 
998 2 1.3475185252 0.305413562 1.121428516 0.3889640977 -0.5852345492 -0.3446663757 0.6604509299 
999 2 1.6075782731 0.4280744498 0.2693333386 1.8869001157 -0.3395507631 0.8987400786 -0.7128850592 
1000 2 1.5400389101 0.7277402567 1.4960230544 0.1479565334 -1.0434156418 -0.3281370531 0.470474638 
1001 2 1.1549396221 0.1662866119 0.2890645625 0.8785343564 -0.219243168 0.3822152555 -0.5039376444 
1002 2 1.4953500438 0.0533746347 0.0388279881 2.1438691308 -0.0455239462 -0.3382724224 0.288517114 
1003 2 1.5056163472 1.4896807579 0.4978650002 0.2793348269 -0.8611967898 -0.6450734196 0.372922289 
1004 2 0.8664237467 0.4123259069 0.047909471 0.2904547309 0.1405500483 0.3460664825 0.1179641154 
1005 1 0.0 0.0 0.0 0.0 0.0 0.0 0.0 
1006 1 0.0 0.0 0.0 0.0 0.0 0.0 0.0 
1007 1 0.0 0.0 0.0 0.0 0.0 0.0 0.0 
1008 1 0.0 0.0 0.0 0.0 0.0 0.0 0.0 
1009 1 0.0 0.0 0.0 0.0 0.0 0.0 0.0 
1010 1 0.0 0.0 0.0 0.0 0.0 0.0 0.0 
1011 1 0.0 0.0 0.0 0.0 0.0 0.0 0.0 
1012 1 0.0 0.0 0.0 0.0 0.0 0.0 0.0 
1013 1 0.0 0.0 0.0 0.0 0.0 0.0 0.0 
1014 1 0.0 0.0 0.0 0.0 0.0 0.0 0.0 
1015 1 0.0 0.0 0.0 0.0 0.0 0.0 0.0 
1016 1 0.0 0.0 0.0 0.0 0.0 0.0 0.0 
1017 1 0.0 0.0 0.0 0.0 0.0 0.0 0.0 
1018 1 0.0 0.0 0.0 0.0 0.0 0.0 0.0 
1019 1 0.0 0.0 0.0 0.0 0.0 0.0 0.0 
1020 1 0.0 0.0 0.0 0.0 0.0 0.0 0.0 
1021 1 0.0 0.0 0.0 0.0 0.0 0.0 0.0 
1022 1 0.0 0.0 0.0 0.0 0.0 0.0 0.0 
1023 1 0.0 0.0 0.0 0.0 0.0 0.0 0.0 
1024 1 0.0 0.0 0.0 0.0 0.0 0.0 0.0 
1025 1 0.0 0.0 0.0 0.0 0.0 0.0 0.0 
1026 1 0.0 0.0 0.0 0.0 0.0 0.0 0.0 
1027 1 0.0 0.0 0.0 0.0 0.0 0.0 0.0 
1028 1 0.0 0.0 0.0 0.0 0.0 0.0 0.0 
1029 1 0.0 0.0 0.0 0.0 0.0 0.0 0.0 
1030 1 0.0 0.0 0.0 0.0 0.0 0.0 0.0 
1031 1 0.0 0.0 0.0 0.0 0.0 0.0 0.0 
1032 1 0.0 0.0 0.0 0.0 0.0 0.0 0.0 
1033 1 0.0 0.0 0.0 0.0 0.0 0.0 0.0 
1034 1 0.0 0.0 0.0 0.0 0.0 0.0 0.0 
1035 1 0.0 0.0 0.0 0.0 0.0 0.0 0.0 
1036 1 0.0 0.0 0.0 0.0 0.0 0.0 0.0 
1037 1 0.0 0.0 0.0 0.0 0.0 0.0 0.0 
1038 1 0.0 0.0 0.0 0.0 0.0 0.0 0.0 
1039 1 0.0 0.0 0.0 0.0 0.0 0.0 0.0 
1040 1 0.0 0.0 0.0 0.0 0.0 0.0 0.0 
1041 1 0.0 0.0 0.0 0.0 0.0 0.0 0.0 
1042 1 0.0 0.0 0.0 0.0 0.0 0.0 0.0 
1043 1 0.0 0.0 0.0 0.0 0.0 0.0 0.0 
1044 1 0.0 0.0 0.0 0.0 0.0 0.0 0.0 
1045 1 0.0 0.0 0.0 0.0 0.0 0.0 0.0 
1046 1 0.0 0.0 0.0 0.0 0.0 0.0 0.0 
1047 1 0.0 0.0 0.0 0.0 0.0 0.0 0.0 
1048 1 0.0 0.0 0.0 0.0 0.0 0.0 0.0 
1049 1 0.0 0.0 0.0 0.0 0.0 0.0 0.0 
1050 1 0.0 0.0 0.0 0.0 0.0 0.0 0.0 
1051 1 0.0 0.0 0.0 0.0 0.0 0.0 0.0 
1052 1 0.0 0.0 0.0 0.0 0.0 0.0 0.0 
1053 1 0.0 0.0 0.0 0.0 0.0 0.0 0.0 
1054 1 0.0 0.0 0.0 0.0 0.0 0.0 0.0 
1055 1 0.0 0.0 0.0 0.0 0.0 0.0 0.0 
1056 1 0.0 0.0 0.0 0.0 0.0 0.0 0.0 
1057 1 0.0 0.0 0.0 0.0 0.0 0.0 0.0 
1058 1 0.0 0.0 0.0 0.0 0.0 0.0 0.0 
1059 1 0.0 0.0 0.0 0.0 0.0 0.0 0.0 
1060 1 0.0 0.0 0.0 0.0 0.0 0.0 0.0 
1061 1 0.0 0.0 0.0 0.0 0.0 0.0 0.0 
1062 1 0.0 0.0 0.0 0.0 0.0 0.0 0.0 
1063 1 0.0 0.0 0.0 0.0 0.0 0.0 0.0 
1064 1 0.0 0.0 0.0 0.0 0.0 0.0 0.0 
1065 1 0.0 0.0 0.0 0.0 0.0 0.0 0.0 
1066 1 0.0 0.0 0.0 0.0 0.0 0.0 0.0 
1067 1 0.0 0.0 0.0 0.0 0.0 0.0 0.0 
1068 1 0.0 0.0 0.0 0.0 0.0 0.0 0.0 
1069 1 0.0 0.0 0.0 0.0 0.0 0.0 0.0 
1070 1 0.0 0.0 0.0 0.0 0.0 0.0 0.0 
1071 1 0.0 0.0 0.0 0.0 0.0 0.0 0.0 
1072 1 0.0 0.0 0.0 0.0 0.0 0.0 0.0 
1073 1 0.0 0.0 0.0 0.0 0.0 0.0 0.0 
1074 1 0.0 0.0 0.0 0.0 0.0 0.0 0.0 
1075 1 0.0 0.0 0.0 0.0 0.0 0.0 0.0 
1076 1 0.0 0.0 0.0 0.0 0.0 0.0 0.0 
1077 1 0.0 0.0 0.0 0.0 0.0 0.0 0.0 
1078 1 0.0 0.0 0.0 0.0 0.0 0.0 0.0 
1079 1 0.0 0.0 0.0 0.0 0.0 0.0 0.0 
1080 1 0.0 0.0 0.0 0.0 0.0 0.0 0.0 
1081 1 0.0 0.0 0.0 0.0 0.0 0.0 0.0 
1082 1 0.0 0.0 0.0 0.0 0.0 0.0 0.0 
1083 1 0.0 0.0 0.0 0.0 0.0 0.0 0.0 
1084 1 0.0 0.0 0.0 0.0 0.0 0.0 0.0 
1085 1 0.0 0.0 0.0 0.0 0.0 0.0 0.0 
1086 1 0.0 0.0 0.0 0.0 0.0 0.0 0.0 
1087 1 0.0 0.0 0.0 0.0 0.0 0.0 0.0 
1088 1 0.0 0.0 0.0 0.0 0.0 0.0 0.0 
1089 1 0.0 0.0 0.0 0.0 0.0 0.0 0.0 
1090 1 0.0 0.0 0.0 0.0 0.0 0.0 0.0 
1091 1 0.0 0.0 0.0 0.0 0.0 0.0 0.0 
1092 1 0.0 0.0 0.0 0.0 0.0 0.0 0.0 
1093 1 0.0 0.0 0.0 0.0 0.0 0.0 0.0 
1094 1 0.0 0.0 0.0 0.0 0.0 0.0 0.0 
1095 1 0.0 0.0 0.0 0.0 0.0 0.0 0.0 
1096 1 0.0 0.0 0.0 0.0 0.0 0.0 0.0 
1097 1 0.0 0.0 0.0 0.0 0.0 0.0 0.0 
1098 1 0.0 0.0 0.0 0.0 0.0 0.0 0.0 
1099 1 0.0 0.0 0.0 0.0 0.0 0.0 0.0 
1100 1 0.0 0.0 0.0 0.0 0.0 0.0 0.0 
1101 1 0.0 0.0 0.0 0.0 0.0 0.0 0.0 
1102 1 0.0 0.0 0.0 0.0 0.0 0.0 0.0 
1103 1 0.0 0.0 0.0 0.0 0.0 0.0 0.0 
1104 1 0.0 0.0 0.0 0.0 0.0 0.0 0.0 
1105 1 0.0 0.0 0.0 0.0 0.0 0.0 0.0 
1106 1 0.0 0.0 0.0 0.0 0.0 0.0 0.0 
1107 1 0.0 0.0 0.0 0.0 0.0 0.0 0.0 
1108 1 0.0 0.0 0.0 0.0 0.0 0.0 0.0 
1109 1 0.0 0.0 0.0 0.0 0.0 0.0 0.0 
1110 1 0.0 0.0 0.0 0.0 0.0 0.0 0.0 
1111 1 0.0 0.0 0.0 0.0 0.0 0.0 0.0 
1112 1 0.0 0.0 0.0 0.0 0.0 0.0 0.0 
1113 1 0.0 0.0 0.0 0.0 0.0 0.0 0.0 
1114 1 0.0 0.0 0.0 0.0 0.0 0.0 0.0 
1115 1 0.0 0.0 0.0 0.0 0.0 0.0 0.0 
1116 1 0.0 0.0 0.0 0.0 0.0 0.0 0.0 
1117 1 0.0 0.0 0.0 0.0 0.0 0.0 0.0 
1118 1 0.0 0.0 0.0 0.0 0.0 0.0 0.0 
1119 1 0.0 0.0 0.0 0.0 0.0 0.0 0.0 
1120 1 0.0 0.0 0.0 0.0 0.0 0.0 0.0 
1121 1 0.0 0.0 0.0 0.0 0.0 0.0 0.0 
1122 1 0.0 0.0 0.0 0.0 0.0 0.0 0.0 
1123 1 0.0 0.0 0.0 0.0 0.0 0.0 0.0 
1124 1 0.0 0.0 0.0 0.0 0.0 0.0 0.0 
1125 1 0.0 0.0 0.0 0.0 0.0 0.0 0.0 
1126 1 0.0 0.0 0.0 0.0 0.0 0.0 0.0 
1127 1 0.0 0.0 0.0 0.0 0.0 0.0 0.0 
1128 1 0.0 0.0 0.0 0.0 0.0 0.0 0.0 
1129 1 0.0 0.0 0.0 0.0 0.0 0.0 0.0 
1130 1 0.0 0.0 0.0 0.0 0.0 0.0 0.0 
1131 1 0.0 0.0 0.0 0.0 0.0 0.0 0.0 
1132 1 0.0 0.0 0.0 0.0 0.0 0.0 0.0 
1133 1 0.0 0.0 0.0 0.0 0.0 0.0 0.0 
1134 1 0.0 0.0 0.0 0.0 0.0 0.0 0.0 
1135 1 0.0 0.0 0.0 0.0 0.0 0.0 0.0 
1136 1 0.0 0.0 0.0 0.0 0.0 0.0 0.0 
1137 1 0.0 0.0 0.0 0.0 0.0 0.0 0.0 
1138 1 0.0 0.0 0.0 0.0 0.0 0.0 0.0 
1139 1 0.0 0.0 0.0 0.0 0.0 0.0 0.0 
1140 1 0.0 0.0 0.0 0.0 0.0 0.0 0.0 
1141 1 0.0 0.0 0.0 0.0 0.0 0.0 0.0 
1142 1 0.0 0.0 0.0 0.0 0.0 0.0 0.0 
1143 1 0.0 0.0 0.0 0.0 0.0 0.0 0.0 
1144 1 0.0 0.0 0.0 0.0 0.0 0.0 0.0 
1145 1 0.0 0.0 0.0 0.0 0.0 0.0 0.0 
1146 1 0.0 0.0 0.0 0.0 0.0 0.0 0.0 
1147 1 0.0 0.0 0.0 0.0 0.0 0.0 0.0 
1148 1 0.0 0.0 0.0 0.0 0.0 0.0 0.0 
1149 1 0.0 0.0 0.0 0.0 0.0 0.0 0.0 
1150 1 0.0 0.0 0.0 0.0 0.0 0.0 0.0 
1151 1 0.0 0.0 0.0 0.0 0.0 0.0 0.0 
1152 1 0.0 0.0 0.0 0.0 0.0 0.0 0.0 
1153 1 0.0 0.0 0.0 0.0 0.0 0.0 0.0 
1154 1 0.0 0.0 0.0 0.0 0.0 0.0 0.0 
1155 1 0.0 0.0 0.0 0.0 0.0 0.0 0.0 
1156 1 0.0 0.0 0.0 0.0 0.0 0.0 0.0 
1157 1 0.0 0.0 0.0 0.0 0.0 0.0 0.0 
1158 1 0.0 0.0 0.0 0.0 0.0 0.0 0.0 
1159 1 0.0 0.0 0.0 0.0 0.0 0.0 0.0 
1160 1 0.0 0.0 0.0 0.0 0.0 0.0 0.0 
1161 1 0.0 0.0 0.0 0.0 0.0 0.0 0.0 
1162 1 0.0 0.0 0.0 0.0 0.0 0.0 0.0 
1163 1 0.0 0.0 0.0 0.0 0.0 0.0 0.0 
1164 1 0.0 0.0 0.0 0.0 0.0 0.0 0.0 
1165 1 0.0 0.0 0.0 0.0 0.0 0.0 0.0 
1166 1 0.0 0.0 0.0 0.0 0.0 0.0 0.0 
1167 1 0.0 0.0 0.0 0.0 0.0 0.0 0.0 
1168 1 0.0 0.0 0.0 0.0 0.0 0.0 0.0 
1169 1 0.0 0.0 0.0 0.0 0.0 0.0 0.0 
1170 1 0.0 0.0 0.0 0.0 0.0 0.0 0.0 
1171 1 0.0 0.0 0.0 0.0 0.0 0.0 0.0 
1172 1 0.0 0.0 0.0 0.0 0.0 0.0 0.0 
1173 1 0.0 0.0 0.0 0.0 0.0 0.0 0.0 
1174 1 0.0 0.0 0.0 0.0 0.0 0.0 0.0 
1175 1 0.0 0.0 0.0 0.0 0.0 0.0 0.0 
1176 1 0.0 0.0 0.0 0.0 0.0 0.0 0.0 
1177 1 0.0 0.0 0.0 0.0 0.0 0.0 0.0 
1178 1 0.0 0.0 0.0 0.0 0.0 0.0 0.0 
1179 1 0.0 0.0 0.0 0.0 0.0 0.0 0.0 
1180 1 0.0 0.0 0.0 0.0 0.0 0.0 0.0 
1181 1 0.0 0.0 0.0 0.0 0.0 0.0 0.0 
1182 1 0.0 0.0 0.0 0.0 0.0 0.0 0.0 
1183 1 0.0 0.0 0.0 0.0 0.0 0.0 0.0 
1184 1 0.0 0.0 0.0 0.0 0.0 0.0 0.0 
1185 1 0.0 0.0 0.0 0.0 0.0 0.0 0.0 
1186 1 0.0 0.0 0.0 0.0 0.0 0.0 0.0 
1187 1 0.0 0.0 0.0 0.0 0.0 0.0 0.0 
1188 1 0.0 0.0 0.0 0.0 0.0 0.0 0.0 
1189 1 0.0 0.0 0.0 0.0 0.0 0.0 0.0 
1190 1 0.0 0.0 0.0 0.0 0.0 0.0 0.0 
1191 1 0.0 0.0 0.0 0.0 0.0 0.0 0.0 
1192 1 0.0 0.0 0.0 0.0 0.0 0.0 0.0 
1193 1 0.0 0.0 0.0 0.0 0.0 0.0 0.0 
1194 1 0.0 0.0 0.0 0.0 0.0 0.0 0.0 
1195 1 0.0 0.0 0.0 0.0 0.0 0.0 0.0 
1196 1 0.0 0.0 0.0 0.0 0.0 0.0 0.0 
1197 1 0.0 0.0 0.0 0.0 0.0 0.0 0.0 
1198 1 0.0 0.0 0.0 0.0 0.0 0.0 0.0 
1199 1 0.0 0.0 0.0 0.0 0.0 0.0 0.0 
1200 1 0.0 0.0 0.0 0.0 0.0 0.0 0.0 
1201 1 0.0 0.0 0.0 0.0 0.0 0.0 0.0 
1202 1 0.0 0.0 0.0 0.0 0.0 0.0 0.0 
1203 1 0.0 0.0 0.0 0.0 0.0 0.0 0.0 
1204 1 0.0 0.0 0.0 0.0 0.0 0.0 0.0 
1205 1 0.0 0.0 0.0 0.0 0.0 0.0 0.0 
1206 1 0.0 0.0 0.0 0.0 0.0 0.0 0.0 
1207 1 0.0 0.0 0.0 0.0 0.0 0.0 0.0 
1208 1 0.0 0.0 0.0 0.0 0.0 0.0 0.0 
1209 1 0.0 0.0 0.0 0.0 0.0 0.0 0.0 
1210 1 0.0 0.0 0.0 0.0 0.0 0.0 0.0 
1211 1 0.0 0.0 0.0 0.0 0.0 0.0 0.0 
1212 1 0.0 0.0 0.0 0.0 0.0 0.0 0.0 
1213 1 0.0 0.0 0.0 0.0 0.0 0.0 0.0 
1214 1 0.0 0.0 0.0 0.0 0.0 0.0 0.0 
1215 1 0.0 0.0 0.0 0.0 0.0 0.0 0.0 
1216 1 0.0 0.0 0.0 0.0 0.0 0.0 0.0 
1217 1 0.0 0.0 0.0 0.0 0.0 0.0 0.0 
1218 1 0.0 0.0 0.0 0.0 0.0 0.0 0.0 
1219 1 0.0 0.0 0.0 0.0 0.0 0.0 0.0 
1220 1 0.0 0.0 0.0 0.0 0.0 0.0 0.0 
1221 1 0.0 0.0 0.0 0.0 0.0 0.0 0.0 
1222 1 0.0 0.0 0.0 0.0 0.0 0.0 0.0 
1223 1 0.0 0.0 0.0 0.0 0.0 0.0 0.0 
1224 1 0.0 0.0 0.0 0.0 0.0 0.0 0.0 
1225 1 0.0 0.0 0.0 0.0 0.0 0.0 0.0 
1226 1 0.0 0.0 0.0 0.0 0.0 0.0 0.0 
1227 1 0.0 0.0 0.0 0.0 0.0 0.0 0.0 
1228 1 0.0 0.0 0.0 0.0 0.0 0.0 0.0 
1229 1 0.0 0.0 0.0 0.0 0.0 0.0 0.0 
1230 1 0.0 0.0 0.0 0.0 0.0 0.0 0.0 
1231 1 0.0 0.0 0.0 0.0 0.0 0.0 0.0 
1232 1 0.0 0.0 0.0 0.0 0.0 0.0 0.0 
1233 1 0.0 0.0 0.0 0.0 0.0 0.0 0.0 
1234 1 0.0 0.0 0.0 0.0 0.0 0.0 0.0 
1235 1 0.0 0.0 0.0 0.0 0.0 0.0 0.0 
1236 1 0.0 0.0 0.0 0.0 0.0 0.0 0.0 
1237 1 0.0 0.0 0.0 0.0 0.0 0.0 0.0 
1238 1 0.0 0.0 0.0 0.0 0.0 0.0 0.0 
1239 1 0.0 0.0 0.0 0.0 0.0 0.0 0.0 
1240 1 0.0 0.0 0.0 0.0 0.0 0.0 0.0 
1241 1 0.0 0.0 0.0 0.0 0.0 0.0 0.0 
1242 1 0.0 0.0 0.0 0.0 0.0 0.0 0.0 
1243 1 0.0 0.0 0.0 0.0 0.0 0.0 0.0 
1244 1 0.0 0.0 0.0 0.0 0.0 0.0 0.0 
1245 1 0.0 0.0 0.0 0.0 0.0 0.0 0.0 
1246 1 0.0 0.0 0.0 0.0 0.0 0.0 0.0 
1247 1 0.0 0.0 0.0 0.0 0.0 0.0 0.0 
1248 1 0.0 0.0 0.0 0.0 0.0 0.0 0.0 
1249 1 0.0 0.0 0.0 0.0 0.0 0.0 0.0 
1250 1 0.0 0.0 0.0 0.0 0.0 0.0 0.0 
1251 1 0.0 0.0 0.0 0.0 0.0 0.0 0.0 
1252 1 0.0 0.0 0.0 0.0 0.0 0.0 0.0 
1253 1 0.0 0.0 0.0 0.0 0.0 0.0 0.0 
1254 1 0.0 0.0 0.0 0.0 0.0 0.0 0.0 
1255 1 0.0 0.0 0.0 0.0 0.0 0.0 0.0 
1256 1 0.0 0.0 0.0 0.0 0.0 0.0 0.0 
1257 1 0.0 0.0 0.0 0.0 0.0 0.0 0.0 
1258 1 0.0 0.0 0.0 0.0 0.0 0.0 0.0 
1259 1 0.0 0.0 0.0 0.0 0.0 0.0 0.0 
1260 1 0.0 0.0 0.0 0.0 0.0 0.0 0.0 
1261 1 0.0 0.0 0.0 0.0 0.0 0.0 0.0 
1262 1 0.0 0.0 0.0 0.0 0.0 0.0 0.0 
1263 1 0.0 0.0 0.0 0.0 0.0 0.0 0.0 
1264 1 0.0 0.0 0.0 0.0 0.0 0.0 0.0 
1265 1 0.0 0.0 0.0 0.0 0.0 0.0 0.0 
1266 1 0.0 0.0 0.0 0.0 0.0 0.0 0.0 
1267 1 0.0 0.0 0.0 0.0 0.0 0.0 0.0 
1268 1 0.0 0.0 0.0 0.0 0.0 0.0 0.0 
1269 1 0.0 0.0 0.0 0.0 0.0 0.0 0.0 
1270 1 0.0 0.0 0.0 0.0 0.0 0.0 0.0 
1271 1 0.0 0.0 0.0 0.0 0.0 0.0 0.0 
1272 1 0.0 0.0 0.0 0.0 0.0 0.0 0.0 
1273 1 0.0 0.0 0.0 0.0 0.0 0.0 0.0 
1274 1 0.0 0.0 0.0 0.0 0.0 0.0 0.0 
1275 1 0.0 0.0 0.0 0.0 0.0 0.0 0.0 
1276 1 0.0 0.0 0.0 0.0 0.0 0.0 0.0 
1277 1 0.0 0.0 0.0 0.0 0.0 0.0 0.0 
1278 1 0.0 0.0 0.0 0.0 0.0 0.0 0.0 
1279 1 0.0 0.0 0.0 0.0 0.0 0.0 0.0 
1280 1 0.0 0.0 0.0 0.0 0.0 0.0 0.0 
1281 1 0.0 0.0 0.0 0.0 0.0 0.0 0.0 
1282 1 0.0 0.0 0.0 0.0 0.0 0.0 0.0 
1283 1 0.0 0.0 0.0 0.0 0.0 0.0 0.0 
1284 1 0.0 0.0 0.0 0.0 0.0 0.0 0.0 
1285 1 0.0 0.0 0.0 0.0 0.0 0.0 0.0 
1286 1 0.0 0.0 0.0 0.0 0.0 0.0 0.0 
1287 1 0.0 0.0 0.0 0.0 0.0 0.0 0.0 
1288 1 0.0 0.0 0.0 0.0 0.0 0.0 0.0 
1289 1 0.0 0.0 0.0 0.0 0.0 0.0 0.0 
1290 1 0.0 0.0 0.0 0.0 0.0 0.0 0.0 
1291 1 0.0 0.0 0.0 0.0 0.0 0.0 0.0 
1292 1 0.0 0.0 0.0 0.0 0.0 0.0 0.0 
1293 1 0.0 0.0 0.0 0.0 0.0 0.0 0.0 
1294 1 0.0 0.0 0.0 0.0 0.0 0.0 0.0 
1295 1 0.0 0.0 0.0 0.0 0.0 0.0 0.0 
1296 1 0.0 0.0 0.0 0.0 0.0 0.0 0.0 
1297 1 0.0 0.0 0.0 0.0 0.0 0.0 0.0 
1298 1 0.0 0.0 0.0 0.0 0.0 0.0 0.0 
1299 1 0.0 0.0 0.0 0.0 0.0 0.0 0.0 
1300 1 0.0 0.0 0.0 0.0 0.0 0.0 0.0 
1301 1 0.0 0.0 0.0 0.0 0.0 0.0 0.0 
1302 1 0.0 0.0 0.0 0.0 0.0 0.0 0.0 
1303 1 0.0 0.0 0.0 0.0 0.0 0.0 0.0 
1304 1 0.0 0.0 0.0 0.0 0.0 0.0 0.0 
1305 1 0.0 0.0 0.0 0.0 0.0 0.0 0.0 
1306 1 0.0 0.0 0.0 0.0 0.0 0.0 0.0 
1307 1 0.0 0.0 0.0 0.0 0.0 0.0 0.0 
1308 1 0.0 0.0 0.0 0.0 0.0 0.0 0.0 
1309 1 0.0 0.0 0.0 0.0 0.0 0.0 0.0 
1310 1 0.0 0.0 0.0 0.0 0.0 0.0 0.0 
1311 1 0.0 0.0 0.0 0.0 0.0 0.0 0.0 
1312 1 0.0 0.0 0.0 0.0 0.0 0.0 0.0 
1313 1 0.0 0.0 0.0 0.0 0.0 0.0 0.0 
1314 1 0.0 0.0 0.0 0.0 0.0 0.0 0.0 
1315 1 0.0 0.0 0.0 0.0 0.0 0.0 0.0 
1316 1 0.0 0.0 0.0 0.0 0.0 0.0 0.0 
1317 1 0.0 0.0 0.0 0.0 0.0 0.0 0.0 
1318 1 0.0 0.0 0.0 0.0 0.0 0.0 0.0 
1319 1 0.0 0.0 0.0 0.0 0.0 0.0 0.0 
1320 1 0.0 0.0 0.0 0.0 0.0 0.0 0.0 
1321 1 0.0 0.0 0.0 0.0 0.0 0.0 0.0 
1322 1 0.0 0.0 0.0 0.0 0.0 0.0 0.0 
1323 1 0.0 0.0 0.0 0.0 0.0 0.0 0.0 
1324 1 0.0 0.0 0.0 0.0 0.0 0.0 0.0 
1325 1 0.0 0.0 0.0 0.0 0.0 0.0 0.0 
1326 1 0.0 0.0 0.0 0.0 0.0 0.0 0.0 
1327 1 0.0 0.0 0.0 0.0 0.0 0.0 0.0 
1328 1 0.0 0.0 0.0 0.0 0.0 0.0 0.0 
1329 1 0.0 0.0 0.0 0.0 0.0 0.0 0.0 
1330 1 0.0 0.0 0.0 0.0 0.0 0.0 0.0 
1331 1 0.0 0.0 0.0 0.0 0.0 0.0 0.0 
1332 1 0.0 0.0 0.0 0.0 0.0 0.0 0.0 
1333 1 0.0 0.0 0.0 0.0 0.0 0.0 0.0 
1334 1 0.0 0.0 0.0 0.0 0.0 0.0 0.0 
1335 1 0.0 0.0 0.0 0.0 0.0 0.0 0.0 
1336 1 0.0 0.0 0.0 0.0 0.0 0.0 0.0 
1337 1 0.0 0.0 0.0 0.0 0.0 0.0 0.0 
1338 1 0.0 0.0 0.0 0.0 0.0 0.0 0.0 
1339 1 0.0 0.0 0.0 0.0 0.0 0.0 0.0 
1340 1 0.0 0.0 0.0 0.0 0.0 0.0 0.0 
1341 1 0.0 0.0 0.0 0.0 0.0 0.0 0.0 
1342 1 0.0 0.0 0.0 0.0 0.0 0.0 0.0 
1343 1 0.0 0.0 0.0 0.0 0.0 0.0 0.0 
1344 1 0.0 0.0 0.0 0.0 0.0 0.0 0.0 
1345 1 0.0 0.0 0.0 0.0 0.0 0.0 0.0 
1346 1 0.0 0.0 0.0 0.0 0.0 0.0 0.0 
1347 1 0.0 0.0 0.0 0.0 0.0 0.0 0.0 
1348 1 0.0 0.0 0.0 0.0 0.0 0.0 0.0 
1349 1 0.0 0.0 0.0 0.0 0.0 0.0 0.0 
1350 1 0.0 0.0 0.0 0.0 0.0 0.0 0.0 
1351 1 0.0 0.0 0.0 0.0 0.0 0.0 0.0 
1352 1 0.0 0.0 0.0 0.0 0.0 0.0 0.0 
1353 1 0.0 0.0 0.0 0.0 0.0 0.0 0.0 
1354 1 0.0 0.0 0.0 0.0 0.0 0.0 0.0 
1355 1 0.0 0.0 0.0 0.0 0.0 0.0 0.0 
1356 1 0.0 0.0 0.0 0.0 0.0 0.0 0.0 
1357 1 0.0 0.0 0.0 0.0 0.0 0.0 0.0 
1358 1 0.0 0.0 0.0 0.0 0.0 0.0 0.0 
1359 1 0.0 0.0 0.0 0.0 0.0 0.0 0.0 
1360 1 0.0 0.0 0.0 0.0 0.0 0.0 0.0 
1361 1 0.0 0.0 0.0 0.0 0.0 0.0 0.0 
1362 1 0.0 0.0 0.0 0.0 0.0 0.0 0.0 
1363 1 0.0 0.0 0.0 0.0 0.0 0.0 0.0 
1364 1 0.0 0.0 0.0 0.0 0.0 0.0 0.0 
1365 1 0.0 0.0 0.0 0.0 0.0 0.0 0.0 
1366 1 0.0 0.0 0.0 0.0 0.0 0.0 0.0 
1367 1 0.0 0.0 0.0 0.0 0.0 0.0 0.0 
1368 1 0.0 0.0 0.0 0.0 0.0 0.0 0.0 
1369 1 0.0 0.0 0.0 0.0 0.0 0.0 0.0 
1370 1 0.0 0.0 0.0 0.0 0.0 0.0 0.0 
1371 1 0.0 0.0 0.0 0.0 0.0 0.0 0.0 
1372 1 0.0 0.0 0.0 0.0 0.0 0.0 0.0 
1373 1 0.0 0.0 0.0 0.0 0.0 0.0 0.0 
1374 1 0.0 0.0 0.0 0.0 0.0 0.0 0.0 
1375 1 0.0 0.0 0.0 0.0 0.0 0.0 0.0 
1376 1 0.0 0.0 0.0 0.0 0.0 0.0 0.0 
1377 1 0.0 0.0 0.0 0.0 0.0 0.0 0.0 
1378 1 0.0 0.0 0.0 0.0 0.0 0.0 0.0 
1379 1 0.0 0.0 0.0 0.0 0.0 0.0 0.0 
1380 1 0.0 0.0 0.0 0.0 0.0 0.0 0.0 
1381 1 0.0 0.0 0.0 0.0 0.0 0.0 0.0 
1382 1 0.0 0.0 0.0 0.0 0.0 0.0 0.0 
1383 1 0.0 0.0 0.0 0.0 0.0 0.0 0.0 
1384 1 0.0 0.0 0.0 0.0 0.0 0.0 0.0 
1385 1 0.0 0.0 0.0 0.0 0.0 0.0 0.0 
1386 1 0.0 0.0 0.0 0.0 0.0 0.0 0.0 
1387 1 0.0 0.0 0.0 0.0 0.0 0.0 0.0 
1388 1 0.0 0.0 0.0 0.0 0.0 0.0 0.0 
1389 1 0.0 0.0 0.0 0.0 0.0 0.0 0.0 
1390 1 0.0 0.0 0.0 0.0 0.0 0.0 0.0 
1391 1 0.0 0.0 0.0 0.0 0.0 0.0 0.0 
1392 1 0.0 0.0 0.0 0.0 0.0 0.0 0.0 
1393 1 0.0 0.0 0.0 0.0 0.0 0.0 0.0 
1394 1 0.0 0.0 0.0 0.0 0.0 0.0 0.0 
1395 1 0.0 0.0 0.0 0.0 0.0 0.0 0.0 
1396 1 0.0 0.0 0.0 0.0 0.0 0.0 0.0 
1397 1 0.0 0.0 0.0 0.0 0.0 0.0 0.0 
1398 1 0.0 0.0 0.0 0.0 0.0 0.0 0.0 
1399 1 0.0 0.0 0.0 0.0 0.0 0.0 0.0 
1400 1 0.0 0.0 0.0 0.0 0.0 0.0 0.0 
1401 1 0.0 0.0 0.0 0.0 0.0 0.0 0.0 
1402 1 0.0 0.0 0.0 0.0 0.0 0.0 0.0 
1403 1 0.0 0.0 0.0 0.0 0.0 0.0 0.0 
1404 1 0.0 0.0 0.0 0.0 0.0 0.0 0.0 
1405 1 0.0 0.0 0.0 0.0 0.0 0.0 0.0 
1406 1 0.0 0.0 0.0 0.0 0.0 0.0 0.0 
1407 1 0.0 0.0 0.0 0.0 0.0 0.0 0.0 
1408 1 0.0 0.0 0.0 0.0 0.0 0.0 0.0 
1409 1 0.0 0.0 0.0 0.0 0.0 0.0 0.0 
1410 1 0.0 0.0 0.0 0.0 0.0 0.0 0.0 
1411 1 0.0 0.0 0.0 0.0 0.0 0.0 0.0 
1412 1 0.0 0.0 0.0 0.0 0.0 0.0 0.0 
1413 1 0.0 0.0 0.0 0.0 0.0 0.0 0.0 
1414 1 0.0 0.0 0.0 0.0 0.0 0.0 0.0 
1415 1 0.0 0.0 0.0 0.0 0.0 0.0 0.0 
1416 1 0.0 0.0 0.0 0.0 0.0 0.0 0.0 
1417 1 0.0 0.0 0.0 0.0 0.0 0.0 0.0 
1418 1 0.0 0.0 0.0 0.0 0.0 0.0 0.0 
1419 1 0.0 0.0 0.0 0.0 0.0 0.0 0.0 
1420 1 0.0 0.0 0.0 0.0 0.0 0.0 0.0 
1421 1 0.0 0.0 0.0 0.0 0.0 0.0 0.0 
1422 1 0.0 0.0 0.0 0.0 0.0 0.0 0.0 
1423 1 0.0 0.0 0.0 0.0 0.0 0.0 0.0 
1424 1 0.0 0.0 0.0 0.0 0.0 0.0 0.0 
1425 1 0.0 0.0 0.0 0.0 0.0 0.0 0.0 
1426 1 0.0 0.0 0.0 0.0 0.0 0.0 0.0 
1427 1 0.0 0.0 0.0 0.0 0.0 0.0 0.0 
1428 1 0.0 0.0 0.0 0.0 0.0 0.0 0.0 
1429 1 0.0 0.0 0.0 0.0 0.0 0.0 0.0 
1430 1 0.0 0.0 0.0 0.0 0.0 0.0 0.0 
1431 1 0.0 0.0 0.0 0.0 0.0 0.0 0.0 
1432 1 0.0 0.0 0.0 0.0 0.0 0.0 0.0 
1433 1 0.0 0.0 0.0 0.0 0.0 0.0 0.0 
1434 1 0.0 0.0 0.0 0.0 0.0 0.0 0.0 
1435 1 0.0 0.0 0.0 0.0 0.0 0.0 0.0 
1436 1 0.0 0.0 0.0 0.0 0.0 0.0 0.0 
1437 1 0.0 0.0 0.0 0.0 0.0 0.0 0.0 
1438 1 0.0 0.0 0.0 0.0 0.0 0.0 0.0 
1439 1 0.0 0.0 0.0 0.0 0.0 0.0 0.0 
1440 1 0.0 0.0 0.0 0.0 0.0 0.0 0.0 
1441 1 0.0 0.0 0.0 0.0 0.0 0.0 0.0 
1442 1 0.0 0.0 0.0 0.0 0.0 0.0 0.0 
1443 1 0.0 0.0 0.0 0.0 0.0 0.0 0.0 
1444 1 0.0 0.0 0.0 0.0 0.0 0.0 0.0 
1445 1 0.0 0.0 0.0 0.0 0.0 0.0 0.0 
1446 1 0.0 0.0 0.0 0.0 0.0 0.0 0.0 
1447 1 0.0 0.0 0.0 0.0 0.0 0.0 0.0 
1448 1 0.0 0.0 0.0 0.0 0.0 0.0 0.0 
1449 1 0.0 0.0 0.0 0.0 0.0 0.0 0.0 
1450 1 0.0 0.0 0.0 0.0 0.0 0.0 0.0 
1451 1 0.0 0.0 0.0 0.0 0.0 0.0 0.0 
1452 1 0.0 0.0 0.0 0.0 0.0 0.0 0.0 
1453 1 0.0 0.0 0.0 0.0 0.0 0.0 0.0 
1454 1 0.0 0.0 0.0 0.0 0.0 0.0 0.0 
1455 1 0.0 0.0 0.0 0.0 0.0 0.0 0.0 
1456 1 0.0 0.0 0.0 0.0 0.0 0.0 0.0 
1457 1 0.0 0.0 0.0 0.0 0.0 0.0 0.0 
1458 1 0.0 0.0 0.0 0.0 0.0 0.0 0.0 
1459 1 0.0 0.0 0.0 0.0 0.0 0.0 0.0 
1460 1 0.0 0.0 0.0 0.0 0.0 0.0 0.0 
1461 1 0.0 0.0 0.0 0.0 0.0 0.0 0.0 
1462 1 0.0 0.0 0.0 0.0 0.0 0.0 0.0 
1463 1 0.0 0.0 0.0 0.0 0.0 0.0 0.0 
1464 1 0.0 0.0 0.0 0.0 0.0 0.0 0.0 
1465 1 0.0 0.0 0.0 0.0 0.0 0.0 0.0 
1466 1 0.0 0.0 0.0 0.0 0.0 0.0 0.0 
1467 1 0.0 0.0 0.0 0.0 0.0 0.0 0.0 
1468 1 0.0 0.0 0.0 0.0 0.0 0.0 0.0 
1469 1 0.0 0.0 0.0 0.0 0.0 0.0 0.0 
1470 1 0.0 0.0 0.0 0.0 0.0 0.0 0.0 
1471 1 0.0 0.0 0.0 0.0 0.0 0.0 0.0 
1472 1 0.0 0.0 0.0 0.0 0.0 0.0 0.0 
1473 1 0.0 0.0 0.0 0.0 0.0 0.0 0.0 
1474 1 0.0 0.0 0.0 0.0 0.0 0.0 0.0 
1475 1 0.0 0.0 0.0 0.0 0.0 0.0 0.0 
1476 1 0.0 0.0 0.0 0.0 0.0 0.0 0.0 
1477 1 0.0 0.0 0.0 0.0 0.0 0.0 0.0 
1478 1 0.0 0.0 0.0 0.0 0.0 0.0 0.0 
1479 1 0.0 0.0 0.0 0.0 0.0 0.0 0.0 
1480 1 0.0 0.0 0.0 0.0 0.0 0.0 0.0 
1481 1 0.0 0.0 0.0 0.0 0.0 0.0 0.0 
1482 1 0.0 0.0 0.0 0.0 0.0 0.0 0.0 
1483 1 0.0 0.0 0.0 0.0 0.0 0.0 0.0 
1484 1 0.0 0.0 0.0 0.0 0.0 0.0 0.0 
1485 1 0.0 0.0 0.0 0.0 0.0 0.0 0.0 
1486 1 0.0 0.0 0.0 0.0 0.0 0.0 0.0 
1487 1 0.0 0.0 0.0 0.0 0.0 0.0 0.0 
1488 1 0.0 0.0 0.0 0.0 0.0 0.0 0.0 
1489 1 0.0 0.0 0.0 0.0 0.0 0.0 0.0 
1490 1 0.0 0.0 0.0 0.0 0.0 0.0 0.0 
1491 1 0.0 0.0 0.0 0.0 0.0 0.0 0.0 
1492 1 0.0 0.0 0.0 0.0 0.0 0.0 0.0 
1493 1 0.0 0.0 0.0 0.0 0.0 0.0 0.0 
1494 1 0.0 0.0 0.0 0.0 0.0 0.0 0.0 
1495 1 0.0 0.0 0.0 0.0 0.0 0.0 0.0 
1496 1 0.0 0.0 0.0 0.0 0.0 0.0 0.0 
1497 1 0.0 0.0 0.0 0.0 0.0 0.0 0.0 
1498 1 0.0 0.0 0.0 0.0 0.0 0.0 0.0 
1499 1 0.0 0.0 0.0 0.0 0.0 0.0 0.0 
1500 1 0.0 0.0 0.0 0.0 0.0 0.0 0.0 
1501 1 0.0 0.0 0.0 0.0 0.0 0.0 0.0 
1502 1 0.0 0.0 0.0 0.0 0.0 0.0 0.0 
1503 1 0.0 0.0 0.0 0.0 0.0 0.0 0.0 
1504 1 0.0 0.0 0.0 0.0 0.0 0.0 0.0 
1505 1 0.0 0.0 0.0 0.0 0.0 0.0 0.0 
1506 1 0.0 0.0 0.0 0.0 0.0 0.0 0.0 
1507 1 0.0 0.0 0.0 0.0 0.0 0.0 0.0 
1508 1 0.0 0.0 0.0 0.0 0.0 0.0 0.0 
1509 1 0.0 0.0 0.0 0.0 0.0 0.0 0.0 
1510 1 0.0 0.0 0.0 0.0 0.0 0.0 0.0 
1511 1 0.0 0.0 0.0 0.0 0.0 0.0 0.0 
1512 1 0.0 0.0 0.0 0.0 0.0 0.0 0.0 
1513 1 0.0 0.0 0.0 0.0 0.0 0.0 0.0 
1514 1 0.0 0.0 0.0 0.0 0.0 0.0 0.0 
1515 1 0.0 0.0 0.0 0.0 0.0 0.0 0.0 
1516 1 0.0 0.0 0.0 0.0 0.0 0.0 0.0 
1517 1 0.0 0.0 0.0 0.0 0.0 0.0 0.0 
1518 1 0.0 0.0 0.0 0.0 0.0 0.0 0.0 
1519 1 0.0 0.0 0.0 0.0 0.0 0.0 0.0 
1520 1 0.0 0.0 0.0 0.0 0.0 0.0 0.0 
1521 1 0.0 0.0 0.0 0.0 0.0 0.0 0.0 
1522 1 0.0 0.0 0.0 0.0 0.0 0.0 0.0 
1523 1 0.0 0.0 0.0 0.0 0.0 0.0 0.0 
1524 1 0.0 0.0 0.0 0.0 0.0 0.0 0.0 
1525 1 0.0 0.0 0.0 0.0 0.0 0.0 0.0 
1526 1 0.0 0.0 0.0 0.0 0.0 0.0 0.0 
1527 1 0.0 0.0 0.0 0.0 0.0 0.0 0.0 
1528 1 0.0 0.0 0.0 0.0 0.0 0.0 0.0 
1529 1 0.0 0.0 0.0 0.0 0.0 0.0 0.0 
1530 1 0.0 0.0 0.0 0.0 0.0 0.0 0.0 
1531 1 0.0 0.0 0.0 0.0 0.0 0.0 0.0 
1532 1 0.0 0.0 0.0 0.0 0.0 0.0 0.0 
1533 1 0.0 0.0 0.0 0.0 0.0 0.0 0.0 
1534 1 0.0 0.0 0.0 0.0 0.0 0.0 0.0 
1535 1 0.0 0.0 0.0 0.0 0.0 0.0 0.0 
1536 1 0.0 0.0 0.0 0.0 0.0 0.0 0.0 
1537 1 0.0 0.0 0.0 0.0 0.0 0.0 0.0 
1538 1 0.0 0.0 0.0 0.0 0.0 0.0 0.0 
1539 1 0.0 0.0 0.0 0.0 0.0 0.0 0.0 
1540 1 0.0 0.0 0.0 0.0 0.0 0.0 0.0 
1541 1 0.0 0.0 0.0 0.0 0.0 0.0 0.0 
1542 1 0.0 0.0 0.0 0.0 0.0 0.0 0.0 
1543 1 0.0 0.0 0.0 0.0 0.0 0.0 0.0 
1544 1 0.0 0.0 0.0 0.0 0.0 0.0 0.0 
1545 1 0.0 0.0 0.0 0.0 0.0 0.0 0.0 
1546 1 0.0 0.0 0.0 0.0 0.0 0.0 0.0 
1547 1 0.0 0.0 0.0 0.0 0.0 0.0 0.0 
1548 1 0.0 0.0 0.0 0.0 0.0 0.0 0.0 
1549 1 0.0 0.0 0.0 0.0 0.0 0.0 0.0 
1550 1 0.0 0.0 0.0 0.0 0.0 0.0 0.0 
1551 1 0.0 0.0 0.0 0.0 0.0 0.0 0.0 
1552 1 0.0 0.0 0.0 0.0 0.0 0.0 0.0 
1553 1 0.0 0.0 0.0 0.0 0.0 0.0 0.0 
1554 1 0.0 0.0 0.0 0.0 0.0 0.0 0.0 
1555 1 0.0 0.0 0.0 0.0 0.0 0.0 0.0 
1556 1 0.0 0.0 0.0 0.0 0.0 0.0 0.0 
1557 1 0.0 0.0 0.0 0.0 0.0 0.0 0.0 
1558 1 0.0 0.0 0.0 0.0 0.0 0.0 0.0 
1559 1 0.0 0.0 0.0 0.0 0.0 0.0 0.0 
1560 1 0.0 0.0 0.0 0.0 0.0 0.0 0.0 
1561 1 0.0 0.0 0.0 0.0 0.0 0.0 0.0 
1562 1 0.0 0.0 0.0 0.0 0.0 0.0 0.0 
1563 1 0.0 0.0 0.0 0.0 0.0 0.0 0.0 
1564 1 0.0 0.0 0.0 0.0 0.0 0.0 0.0 
1565 1 0.0 0.0 0.0 0.0 0.0 0.0 0.0 
1566 1 0.0 0.0 0.0 0.0 0.0 0.0 0.0 
1567 1 0.0 0.0 0.0 0.0 0.0 0.0 0.0 
1568 1 0.0 0.0 0.0 0.0 0.0 0.0 0.0 
1569 1 0.0 0.0 0.0 0.0 0.0 0.0 0.0 
1570 1 0.0 0.0 0.0 0.0 0.0 0.0 0.0 
1571 1 0.0 0.0 0.0 0.0 0.0 0.0 0.0 
1572 1 0.0 0.0 0.0 0.0 0.0 0.0 0.0 
1573 1 0.0 0.0 0.0 0.0 0.0 0.0 0.0 
1574 1 0.0 0.0 0.0 0.0 0.0 0.0 0.0 
1575 1 0.0 0.0 0.0 0.0 0.0 0.0 0.0 
1576 1 0.0 0.0 0.0 0.0 0.0 0.0 0.0 
1577 1 0.0 0.0 0.0 0.0 0.0 0.0 0.0 
1578 1 0.0 0.0 0.0 0.0 0.0 0.0 0.0 
1579 1 0.0 0.0 0.0 0.0 0.0 0.0 0.0 
1580 1 0.0 0.0 0.0 0.0 0.0 0.0 0.0 
1581 1 0.0 0.0 0.0 0.0 0.0 0.0 0.0 
1582 1 0.0 0.0 0.0 0.0 0.0 0.0 0.0 
1583 1 0.0 0.0 0.0 0.0 0.0 0.0 0.0 
1584 1 0.0 0.0 0.0 0.0 0.0 0.0 0.0 
1585 1 0.0 0.0 0.0 0.0 0.0 0.0 0.0 
1586 1 0.0 0.0 0.0 0.0 0.0 0.0 0.0 
1587 1 0.0 0.0 0.0 0.0 0.0 0.0 0.0 
1588 1 0.0 0.0 0.0 0.0 0.0 0.0 0.0 
1589 1 0.0 0.0 0.0 0.0 0.0 0.0 0.0 
1590 1 0.0 0.0 0.0 0.0 0.0 0.0 0.0 
1591 1 0.0 0.0 0.0 0.0 0.0 0.0 0.0 
1592 1 0.0 0.0 0.0 0.0 0.0 0.0 0.0 
1593 1 0.0 0.0 0.0 0.0 0.0 0.0 0.0 
1594 1 0.0 0.0 0.0 0.0 0.0 0.0 0.0 
1595 1 0.0 0.0 0.0 0.0 0.0 0.0 0.0 
1596 1 0.0 0.0 0.0 0.0 0.0 0.0 0.0 
1597 1 0.0 0.0 0.0 0.0 0.0 0.0 0.0 
1598 1 0.0 0.0 0.0 0.0 0.0 0.0 0.0 
1599 1 0.0 0.0 0.0 0.0 0.0 0.0 0.0 
1600 1 0.0 0.0 0.0 0.0 0.0 0.0 0.0 
1601 1 0.0 0.0 0.0 0.0 0.0 0.0 0.0 
1602 1 0.0 0.0 0.0 0.0 0.0 0.0 0.0 
1603 1 0.0 0.0 0.0 0.0 0.0 0.0 0.0 
1604 1 0.0 0.0 0.0 0.0 0.0 0.0 0.0 
1605 1 0.0 0.0 0.0 0.0 0.0 0.0 0.0 
1606 1 0.0 0.0 0.0 0.0 0.0 0.0 0.0 
1607 1 0.0 0.0 0.0 0.0 0.0 0.0 0.0 
1608 1 0.0 0.0 0.0 0.0 0.0 0.0 0.0 
1609 1 0.0 0.0 0.0 0.0 0.0 0.0 0.0 
1610 1 0.0 0.0 0.0 0.0 0.0 0.0 0.0 
1611 1 0.0 0.0 0.0 0.0 0.0 0.0 0.0 
1612 1 0.0 0.0 0.0 0.0 0.0 0.0 0.0 
1613 1 0.0 0.0 0.0 0.0 0.0 0.0 0.0 
1614 1 0.0 0.0 0.0 0.0 0.0 0.0 0.0 
1615 1 0.0 0.0 0.0 0.0 0.0 0.0 0.0 
1616 1 0.0 0.0 0.0 0.0 0.0 0.0 0.0 
1617 1 0.0 0.0 0.0 0.0 0.0 0.0 0.0 
1618 1 0.0 0.0 0.0 0.0 0.0 0.0 0.0 
1619 1 0.0 0.0 0.0 0.0 0.0 0.0 0.0 
1620 1 0.0 0.0 0.0 0.0 0.0 0.0 0.0 
1621 1 0.0 0.0 0.0 0.0 0.0 0.0 0.0 
1622 1 0.0 0.0 0.0 0.0 0.0 0.0 0.0 
1623 1 0.0 0.0 0.0 0.0 0.0 0.0 0.0 
1624 1 0.0 0.0 0.0 0.0 0.0 0.0 0.0 
1625 1 0.0 0.0 0.0 0.0 0.0 0.0 0.0 
1626 1 0.0 0.0 0.0 0.0 0.0 0.0 0.0 
1627 1 0.0 0.0 0.0 0.0 0.0 0.0 0.0 
1628 1 0.0 0.0 0.0 0.0 0.0 0.0 0.0 
1629 1 0.0 0.0 0.0 0.0 0.0 0.0 0.0 
1630 1 0.0 0.0 0.0 0.0 0.0 0.0 0.0 
1631 1 0.0 0.0 0.0 0.0 0.0 0.0 0.0 
1632 1 0.0 0.0 0.0 0.0 0.0 0.0 0.0 
1633 1 0.0 0.0 0.0 0.0 0.0 0.0 0.0 
1634 1 0.0 0.0 0.0 0.0 0.0 0.0 0.0 
1635 1 0.0 0.0 0.0 0.0 0.0 0.0 0.0 
1636 1 0.0 0.0 0.0 0.0 0.0 0.0 0.0 
1637 1 0.0 0.0 0.0 0.0 0.0 0.0 0.0 
1638 1 0.0 0.0 0.0 0.0 0.0 0.0 0.0 
1639 1 0.0 0.0 0.0 0.0 0.0 0.0 0.0 
1640 1 0.0 0.0 0.0 0.0 0.0 0.0 0.0 
1641 1 0.0 0.0 0.0 0.0 0.0 0.0 0.0 
1642 1 0.0 0.0 0.0 0.0 0.0 0.0 0.0 
1643 1 0.0 0.0 0.0 0.0 0.0 0.0 0.0 
1644 1 0.0 0.0 0.0 0.0 0.0 0.0 0.0 
1645 1 0.0 0.0 0.0 0.0 0.0 0.0 0.0 
1646 1 0.0 0.0 0.0 0.0 0.0 0.0 0.0 
1647 1 0.0 0.0 0.0 0.0 0.0 0.0 0.0 
1648 1 0.0 0.0 0.0 0.0 0.0 0.0 0.0 
1649 1 0.0 0.0 0.0 0.0 0.0 0.0 0.0 
1650 1 0.0 0.0 0.0 0.0 0.0 0.0 0.0 
1651 1 0.0 0.0 0.0 0.0 0.0 0.0 0.0 
1652 1 0.0 0.0 0.0 0.0 0.0 0.0 0.0 
1653 1 0.0 0.0 0.0 0.0 0.0 0.0 0.0 
1654 1 0.0 0.0 0.0 0.0 0.0 0.0 0.0 
1655 1 0.0 0.0 0.0 0.0 0.0 0.0 0.0 
1656 1 0.0 0.0 0.0 0.0 0.0 0.0 0.0 
1657 1 0.0 0.0 0.0 0.0 0.0 0.0 0.0 
1658 1 0.0 0.0 0.0 0.0 0.0 0.0 0.0 
1659 1 0.0 0.0 0.0 0.0 0.0 0.0 0.0 
1660 1 0.0 0.0 0.0 0.0 0.0 0.0 0.0 
1661 1 0.0 0.0 0.0 0.0 0.0 0.0 0.0 
1662 1 0.0 0.0 0.0 0.0 0.0 0.0 0.0 
1663 1 0.0 0.0 0.0 0.0 0.0 0.0 0.0 
1664 1 0.0 0.0 0.0 0.0 0.0 0.0 0.0 
1665 1 0.0 0.0 0.0 0.0 0.0 0.0 0.0 
1666 1 0.0 0.0 0.0 0.0 0.0 0.0 0.0 
1667 1 0.0 0.0 0.0 0.0 0.0 0.0 0.0 
1668 1 0.0 0.0 0.0 0.0 0.0 0.0 0.0 
1669 1 0.0 0.0 0.0 0.0 0.0 0.0 0.0 
1670 1 0.0 0.0 0.0 0.0 0.0 0.0 0.0 
1671 1 0.0 0.0 0.0 0.0 0.0 0.0 0.0 
1672 1 0.0 0.0 0.0 0.0 0.0 0.0 0.0 
1673 1 0.0 0.0 0.0 0.0 0.0 0.0 0.0 
1674 1 0.0 0.0 0.0 0.0 0.0 0.0 0.0 
1675 1 0.0 0.0 0.0 0.0 0.0 0.0 0.0 
1676 1 0.0 0.0 0.0 0.0 0.0 0.0 0.0 
1677 1 0.0 0.0 0.0 0.0 0.0 0.0 0.0 
1678 1 0.0 0.0 0.0 0.0 0.0 0.0 0.0 
1679 1 0.0 0.0 0.0 0.0 0.0 0.0 0.0 
1680 1 0.0 0.0 0.0 0.0 0.0 0.0 0.0 
1681 1 0.0 0.0 0.0 0.0 0.0 0.0 0.0 
1682 1 0.0 0.0 0.0 0.0 0.0 0.0 0.0 
1683 1 0.0 0.0 0.0 0.0 0.0 0.0 0.0 
1684 1 0.0 0.0 0.0 0.0 0.0 0.0 0.0 
1685 1 0.0 0.0 0.0 0.0 0.0 0.0 0.0 
1686 1 0.0 0.0 0.0 0.0 0.0 0.0 0.0 
1687 1 0.0 0.0 0.0 0.0 0.0 0.0 0.0 
1688 1 0.0 0.0 0.0 0.0 0.0 0.0 0.0 
1689 1 0.0 0.0 0.0 0.0 0.0 0.0 0.0 
1690 1 0.0 0.0 0.0 0.0 0.0 0.0 0.0 
1691 1 0.0 0.0 0.0 0.0 0.0 0.0 0.0 
1692 1 0.0 0.0 0.0 0.0 0.0 0.0 0.0 
1693 1 0.0 0.0 0.0 0.0 0.0 0.0 0.0 
1694 1 0.0 0.0 0.0 0.0 0.0 0.0 0.0 
1695 1 0.0 0.0 0.0 0.0 0.0 0.0 0.0 
1696 1 0.0 0.0 0.0 0.0 0.0 0.0 0.0 
1697 1 0.0 0.0 0.0 0.0 0.0 0.0 0.0 
1698 1 0.0 0.0 0.0 0.0 0.0 0.0 0.0 
1699 1 0.0 0.0 0.0 0.0 0.0 0.0 0.0 
1700 1 0.0 0.0 0.0 0.0 0.0 0.0 0.0 
1701 1 0.0 0.0 0.0 0.0 0.0 0.0 0.0 
1702 1 0.0 0.0 0.0 0.0 0.0 0.0 0.0 
1703 1 0.0 0.0 0.0 0.0 0.0 0.0 0.0 
1704 1 0.0 0.0 0.0 0.0 0.0 0.0 0.0 
1705 1 0.0 0.0 0.0 0.0 0.0 0.0 0.0 
1706 1 0.0 0.0 0.0 0.0 0.0 0.0 0.0 
1707 1 0.0 0.0 0.0 0.0 0.0 0.0 0.0 
1708 1 0.0 0.0 0.0 0.0 0.0 0.0 0.0 
1709 1 0.0 0.0 0.0 0.0 0.0 0.0 0.0 
1710 1 0.0 0.0 0.0 0.0 0.0 0.0 0.0 
1711 1 0.0 0.0 0.0 0.0 0.0 0.0 0.0 
1712 1 0.0 0.0 0.0 0.0 0.0 0.0 0.0 
1713 1 0.0 0.0 0.0 0.0 0.0 0.0 0.0 
1714 1 0.0 0.0 0.0 0.0 0.0 0.0 0.0 
1715 1 0.0 0.0 0.0 0.0 0.0 0.0 0.0 
1716 1 0.0 0.0 0.0 0.0 0.0 0.0 0.0 
1717 1 0.0 0.0 0.0 0.0 0.0 0.0 0.0 
1718 1 0.0 0.0 0.0 0.0 0.0 0.0 0.0 
1719 1 0.0 0.0 0.0 0.0 0.0 0.0 0.0 
1720 1 0.0 0.0 0.0 0.0 0.0 0.0 0.0 
1721 1 0.0 0.0 0.0 0.0 0.0 0.0 0.0 
1722 1 0.0 0.0 0.0 0.0 0.0 0.0 0.0 
1723 1 0.0 0.0 0.0 0.0 0.0 0.0 0.0 
1724 1 0.0 0.0 0.0 0.0 0.0 0.0 0.0 
1725 1 0.0 0.0 0.0 0.0 0.0 0.0 0.0 
1726 1 0.0 0.0 0.0 0.0 0.0 0.0 0.0 
1727 1 0.0 0.0 0.0 0.0 0.0 0.0 0.0 
1728 1 0.0 0.0 0.0 0.0 0.0 0.0 0.0 
1729 1 0.0 0.0 0.0 0.0 0.0 0.0 0.0 
1730 1 0.0 0.0 0.0 0.0 0.0 0.0 0.0 
1731 1 0.0 0.0 0.0 0.0 0.0 0.0 0.0 
1732 1 0.0 0.0 0.0 0.0 0.0 0.0 0.0 
1733 1 0.0 0.0 0.0 0.0 0.0 0.0 0.0 
1734 1 0.0 0.0 0.0 0.0 0.0 0.0 0.0 
1735 1 0.0 0.0 0.0 0.0 0.0 0.0 0.0 
1736 1 0.0 0.0 0.0 0.0 0.0 0.0 0.0 
1737 1 0.0 0.0 0.0 0.0 0.0 0.0 0.0 
1738 1 0.0 0.0 0.0 0.0 0.0 0.0 0.0 
1739 1 0.0 0.0 0.0 0.0 0.0 0.0 0.0 
1740 1 0.0 0.0 0.0 0.0 0.0 0.0 0.0 
1741 1 0.0 0.0 0.0 0.0 0.0 0.0 0.0 
1742 1 0.0 0.0 0.0 0.0 0.0 0.0 0.0 
1743 1 0.0 0.0 0.0 0.0 0.0 0.0 0.0 
1744 1 0.0 0.0 0.0 0.0 0.0 0.0 0.0 
1745 1 0.0 0.0 0.0 0.0 0.0 0.0 0.0 
1746 1 0.0 0.0 0.0 0.0 0.0 0.0 0.0 
1747 1 0.0 0.0 0.0 0.0 0.0 0.0 0.0 
1748 1 0.0 0.0 0.0 0.0 0.0 0.0 0.0 
1749 1 0.0 0.0 0.0 0.0 0.0 0.0 0.0 
1750 1 0.0 0.0 0.0 0.0 0.0 0.0 0.0 
1751 1 0.0 0.0 0.0 0.0 0.0 0.0 0.0 
1752 1 0.0 0.0 0.0 0.0 0.0 0.0 0.0 
1753 1 0.0 0.0 0.0 0.0 0.0 0.0 0.0 
1754 1 0.0 0.0 0.0 0.0 0.0 0.0 0.0 
1755 1 0.0 0.0 0.0 0.0 0.0 0.0 0.0 
1756 1 0.0 0.0 0.0 0.0 0.0 0.0 0.0 
1757 1 0.0 0.0 0.0 0.0 0.0 0.0 0.0 
1758 1 0.0 0.0 0.0 0.0 0.0 0.0 0.0 
1759 1 0.0 0.0 0.0 0.0 0.0 0.0 0.0 
1760 1 0.0 0.0 0.0 0.0 0.0 0.0 0.0 
1761 1 0.0 0.0 0.0 0.0 0.0 0.0 0.0 
1762 1 0.0 0.0 0.0 0.0 0.0 0.0 0.0 
1763 1 0.0 0.0 0.0 0.0 0.0 0.0 0.0 
1764 1 0.0 0.0 0.0 0.0 0.0 0.0 0.0 
1765 1 0.0 0.0 0.0 0.0 0.0 0.0 0.0 
1766 1 0.0 0.0 0.0 0.0 0.0 0.0 0.0 
1767 1 0.0 0.0 0.0 0.0 0.0 0.0 0.0 
1768 1 0.0 0.0 0.0 0.0 0.0 0.0 0.0 
1769 1 0.0 0.0 0.0 0.0 0.0 0.0 0.0 
1770 1 0.0 0.0 0.0 0.0 0.0 0.0 0.0 
1771 1 0.0 0.0 0.0 0.0 0.0 0.0 0.0 
1772 1 0.0 0.0 0.0 0.0 0.0 0.0 0.0 
1773 1 0.0 0.0 0.0 0.0 0.0 0.0 0.0 
1774 1 0.0 0.0 0.0 0.0 0.0 0.0 0.0 
1775 1 0.0 0.0 0.0 0.0 0.0 0.0 0.0 
1776 1 0.0 0.0 0.0 0.0 0.0 0.0 0.0 
1777 1 0.0 0.0 0.0 0.0 0.0 0.0 0.0 
1778 1 0.0 0.0 0.0 0.0 0.0 0.0 0.0 
1779 1 0.0 0.0 0.0 0.0 0.0 0.0 0.0 
1780 1 0.0 0.0 0.0 0.0 0.0 0.0 0.0 
1781 1 0.0 0.0 0.0 0.0 0.0 0.0 0.0 
1782 1 0.0 0.0 0.0 0.0 0.0 0.0 0.0 
1783 1 0.0 0.0 0.0 0.0 0.0 0.0 0.0 
1784 1 0.0 0.0 0.0 0.0 0.0 0.0 0.0 
1785 1 0.0 0.0 0.0 0.0 0.0 0.0 0.0 
1786 1 0.0 0.0 0.0 0.0 0.0 0.0 0.0 
1787 1 0.0 0.0 0.0 0.0 0.0 0.0 0.0 
1788 1 0.0 0.0 0.0 0.0 0.0 0.0 0.0 
1789 1 0.0 0.0 0.0 0.0 0.0 0.0 0.0 
1790 1 0.0 0.0 0.0 0.0 0.0 0.0 0.0 
1791 1 0.0 0.0 0.0 0.0 0.0 0.0 0.0 
1792 1 0.0 0.0 0.0 0.0 0.0 0.0 0.0 
1793 1 0.0 0.0 0.0 0.0 0.0 0.0 0.0 
1794 1 0.0 0.0 0.0 0.0 0.0 0.0 0.0 
1795 1 0.0 0.0 0.0 0.0 0.0 0.0 0.0 
1796 1 0.0 0.0 0.0 0.0 0.0 0.0 0.0 
1797 1 0.0 0.0 0.0 0.0 0.0 0.0 0.0 
1798 1 0.0 0.0 0.0 0.0 0.0 0.0 0.0 
1799 1 0.0 0.0 0.0 0.0 0.0 0.0 0.0 
1800 1 0.0 0.0 0.0 0.0 0.0 0.0 0.0 
1801 1 0.0 0.0 0.0 0.0 0.0 0.0 0.0 
1802 1 0.0 0.0 0.0 0.0 0.0 0.0 0.0 
1803 1 0.0 0.0 0.0 0.0 0.0 0.0 0.0 
1804 1 0.0 0.0 0.0 0.0 0.0 0.0 0.0 
1805 1 0.0 0.0 0.0 0.0 0.0 0.0 0.0 
1806 1 0.0 0.0 0.0 0.0 0.0 0.0 0.0 
1807 1 0.0 0.0 0.0 0.0 0.0 0.0 0.0 
1808 1 0.0 0.0 0.0 0.0 0.0 0.0 0.0 
1809 1 0.0 0.0 0.0 0.0 0.0 0.0 0.0 
1810 1 0.0 0.0 0.0 0.0 0.0 0.0 0.0 
1811 1 0.0 0.0 0.0 0.0 0.0 0.0 0.0 
1812 1 0.0 0.0 0.0 0.0 0.0 0.0 0.0 
1813 1 0.0 0.0 0.0 0.0 0.0 0.0 0.0 
1814 1 0.0 0.0 0.0 0.0 0.0 0.0 0.0 
1815 1 0.0 0.0 0.0 0.0 0.0 0.0 0.0 
1816 1 0.0 0.0 0.0 0.0 0.0 0.0 0.0 
1817 1 0.0 0.0 0.0 0.0 0.0 0.0 0.0 
1818 1 0.0 0.0 0.0 0.0 0.0 0.0 0.0 
1819 1 0.0 0.0 0.0 0.0 0.0 0.0 0.0 
1820 1 0.0 0.0 0.0 0.0 0.0 0.0 0.0 
1821 1 0.0 0.0 0.0 0.0 0.0 0.0 0.0 
1822 1 0.0 0.0 0.0 0.0 0.0 0.0 0.0 
1823 1 0.0 0.0 0.0 0.0 0.0 0.0 0.0 
1824 1 0.0 0.0 0.0 0.0 0.0 0.0 0.0 
1825 1 0.0 0.0 0.0 0.0 0.0 0.0 0.0 
1826 1 0.0 0.0 0.0 0.0 0.0 0.0 0.0 
1827 1 0.0 0.0 0.0 0.0 0.0 0.0 0.0 
1828 1 0.0 0.0 0.0 0.0 0.0 0.0 0.0 
1829 1 0.0 0.0 0.0 0.0 0.0 0.0 0.0 
1830 1 0.0 0.0 0.0 0.0 0.0 0.0 0.0 
1831 1 0.0 0.0 0.0 0.0 0.0 0.0 0.0 
1832 1 0.0 0.0 0.0 0.0 0.0 0.0 0.0 
1833 1 0.0 0.0 0.0 0.0 0.0 0.0 0.0 
1834 1 0.0 0.0 0.0 0.0 0.0 0.0 0.0 
1835 1 0.0 0.0 0.0 0.0 0.0 0.0 0.0 
1836 1 0.0 0.0 0.0 0.0 0.0 0.0 0.0 
1837 1 0.0 0.0 0.0 0.0 0.0 0.0 0.0 
1838 1 0.0 0.0 0.0 0.0 0.0 0.0 0.0 
1839 1 0.0 0.0 0.0 0.0 0.0 0.0 0.0 
1840 1 0.0 0.0 0.0 0.0 0.0 0.0 0.0 
1841 1 0.0 0.0 0.0 0.0 0.0 0.0 0.0 
1842 1 0.0 0.0 0.0 0.0 0.0 0.0 0.0 
1843 1 0.0 0.0 0.0 0.0 0.0 0.0 0.0 
1844 1 0.0 0.0 0.0 0.0 0.0 0.0 0.0 
1845 1 0.0 0.0 0.0 0.0 0.0 0.0 0.0 
1846 1 0.0 0.0 0.0 0.0 0.0 0.0 0.0 
1847 1 0.0 0.0 0.0 0.0 0.0 0.0 0.0 
1848 1 0.0 0.0 0.0 0.0 0.0 0.0 0.0 
1849 1 0.0 0.0 0.0 0.0 0.0 0.0 0.0 
1850 1 0.0 0.0 0.0 0.0 0.0 0.0 0.0 
1851 1 0.0 0.0 0.0 0.0 0.0 0.0 0.0 
1852 1 0.0 0.0 0.0 0.0 0.0 0.0 0.0 
1853 1 0.0 0.0 0.0 0.0 0.0 0.0 0.0 
1854 1 0.0 0.0 0.0 0.0 0.0 0.0 0.0 
1855 1 0.0 0.0 0.0 0.0 0.0 0.0 0.0 
1856 1 0.0 0.0 0.0 0.0 0.0 0.0 0.0 
1857 1 0.0 0.0 0.0 0.0 0.0 0.0 0.0 
1858 1 0.0 0.0 0.0 0.0 0.0 0.0 0.0 
1859 1 0.0 0.0 0.0 0.0 0.0 0.0 0.0 
1860 1 0.0 0.0 0.0 0.0 0.0 0.0 0.0 
1861 1 0.0 0.0 0.0 0.0 0.0 0.0 0.0 
1862 1 0.0 0.0 0.0 0.0 0.0 0.0 0.0 
1863 1 0.0 0.0 0.0 0.0 0.0 0.0 0.0 
1864 1 0.0 0.0 0.0 0.0 0.0 0.0 0.0 
1865 1 0.0 0.0 0.0 0.0 0.0 0.0 0.0 
1866 1 0.0 0.0 0.0 0.0 0.0 0.0 0.0 
1867 1 0.0 0.0 0.0 0.0 0.0 0.0 0.0 
1868 1 0.0 0.0 0.0 0.0 0.0 0.0 0.0 
1869 1 0.0 0.0 0.0 0.0 0.0 0.0 0.0 
1870 1 0.0 0.0 0.0 0.0 0.0 0.0 0.0 
1871 1 0.0 0.0 0.0 0.0 0.0 0.0 0.0 
1872 1 0.0 0.0 0.0 0.0 0.0 0.0 0.0 
1873 1 0.0 0.0 0.0 0.0 0.0 0.0 0.0 
1874 1 0.0 0.0 0.0 0.0 0.0 0.0 0.0 
1875 1 0.0 0.0 0.0 0.0 0.0 0.0 0.0 
1876 1 0.0 0.0 0.0 0.0 0.0 0.0 0.0 
1877 1 0.0 0.0 0.0 0.0 0.0 0.0 0.0 
1878 1 0.0 0.0 0.0 0.0 0.0 0.0 0.0 
1879 1 0.0 0.0 0.0 0.0 0.0 0.0 0.0 
1880 1 0.0 0.0 0.0 0.0 0.0 0.0 0.0 
1881 1 0.0 0.0 0.0 0.0 0.0 0.0 0.0 
1882 1 0.0 0.0 0.0 0.0 0.0 0.0 0.0 
1883 1 0.0 0.0 0.0 0.0 0.0 0.0 0.0 
1884 1 0.0 0.0 0.0 0.0 0.0 0.0 0.0 
1885 1 0.0 0.0 0.0 0.0 0.0 0.0 0.0 
1886 1 0.0 0.0 0.0 0.0 0.0 0.0 0.0 
1887 1 0.0 0.0 0.0 0.0 0.0 0.0 0.0 
1888 1 0.0 0.0 0.0 0.0 0.0 0.0 0.0 
1889 1 0.0 0.0 0.0 0.0 0.0 0.0 0.0 
1890 1 0.0 0.0 0.0 0.0 0.0 0.0 0.0 
1891 1 0.0 0.0 0.0 0.0 0.0 0.0 0.0 
1892 1 0.0 0.0 0.0 0.0 0.0 0.0 0.0 
1893 1 0.0 0.0 0.0 0.0 0.0 0.0 0.0 
1894 1 0.0 0.0 0.0 0.0 0.0 0.0 0.0 
1895 1 0.0 0.0 0.0 0.0 0.0 0.0 0.0 
1896 1 0.0 0.0 0.0 0.0 0.0 0.0 0.0 
1897 1 0.0 0.0 0.0 0.0 0.0 0.0 0.0 
1898 1 0.0 0.0 0.0 0.0 0.0 0.0 0.0 
1899 1 0.0 0.0 0.0 0.0 0.0 0.0 0.0 
1900 1 0.0 0.0 0.0 0.0 0.0 0.0 0.0 
1901 1 0.0 0.0 0.0 0.0 0.0 0.0 0.0 
1902 1 0.0 0.0 0.0 0.0 0.0 0.0 0.0 
1903 1 0.0 0.0 0.0 0.0 0.0 0.0 0.0 
1904 1 0.0 0.0 0.0 0.0 0.0 0.0 0.0 
1905 1 0.0 0.0 0.0 0.0 0.0 0.0 0.0 
1906 1 0.0 0.0 0.0 0.0 0.0 0.0 0.0 
1907 1 0.0 0.0 0.0 0.0 0.0 0.0 0.0 
1908 1 0.0 0.0 0.0 0.0 0.0 0.0 0.0 
1909 1 0.0 0.0 0.0 0.0 0.0 0.0 0.0 
1910 1 0.0 0.0 0.0 0.0 0.0 0.0 0.0 
1911 1 0.0 0.0 0.0 0.0 0.0 0.0 0.0 
1912 1 0.0 0.0 0.0 0.0 0.0 0.0 0.0 
1913 1 0.0 0.0 0.0 0.0 0.0 0.0 0.0 
1914 1 0.0 0.0 0.0 0.0 0.0 0.0 0.0 
1915 1 0.0 0.0 0.0 0.0 0.0 0.0 0.0 
1916 1 0.0 0.0 0.0 0.0 0.0 0.0 0.0 
1917 1 0.0 0.0 0.0 0.0 0.0 0.0 0.0 
1918 1 0.0 0.0 0.0 0.0 0.0 0.0 0.0 
1919 1 0.0 0.0 0.0 0.0 0.0 0.0 0.0 
1920 1 0.0 0.0 0.0 0.0 0.0 0.0 0.0 
1921 1 0.0 0.0 0.0 0.0 0.0 0.0 0.0 
1922 1 0.0 0.0 0.0 0.0 0.0 0.0 0.0 
1923 1 0.0 0.0 0.0 0.0 0.0 0.0 0.0 
1924 1 0.0 0.0 0.0 0.0 0.0 0.0 0.0 
1925 1 0.0 0.0 0.0 0.0 0.0 0.0 0.0 
1926 1 0.0 0.0 0.0 0.0 0.0 0.0 0.0 
1927 1 0.0 0.0 0.0 0.0 0.0 0.0 0.0 
1928 1 0.0 0.0 0.0 0.0 0.0 0.0 0.0 
1929 1 0.0 0.0 0.0 0.0 0.0 0.0 0.0 
1930 1 0.0 0.0 0.0 0.0 0.0 0.0 0.0 
1931 1 0.0 0.0 0.0 0.0 0.0 0.0 0.0 
1932 1 0.0 0.0 0.0 0.0 0.0 0.0 0.0 
1933 1 0.0 0.0 0.0 0.0 0.0 0.0 0.0 
1934 1 0.0 0.0 0.0 0.0 0.0 0.0 0.0 
1935 1 0.0 0.0 0.0 0.0 0.0 0.0 0.0 
1936 1 0.0 0.0 0.0 0.0 0.0 0.0 0.0 
1937 1 0.0 0.0 0.0 0.0 0.0 0.0 0.0 
1938 1 0.0 0.0 0.0 0.0 0.0 0.0 0.0 
1939 1 0.0 0.0 0.0 0.0 0.0 0.0 0.0 
1940 1 0.0 0.0 0.0 0.0 0.0 0.0 0.0 
1941 1 0.0 0.0 0.0 0.0 0.0 0.0 0.0 
1942 1 0.0 0.0 0.0 0.0 0.0 0.0 0.0 
1943 1 0.0 0.0 0.0 0.0 0.0 0.0 0.0 
1944 1 0.0 0.0 0.0 0.0 0.0 0.0 0.0 
1945 1 0.0 0.0 0.0 0.0 0.0 0.0 0.0 
1946 1 0.0 0.0 0.0 0.0 0.0 0.0 0.0 
1947 1 0.0 0.0 0.0 0.0 0.0 0.0 0.0 
1948 1 0.0 0.0 0.0 0.0 0.0 0.0 0.0 
1949 1 0.0 0.0 0.0 0.0 0.0 0.0 0.0 
1950 1 0.0 0.0 0.0 0.0 0.0 0.0 0.0 
1951 1 0.0 0.0 0.0 0.0 0.0 0.0 0.0 
1952 1 0.0 0.0 0.0 0.0 0.0 0.0 0.0 
1953 1 0.0 0.0 0.0 0.0 0.0 0.0 0.0 
1954 1 0.0 0.0 0.0 0.0 0.0 0.0 0.0 
1955 1 0.0 0.0 0.0 0.0 0.0 0.0 0.0 
1956 1 0.0 0.0 0.0 0.0 0.0 0.0 0.0 
1957 1 0.0 0.0 0.0 0.0 0.0 0.0 0.0 
1958 1 0.0 0.0 0.0 0.0 0.0 0.0 0.0 
1959 1 0.0 0.0 0.0 0.0 0.0 0.0 0.0 
1960 1 0.0 0.0 0.0 0.0 0.0 0.0 0.0 
1961 1 0.0 0.0 0.0 0.0 0.0 0.0 0.0 
1962 1 0.0 0.0 0.0 0.0 0.0 0.0 0.0 
1963 1 0.0 0.0 0.0 0.0 0.0 0.0 0.0 
1964 1 0.0 0.0 0.0 0.0 0.0 0.0 0.0 
1965 1 0.0 0.0 0.0 0.0 0.0 0.0 0.0 
1966 1 0.0 0.0 0.0 0.0 0.0 0.0 0.0 
1967 1 0.0 0.0 0.0 0.0 0.0 0.0 0.0 
1968 1 0.0 0.0 0.0 0.0 0.0 0.0 0.0 
1969 1 0.0 0.0 0.0 0.0 0.0 0.0 0.0 
1970 1 0.0 0.0 0.0 0.0 0.0 0.0 0.0 
1971 1 0.0 0.0 0.0 0.0 0.0 0.0 0.0 
1972 1 0.0 0.0 0.0 0.0 0.0 0.0 0.0 
1973 1 0.0 0.0 0.0 0.0 0.0 0.0 0.0 
1974 1 0.0 0.0 0.0 0.0 0.0 0.0 0.0 
1975 1 0.0 0.0 0.0 0.0 0.0 0.0 0.0 
1976 1 0.0 0.0 0.0 0.0 0.0 0.0 0.0 
1977 1 0.0 0.0 0.0 0.0 0.0 0.0 0.0 
1978 1 0.0 0.0 0.0 0.0 0.0 0.0 0.0 
1979 1 0.0 0.0 0.0 0.0 0.0 0.0 0.0 
1980 1 0.0 0.0 0.0 0.0 0.0 0.0 0.0 
1981 1 0.0 0.0 0.0 0.0 0.0 0.0 0.0 
1982 1 0.0 0.0 0.0 0.0 0.0 0.0 0.0 
1983 1 0.0 0.0 0.0 0.0 0.0 0.0 0.0 
1984 1 0.0 0.0 0.0 0.0 0.0 0.0 0.0 
1985 1 0.0 0.0 0.0 0.0 0.0 0.0 0.0 
1986 1 0.0 0.0 0.0 0.0 0.0 0.0 0.0 
1987 1 0.0 0.0 0.0 0.0 0.0 0.0 0.0 
1988 1 0.0 0.0 0.0 0.0 0.0 0.0 0.0 
1989 1 0.0 0.0 0.0 0.0 0.0 0.0 0.0 
1990 1 0.0 0.0 0.0 0.0 0.0 0.0 0.0 
1991 1 0.0 0.0 0.0 0.0 0.0 0.0 0.0 
1992 1 0.0 0.0 0.0 0.0 0.0 0.0 0.0 
1993 1 0.0 0.0 0.0 0.0 0.0 0.0 0.0 
1994 1 0.0 0.0 0.0 0.0 0.0 0.0 0.0 
1995 1 0.0 0.0 0.0 0.0 0.0 0.0 0.0 
1996 1 0.0 0.0 0.0 0.0 0.0 0.0 0.0 
1997 1 0.0 0.0 0.0 0.0 0.0 0.0 0.0 
1998 1 0.0 0.0 0.0 0.0 0.0 0.0 0.0 
1999 1 0.0 0.0 0.0 0.0 0.0 0.0 0.0 
2000 1 0.0 0.0 0.0 0.0 0.0 0.0 0.0 
2001 1 0.0 0.0 0.0 0.0 0.0 0.0 0.0 
2002 1 0.0 0.0 0.0 0.0 0.0 0.0 0.0 
2003 1 0.0 0.0 0.0 0.0 0.0 0.0 0.0 
2004 1 0.0 0.0 0.0 0.0 0.0 0.0 0.0 
2005 1 0.0 0.0 0.0 0.0 0.0 0.0 0.0 
2006 1 0.0 0.0 0.0 0.0 0.0 0.0 0.0 
2007 1 0.0 0.0 0.0 0.0 0.0 0.0 0.0 
2008 1 0.0 0.0 0.0 0.0 0.0 0.0 0.0 
2009 1 0.0 0.0 0.0 0.0 0.0 0.0 0.0 
2010 1 0.0 0.0 0.0 0.0 0.0 0.0 0.0 
2011 1 0.0 0.0 0.0 0.0 0.0 0.0 0.0 
2012 1 0.0 0.0 0.0 0.0 0.0 0.0 0.0 
2013 1 0.0 0.0 0.0 0.0 0.0 0.0 0.0 
2014 1 0.0 0.0 0.0 0.0 0.0 0.0 0.0 
2015 1 0.0 0.0 0.0 0.0 0.0 0.0 0.0 
2016 1 0.0 0.0 0.0 0.0 0.0 0.0 0.0 
2017 1 0.0 0.0 0.0 0.0 0.0 0.0 0.0 
2018 1 0.0 0.0 0.0 0.0 0.0 0.0 0.0 
2019 1 0.0 0.0 0.0 0.0 0.0 0.0 0.0 
2020 1 0.0 0.0 0.0 0.0 0.0 0.0 0.0 
2021 1 0.0 0.0 0.0 0.0 0.0 0.0 0.0 
2022 1 0.0 0.0 0.0 0.0 0.0 0.0 0.0 
2023 1 0.0 0.0 0.0 0.0 0.0 0.0 0.0 
2024 1 0.0 0.0 0.0 0.0 0.0 0.0 0.0 
2025 1 0.0 0.0 0.0 0.0 0.0 0.0 0.0 
2026 1 0.0 0.0 0.0 0.0 0.0 0.0 0.0 
2027 1 0.0 0.0 0.0 0.0 0.0 0.0 0.0 
2028 1 0.0 0.0 0.0 0.0 0.0 0.0 0.0 
2029 1 0.0 0.0 0.0 0.0 0.0 0.0 0.0 
2030 1 0.0 0.0 0.0 0.0 0.0 0.0 0.0 
2031 1 0.0 0.0 0.0 0.0 0.0 0.0 0.0 
2032 1 0.0 0.0 0.0 0.0 0.0 0.0 0.0 
2033 1 0.0 0.0 0.0 0.0 0.0 0.0 0.0 
2034 1 0.0 0.0 0.0 0.0 0.0 0.0 0.0 
2035 1 0.0 0.0 0.0 0.0 0.0 0.0 0.0 
2036 1 0.0 0.0 0.0 0.0 0.0 0.0 0.0 
2037 1 0.0 0.0 0.0 0.0 0.0 0.0 0.0 
2038 1 0.0 0.0 0.0 0.0 0.0 0.0 0.0 
2039 1 0.0 0.0 0.0 0.0 0.0 0.0 0.0 
2040 1 0.0 0.0 0.0 0.0 0.0 0.0 0.0 
2041 1 0.0 0.0 0.0 0.0 0.0 0.0 0.0 
2042 1 0.0 0.0 0.0 0.0 0.0 0.0 0.0 
2043 1 0.0 0.0 0.0 0.0 0.0 0.0 0.0 
2044 1 0.0 0.0 0.0 0.0 0.0 0.0 0.0 
2045 1 0.0 0.0 0.0 0.0 0.0 0.0 0.0 
2046 1 0.0 0.0 0.0 0.0 0.0 0.0 0.0 
2047 1 0.0 0.0 0.0 0.0 0.0 0.0 0.0 
2048 1 0.0 0.0 0.0 0.0 0.0 0.0 0.0 
2049 1 0.0 0.0 0.0 0.0 0.0 0.0 0.0 
2050 1 0.0 0.0 0.0 0.0 0.0 0.0 0.0 
2051 1 0.0 0.0 0.0 0.0 0.0 0.0 0.0 
2052 1 0.0 0.0 0.0 0.0 0.0 0.0 0.0 
2053 1 0.0 0.0 0.0 0.0 0.0 0.0 0.0 
2054 1 0.0 0.0 0.0 0.0 0.0 0.0 0.0 
2055 1 0.0 0.0 0.0 0.0 0.0 0.0 0.0 
2056 1 0.0 0.0 0.0 0.0 0.0 0.0 0.0 
2057 1 0.0 0.0 0.0 0.0 0.0 0.0 0.0 
2058 1 0.0 0.0 0.0 0.0 0.0 0.0 0.0 
2059 1 0.0 0.0 0.0 0.0 0.0 0.0 0.0 
2060 1 0.0 0.0 0.0 0.0 0.0 0.0 0.0 
2061 1 0.0 0.0 0.0 0.0 0.0 0.0 0.0 
2062 1 0.0 0.0 0.0 0.0 0.0 0.0 0.0 
2063 1 0.0 0.0 0.0 0.0 0.0 0.0 0.0 
2064 1 0.0 0.0 0.0 0.0 0.0 0.0 0.0 
2065 1 0.0 0.0 0.0 0.0 0.0 0.0 0.0 
2066 1 0.0 0.0 0.0 0.0 0.0 0.0 0.0 
2067 1 0.0 0.0 0.0 0.0 0.0 0.0 0.0 
2068 1 0.0 0.0 0.0 0.0 0.0 0.0 0.0 
2069 1 0.0 0.0 0.0 0.0 0.0 0.0 0.0 
2070 1 0.0 0.0 0.0 0.0 0.0 0.0 0.0 
2071 1 0.0 0.0 0.0 0.0 0.0 0.0 0.0 
2072 1 0.0 0.0 0.0 0.0 0.0 0.0 0.0 
2073 1 0.0 0.0 0.0 0.0 0.0 0.0 0.0 
2074 1 0.0 0.0 0.0 0.0 0.0 0.0 0.0 
2075 1 0.0 0.0 0.0 0.0 0.0 0.0 0.0 
2076 1 0.0 0.0 0.0 0.0 0.0 0.0 0.0 
2077 1 0.0 0.0 0.0 0.0 0.0 0.0 0.0 
2078 1 0.0 0.0 0.0 0.0 0.0 0.0 0.0 
2079 1 0.0 0.0 0.0 0.0 0.0 0.0 0.0 
2080 1 0.0 0.0 0.0 0.0 0.0 0.0 0.0 
2081 1 0.0 0.0 0.0 0.0 0.0 0.0 0.0 
2082 1 0.0 0.0 0.0 0.0 0.0 0.0 0.0 
2083 1 0.0 0.0 0.0 0.0 0.0 0.0 0.0 
2084 1 0.0 0.0 0.0 0.0 0.0 0.0 0.0 
2085 1 0.0 0.0 0.0 0.0 0.0 0.0 0.0 
2086 1 0.0 0.0 0.0 0.0 0.0 0.0 0.0 
2087 1 0.0 0.0 0.0 0.0 0.0 0.0 0.0 
2088 1 0.0 0.0 0.0 0.0 0.0 0.0 0.0 
2089 1 0.0 0.0 0.0 0.0 0.0 0.0 0.0 
2090 1 0.0 0.0 0.0 0.0 0.0 0.0 0.0 
2091 1 0.0 0.0 0.0 0.0 0.0 0.0 0.0 
2092 1 0.0 0.0 0.0 0.0 0.0 0.0 0.0 
2093 1 0.0 0.0 0.0 0.0 0.0 0.0 0.0 
2094 1 0.0 0.0 0.0 0.0 0.0 0.0 0.0 
2095 1 0.0 0.0 0.0 0.0 0.0 0.0 0.0 
2096 1 0.0 0.0 0.0 0.0 0.0 0.0 0.0 
2097 1 0.0 0.0 0.0 0.0 0.0 0.0 0.0 
2098 1 0.0 0.0 0.0 0.0 0.0 0.0 0.0 
2099 1 0.0 0.0 0.0 0.0 0.0 0.0 0.0 
2100 1 0.0 0.0 0.0 0.0 0.0 0.0 0.0 
2101 1 0.0 0.0 0.0 0.0 0.0 0.0 0.0 
2102 1 0.0 0.0 0.0 0.0 0.0 0.0 0.0 
2103 1 0.0 0.0 0.0 0.0 0.0 0.0 0.0 
2104 1 0.0 0.0 0.0 0.0 0.0 0.0 0.0 
2105 1 0.0 0.0 0.0 0.0 0.0 0.0 0.0 
2106 1 0.0 0.0 0.0 0.0 0.0 0.0 0.0 
2107 1 0.0 0.0 0.0 0.0 0.0 0.0 0.0 
2108 1 0.0 0.0 0.0 0.0 0.0 0.0 0.0 
2109 1 0.0 0.0 0.0 0.0 0.0 0.0 0.0 
2110 1 0.0 0.0 0.0 0.0 0.0 0.0 0.0 
2111 1 0.0 0.0 0.0 0.0 0.0 0.0 0.0 
2112 1 0.0 0.0 0.0 0.0 0.0 0.0 0.0 
2113 1 0.0 0.0 0.0 0.0 0.0 0.0 0.0 
2114 1 0.0 0.0 0.0 0.0 0.0 0.0 0.0 
2115 1 0.0 0.0 0.0 0.0 0.0 0.0 0.0 
2116 1 0.0 0.0 0.0 0.0 0.0 0.0 0.0 
2117 1 0.0 0.0 0.0 0.0 0.0 0.0 0.0 
2118 1 0.0 0.0 0.0 0.0 0.0 0.0 0.0 
2119 1 0.0 0.0 0.0 0.0 0.0 0.0 0.0 
2120 1 0.0 0.0 0.0 0.0 0.0 0.0 0.0 
2121 1 0.0 0.0 0.0 0.0 0.0 0.0 0.0 
2122 1 0.0 0.0 0.0 0.0 0.0 0.0 0.0 
2123 1 0.0 0.0 0.0 0.0 0.0 0.0 0.0 
2124 1 0.0 0.0 0.0 0.0 0.0 0.0 0.0 
2125 1 0.0 0.0 0.0 0.0 0.0 0.0 0.0 
2126 1 0.0 0.0 0.0 0.0 0.0 0.0 0.0 
2127 1 0.0 0.0 0.0 0.0 0.0 0.0 0.0 
2128 1 0.0 0.0 0.0 0.0 0.0 0.0 0.0 
2129 1 0.0 0.0 0.0 0.0 0.0 0.0 0.0 
2130 1 0.0 0.0 0.0 0.0 0.0 0.0 0.0 
2131 1 0.0 0.0 0.0 0.0 0.0 0.0 0.0 
2132 1 0.0 0.0 0.0 0.0 0.0 0.0 0.0 
2133 1 0.0 0.0 0.0 0.0 0.0 0.0 0.0 
2134 1 0.0 0.0 0.0 0.0 0.0 0.0 0.0 
2135 1 0.0 0.0 0.0 0.0 0.0 0.0 0.0 
2136 1 0.0 0.0 0.0 0.0 0.0 0.0 0.0 
2137 1 0.0 0.0 0.0 0.0 0.0 0.0 0.0 
2138 1 0.0 0.0 0.0 0.0 0.0 0.0 0.0 
2139 1 0.0 0.0 0.0 0.0 0.0 0.0 0.0 
2140 1 0.0 0.0 0.0 0.0 0.0 0.0 0.0 
2141 1 0.0 0.0 0.0 0.0 0.0 0.0 0.0 
2142 1 0.0 0.0 0.0 0.0 0.0 0.0 0.0 
2143 1 0.0 0.0 0.0 0.0 0.0 0.0 0.0 
2144 1 0.0 0.0 0.0 0.0 0.0 0.0 0.0 
2145 1 0.0 0.0 0.0 0.0 0.0 0.0 0.0 
2146 1 0.0 0.0 0.0 0.0 0.0 0.0 0.0 
2147 1 0.0 0.0 0.0 0.0 0.0 0.0 0.0 
2148 1 0.0 0.0 0.0 0.0 0.0 0.0 0.0 
2149 1 0.0 0.0 0.0 0.0 0.0 0.0 0.0 
2150 1 0.0 0.0 0.0 0.0 0.0 0.0 0.0 
2151 1 0.0 0.0 0.0 0.0 0.0 0.0 0.0 
2152 1 0.0 0.0 0.0 0.0 0.0 0.0 0.0 
2153 1 0.0 0.0 0.0 0.0 0.0 0.0 0.0 
2154 1 0.0 0.0 0.0 0.0 0.0 0.0 0.0 
2155 1 0.0 0.0 0.0 0.0 0.0 0.0 0.0 
2156 1 0.0 0.0 0.0 0.0 0.0 0.0 0.0 
2157 1 0.0 0.0 0.0 0.0 0.0 0.0 0.0 
2158 1 0.0 0.0 0.0 0.0 0.0 0.0 0.0 
2159 1 0.0 0.0 0.0 0.0 0.0 0.0 0.0 
2160 1 0.0 0.0 0.0 0.0 0.0 0.0 0.0 
2161 1 0.0 0.0 0.0 0.0 0.0 0.0 0.0 
2162 1 0.0 0.0 0.0 0.0 0.0 0.0 0.0 
2163 1 0.0 0.0 0.0 0.0 0.0 0.0 0.0 
2164 1 0.0 0.0 0.0 0.0 0.0 0.0 0.0 
2165 1 0.0 0.0 0.0 0.0 0.0 0.0 0.0 
2166 1 0.0 0.0 0.0 0.0 0.0 0.0 0.0 
2167 1 0.0 0.0 0.0 0.0 0.0 0.0 0.0 
2168 1 0.0 0.0 0.0 0.0 0.0 0.0 0.0 
2169 1 0.0 0.0 0.0 0.0 0.0 0.0 0.0 
2170 1 0.0 0.0 0.0 0.0 0.0 0.0 0.0 
2171 1 0.0 0.0 0.0 0.0 0.0 0.0 0.0 
2172 1 0.0 0.0 0.0 0.0 0.0 0.0 0.0 
2173 1 0.0 0.0 0.0 0.0 0.0 0.0 0.0 
2174 1 0.0 0.0 0.0 0.0 0.0 0.0 0.0 
2175 1 0.0 0.0 0.0 0.0 0.0 0.0 0.0 
2176 1 0.0 0.0 0.0 0.0 0.0 0.0 0.0 
2177 1 0.0 0.0 0.0 0.0 0.0 0.0 0.0 
2178 1 0.0 0.0 0.0 0.0 0.0 0.0 0.0 
2179 1 0.0 0.0 0.0 0.0 0.0 0.0 0.0 
2180 1 0.0 0.0 0.0 0.0 0.0 0.0 0.0 
2181 1 0.0 0.0 0.0 0.0 0.0 0.0 0.0 
2182 1 0.0 0.0 0.0 0.0 0.0 0.0 0.0 
2183 1 0.0 0.0 0.0 0.0 0.0 0.0 0.0 
2184 1 0.0 0.0 0.0 0.0 0.0 0.0 0.0 
2185 1 0.0 0.0 0.0 0.0 0.0 0.0 0.0 
2186 1 0.0 0.0 0.0 0.0 0.0 0.0 0.0 
2187 1 0.0 0.0 0.0 0.0 0.0 0.0 0.0 
2188 1 0.0 0.0 0.0 0.0 0.0 0.0 0.0 
2189 1 0.0 0.0 0.0 0.0 0.0 0.0 0.0 
2190 1 0.0 0.0 0.0 0.0 0.0 0.0 0.0 
2191 1 0.0 0.0 0.0 0.0 0.0 0.0 0.0 
2192 1 0.0 0.0 0.0 0.0 0.0 0.0 0.0 
2193 1 0.0 0.0 0.0 0.0 0.0 0.0 0.0 
2194 1 0.0 0.0 0.0 0.0 0.0 0.0 0.0 
2195 1 0.0 0.0 0.0 0.0 0.0 0.0 0.0 
2196 1 0.0 0.0 0.0 0.0 0.0 0.0 0.0 
2197 1 0.0 0.0 0.0 0.0 0.0 0.0 0.0 
2198 1 0.0 0.0 0.0 0.0 0.0 0.0 0.0 
2199 1 0.0 0.0 0.0 0.0 0.0 0.0 0.0 
2200 1 0.0 0.0 0.0 0.0 0.0 0.0 0.0 
2201 1 0.0 0.0 0.0 0.0 0.0 0.0 0.0 
2202 1 0.0 0.0 0.0 0.0 0.0 0.0 0.0 
2203 1 0.0 0.0 0.0 0.0 0.0 0.0 0.0 
2204 1 0.0 0.0 0.0 0.0 0.0 0.0 0.0 
2205 1 0.0 0.0 0.0 0.0 0.0 0.0 0.0 
2206 1 0.0 0.0 0.0 0.0 0.0 0.0 0.0 
2207 1 0.0 0.0 0.0 0.0 0.0 0.0 0.0 
2208 1 0.0 0.0 0.0 0.0 0.0 0.0 0.0 
2209 1 0.0 0.0 0.0 0.0 0.0 0.0 0.0 
2210 1 0.0 0.0 0.0 0.0 0.0 0.0 0.0 
2211 1 0.0 0.0 0.0 0.0 0.0 0.0 0.0 
2212 1 0.0 0.0 0.0 0.0 0.0 0.0 0.0 
2213 1 0.0 0.0 0.0 0.0 0.0 0.0 0.0 
2214 1 0.0 0.0 0.0 0.0 0.0 0.0 0.0 
2215 1 0.0 0.0 0.0 0.0 0.0 0.0 0.0 
2216 1 0.0 0.0 0.0 0.0 0.0 0.0 0.0 
2217 1 0.0 0.0 0.0 0.0 0.0 0.0 0.0 
2218 1 0.0 0.0 0.0 0.0 0.0 0.0 0.0 
2219 1 0.0 0.0 0.0 0.0 0.0 0.0 0.0 
2220 1 0.0 0.0 0.0 0.0 0.0 0.0 0.0 
2221 1 0.0 0.0 0.0 0.0 0.0 0.0 0.0 
2222 1 0.0 0.0 0.0 0.0 0.0 0.0 0.0 
2223 1 0.0 0.0 0.0 0.0 0.0 0.0 0.0 
2224 1 0.0 0.0 0.0 0.0 0.0 0.0 0.0 
2225 1 0.0 0.0 0.0 0.0 0.0 0.0 0.0 
2226 1 0.0 0.0 0.0 0.0 0.0 0.0 0.0 
2227 1 0.0 0.0 0.0 0.0 0.0 0.0 0.0 
2228 1 0.0 0.0 0.0 0.0 0.0 0.0 0.0 
2229 1 0.0 0.0 0.0 0.0 0.0 0.0 0.0 
2230 1 0.0 0.0 0.0 0.0 0.0 0.0 0.0 
2231 1 0.0 0.0 0.0 0.0 0.0 0.0 0.0 
2232 1 0.0 0.0 0.0 0.0 0.0 0.0 0.0 
2233 1 0.0 0.0 0.0 0.0 0.0 0.0 0.0 
2234 1 0.0 0.0 0.0 0.0 0.0 0.0 0.0 
2235 1 0.0 0.0 0.0 0.0 0.0 0.0 0.0 
2236 1 0.0 0.0 0.0 0.0 0.0 0.0 0.0 
2237 1 0.0 0.0 0.0 0.0 0.0 0.0 0.0 
2238 1 0.0 0.0 0.0 0.0 0.0 0.0 0.0 
2239 1 0.0 0.0 0.0 0.0 0.0 0.0 0.0 
2240 1 0.0 0.0 0.0 0.0 0.0 0.0 0.0 
2241 1 0.0 0.0 0.0 0.0 0.0 0.0 0.0 
2242 1 0.0 0.0 0.0 0.0 0.0 0.0 0.0 
2243 1 0.0 0.0 0.0 0.0 0.0 0.0 0.0 
2244 1 0.0 0.0 0.0 0.0 0.0 0.0 0.0 
2245 1 0.0 0.0 0.0 0.0 0.0 0.0 0.0 
2246 1 0.0 0.0 0.0 0.0 0.0 0.0 0.0 
2247 1 0.0 0.0 0.0 0.0 0.0 0.0 0.0 
2248 1 0.0 0.0 0.0 0.0 0.0 0.0 0.0 
2249 1 0.0 0.0 0.0 0.0 0.0 0.0 0.0 
2250 1 0.0 0.0 0.0 0.0 0.0 0.0 0.0 
2251 1 0.0 0.0 0.0 0.0 0.0 0.0 0.0 
2252 1 0.0 0.0 0.0 0.0 0.0 0.0 0.0 
2253 1 0.0 0.0 0.0 0.0 0.0 0.0 0.0 
2254 1 0.0 0.0 0.0 0.0 0.0 0.0 0.0 
2255 1 0.0 0.0 0.0 0.0 0.0 0.0 0.0 
2256 1 0.0 0.0 0.0 0.0 0.0 0.0 0.0 
2257 1 0.0 0.0 0.0 0.0 0.0 0.0 0.0 
2258 1 0.0 0.0 0.0 0.0 0.0 0.0 0.0 
2259 1 0.0 0.0 0.0 0.0 0.0 0.0 0.0 
2260 1 0.0 0.0 0.0 0.0 0.0 0.0 0.0 
2261 1 0.0 0.0 0.0 0.0 0.0 0.0 0.0 
2262 1 0.0 0.0 0.0 0.0 0.0 0.0 0.0 
2263 1 0.0 0.0 0.0 0.0 0.0 0.0 0.0 
2264 1 0.0 0.0 0.0 0.0 0.0 0.0 0.0 
2265 1 0.0 0.0 0.0 0.0 0.0 0.0 0.0 
2266 1 0.0 0.0 0.0 0.0 0.0 0.0 0.0 
2267 1 0.0 0.0 0.0 0.0 0.0 0.0 0.0 
2268 1 0.0 0.0 0.0 0.0 0.0 0.0 0.0 
2269 1 0.0 0.0 0.0 0.0 0.0 0.0 0.0 
2270 1 0.0 0.0 0.0 0.0 0.0 0.0 0.0 
2271 1 0.0 0.0 0.0 0.0 0.0 0.0 0.0 
2272 1 0.0 0.0 0.0 0.0 0.0 0.0 0.0 
2273 1 0.0 0.0 0.0 0.0 0.0 0.0 0.0 
2274 1 0.0 0.0 0.0 0.0 0.0 0.0 0.0 
2275 1 0.0 0.0 0.0 0.0 0.0 0.0 0.0 
2276 1 0.0 0.0 0.0 0.0 0.0 0.0 0.0 
2277 1 0.0 0.0 0.0 0.0 0.0 0.0 0.0 
2278 1 0.0 0.0 0.0 0.0 0.0 0.0 0.0 
2279 1 0.0 0.0 0.0 0.0 0.0 0.0 0.0 
2280 1 0.0 0.0 0.0 0.0 0.0 0.0 0.0 
2281 1 0.0 0.0 0.0 0.0 0.0 0.0 0.0 
2282 1 0.0 0.0 0.0 0.0 0.0 0.0 0.0 
2283 1 0.0 0.0 0.0 0.0 0.0 0.0 0.0 
2284 1 0.0 0.0 0.0 0.0 0.0 0.0 0.0 
2285 1 0.0 0.0 0.0 0.0 0.0 0.0 0.0 
2286 1 0.0 0.0 0.0 0.0 0.0 0.0 0.0 
2287 1 0.0 0.0 0.0 0.0 0.0 0.0 0.0 
2288 1 0.0 0.0 0.0 0.0 0.0 0.0 0.0 
2289 1 0.0 0.0 0.0 0.0 0.0 0.0 0.0 
2290 1 0.0 0.0 0.0 0.0 0.0 0.0 0.0 
2291 1 0.0 0.0 0.0 0.0 0.0 0.0 0.0 
2292 1 0.0 0.0 0.0 0.0 0.0 0.0 0.0 
2293 1 0.0 0.0 0.0 0.0 0.0 0.0 0.0 
2294 1 0.0 0.0 0.0 0.0 0.0 0.0 0.0 
2295 1 0.0 0.0 0.0 0.0 0.0 0.0 0.0 
2296 1 0.0 0.0 0.0 0.0 0.0 0.0 0.0 
2297 1 0.0 0.0 0.0 0.0 0.0 0.0 0.0 
2298 1 0.0 0.0 0.0 0.0 0.0 0.0 0.0 
2299 1 0.0 0.0 0.0 0.0 0.0 0.0 0.0 
2300 1 0.0 0.0 0.0 0.0 0.0 0.0 0.0 
2301 1 0.0 0.0 0.0 0.0 0.0 0.0 0.0 
2302 1 0.0 0.0 0.0 0.0 0.0 0.0 0.0 
2303 1 0.0 0.0 0.0 0.0 0.0 0.0 0.0 
2304 1 0.0 0.0 0.0 0.0 0.0 0.0 0.0 
2305 1 0.0 0.0 0.0 0.0 0.0 0.0 0.0 
2306 1 0.0 0.0 0.0 0.0 0.0 0.0 0.0 
2307 1 0.0 0.0 0.0 0.0 0.0 0.0 0.0 
2308 1 0.0 0.0 0.0 0.0 0.0 0.0 0.0 
2309 1 0.0 0.0 0.0 0.0 0.0 0.0 0.0 
2310 1 0.0 0.0 0.0 0.0 0.0 0.0 0.0 
2311 1 0.0 0.0 0.0 0.0 0.0 0.0 0.0 
2312 1 0.0 0.0 0.0 0.0 0.0 0.0 0.0 
2313 1 0.0 0.0 0.0 0.0 0.0 0.0 0.0 
2314 1 0.0 0.0 0.0 0.0 0.0 0.0 0.0 
2315 1 0.0 0.0 0.0 0.0 0.0 0.0 0.0 
2316 1 0.0 0.0 0.0 0.0 0.0 0.0 0.0 
2317 1 0.0 0.0 0.0 0.0 0.0 0.0 0.0 
2318 1 0.0 0.0 0.0 0.0 0.0 0.0 0.0 
2319 1 0.0 0.0 0.0 0.0 0.0 0.0 0.0 
2320 1 0.0 0.0 0.0 0.0 0.0 0.0 0.0 
2321 1 0.0 0.0 0.0 0.0 0.0 0.0 0.0 
2322 1 0.0 0.0 0.0 0.0 0.0 0.0 0.0 
2323 1 0.0 0.0 0.0 0.0 0.0 0.0 0.0 
2324 1 0.0 0.0 0.0 0.0 0.0 0.0 0.0 
2325 1 0.0 0.0 0.0 0.0 0.0 0.0 0.0 
2326 1 0.0 0.0 0.0 0.0 0.0 0.0 0.0 
2327 1 0.0 0.0 0.0 0.0 0.0 0.0 0.0 
2328 1 0.0 0.0 0.0 0.0 0.0 0.0 0.0 
2329 1 0.0 0.0 0.0 0.0 0.0 0.0 0.0 
2330 1 0.0 0.0 0.0 0.0 0.0 0.0 0.0 
2331 1 0.0 0.0 0.0 0.0 0.0 0.0 0.0 
2332 1 0.0 0.0 0.0 0.0 0.0 0.0 0.0 
2333 1 0.0 0.0 0.0 0.0 0.0 0.0 0.0 
2334 1 0.0 0.0 0.0 0.0 0.0 0.0 0.0 
2335 1 0.0 0.0 0.0 0.0 0.0 0.0 0.0 
2336 1 0.0 0.0 0.0 0.0 0.0 0.0 0.0 
2337 1 0.0 0.0 0.0 0.0 0.0 0.0 0.0 
2338 1 0.0 0.0 0.0 0.0 0.0 0.0 0.0 
2339 1 0.0 0.0 0.0 0.0 0.0 0.0 0.0 
2340 1 0.0 0.0 0.0 0.0 0.0 0.0 0.0 
2341 1 0.0 0.0 0.0 0.0 0.0 0.0 0.0 
2342 1 0.0 0.0 0.0 0.0 0.0 0.0 0.0 
2343 1 0.0 0.0 0.0 0.0 0.0 0.0 0.0 
2344 1 0.0 0.0 0.0 0.0 0.0 0.0 0.0 
2345 1 0.0 0.0 0.0 0.0 0.0 0.0 0.0 
2346 1 0.0 0.0 0.0 0.0 0.0 0.0 0.0 
2347 1 0.0 0.0 0.0 0.0 0.0 0.0 0.0 
2348 1 0.0 0.0 0.0 0.0 0.0 0.0 0.0 
2349 1 0.0 0.0 0.0 0.0 0.0 0.0 0.0 
2350 1 0.0 0.0 0.0 0.0 0.0 0.0 0.0 
2351 1 0.0 0.0 0.0 0.0 0.0 0.0 0.0 
2352 1 0.0 0.0 0.0 0.0 0.0 0.0 0.0 
2353 1 0.0 0.0 0.0 0.0 0.0 0.0 0.0 
2354 1 0.0 0.0 0.0 0.0 0.0 0.0 0.0 
2355 1 0.0 0.0 0.0 0.0 0.0 0.0 0.0 
2356 1 0.0 0.0 0.0 0.0 0.0 0.0 0.0 
2357 1 0.0 0.0 0.0 0.0 0.0 0.0 0.0 
2358 1 0.0 0.0 0.0 0.0 0.0 0.0 0.0 
2359 1 0.0 0.0 0.0 0.0 0.0 0.0 0.0 
2360 1 0.0 0.0 0.0 0.0 0.0 0.0 0.0 
2361 1 0.0 0.0 0.0 0.0 0.0 0.0 0.0 
2362 1 0.0 0.0 0.0 0.0 0.0 0.0 0.0 
2363 1 0.0 0.0 0.0 0.0 0.0 0.0 0.0 
2364 1 0.0 0.0 0.0 0.0 0.0 0.0 0.0 
2365 1 0.0 0.0 0.0 0.0 0.0 0.0 0.0 
2366 1 0.0 0.0 0.0 0.0 0.0 0.0 0.0 
2367 1 0.0 0.0 0.0 0.0 0.0 0.0 0.0 
2368 1 0.0 0.0 0.0 0.0 0.0 0.0 0.0 
2369 1 0.0 0.0 0.0 0.0 0.0 0.0 0.0 
2370 1 0.0 0.0 0.0 0.0 0.0 0.0 0.0 
2371 1 0.0 0.0 0.0 0.0 0.0 0.0 0.0 
2372 1 0.0 0.0 0.0 0.0 0.0 0.0 0.0 
2373 1 0.0 0.0 0.0 0.0 0.0 0.0 0.0 
2374 1 0.0 0.0 0.0 0.0 0.0 0.0 0.0 
2375 1 0.0 0.0 0.0 0.0 0.0 0.0 0.0 
2376 1 0.0 0.0 0.0 0.0 0.0 0.0 0.0 
2377 1 0.0 0.0 0.0 0.0 0.0 0.0 0.0 
2378 1 0.0 0.0 0.0 0.0 0.0 0.0 0.0 
2379 1 0.0 0.0 0.0 0.0 0.0 0.0 0.0 
2380 1 0.0 0.0 0.0 0.0 0.0 0.0 0.0 
2381 1 0.0 0.0 0.0 0.0 0.0 0.0 0.0 
2382 1 0.0 0.0 0.0 0.0 0.0 0.0 0.0 
2383 1 0.0 0.0 0.0 0.0 0.0 0.0 0.0 
2384 1 0.0 0.0 0.0 0.0 0.0 0.0 0.0 
2385 1 0.0 0.0 0.0 0.0 0.0 0.0 0.0 
2386 1 0.0 0.0 0.0 0.0 0.0 0.0 0.0 
2387 1 0.0 0.0 0.0 0.0 0.0 0.0 0.0 
2388 1 0.0 0.0 0.0 0.0 0.0 0.0 0.0 
2389 1 0.0 0.0 0.0 0.0 0.0 0.0 0.0 
2390 1 0.0 0.0 0.0 0.0 0.0 0.0 0.0 
2391 1 0.0 0.0 0.0 0.0 0.0 0.0 0.0 
2392 1 0.0 0.0 0.0 0.0 0.0 0.0 0.0 
2393 1 0.0 0.0 0.0 0.0 0.0 0.0 0.0 
2394 1 0.0 0.0 0.0 0.0 0.0 0.0 0.0 
2395 1 0.0 0.0 0.0 0.0 0.0 0.0 0.0 
2396 1 0.0 0.0 0.0 0.0 0.0 0.0 0.0 
2397 1 0.0 0.0 0.0 0.0 0.0 0.0 0.0 
2398 1 0.0 0.0 0.0 0.0 0.0 0.0 0.0 
2399 1 0.0 0.0 0.0 0.0 0.0 0.0 0.0 
2400 1 0.0 0.0 0.0 0.0 0.0 0.0 0.0 
2401 1 0.0 0.0 0.0 0.0 0.0 0.0 0.0 
2402 1 0.0 0.0 0.0 0.0 0.0 0.0 0.0 
2403 1 0.0 0.0 0.0 0.0 0.0 0.0 0.0 
2404 1 0.0 0.0 0.0 0.0 0.0 0.0 0.0 
2405 1 0.0 0.0 0.0 0.0 0.0 0.0 0.0 
2406 1 0.0 0.0 0.0 0.0 0.0 0.0 0.0 
2407 1 0.0 0.0 0.0 0.0 0.0 0.0 0.0 
2408 1 0.0 0.0 0.0 0.0 0.0 0.0 0.0 
2409 1 0.0 0.0 0.0 0.0 0.0 0.0 0.0 
2410 1 0.0 0.0 0.0 0.0 0.0 0.0 0.0 
2411 1 0.0 0.0 0.0 0.0 0.0 0.0 0.0 
2412 1 0.0 0.0 0.0 0.0 0.0 0.0 0.0 
2413 1 0.0 0.0 0.0 0.0 0.0 0.0 0.0 
2414 1 0.0 0.0 0.0 0.0 0.0 0.0 0.0 
2415 1 0.0 0.0 0.0 0.0 0.0 0.0 0.0 
2416 1 0.0 0.0 0.0 0.0 0.0 0.0 0.0 
2417 1 0.0 0.0 0.0 0.0 0.0 0.0 0.0 
2418 1 0.0 0.0 0.0 0.0 0.0 0.0 0.0 
2419 1 0.0 0.0 0.0 0.0 0.0 0.0 0.0 
2420 1 0.0 0.0 0.0 0.0 0.0 0.0 0.0 
2421 1 0.0 0.0 0.0 0.0 0.0 0.0 0.0 
2422 1 0.0 0.0 0.0 0.0 0.0 0.0 0.0 
2423 1 0.0 0.0 0.0 0.0 0.0 0.0 0.0 
2424 1 0.0 0.0 0.0 0.0 0.0 0.0 0.0 
2425 1 0.0 0.0 0.0 0.0 0.0 0.0 0.0 
2426 1 0.0 0.0 0.0 0.0 0.0 0.0 0.0 
2427 1 0.0 0.0 0.0 0.0 0.0 0.0 0.0 
2428 1 0.0 0.0 0.0 0.0 0.0 0.0 0.0 
2429 1 0.0 0.0 0.0 0.0 0.0 0.0 0.0 
2430 1 0.0 0.0 0.0 0.0 0.0 0.0 0.0 
2431 1 0.0 0.0 0.0 0.0 0.0 0.0 0.0 
2432 1 0.0 0.0 0.0 0.0 0.0 0.0 0.0 
2433 1 0.0 0.0 0.0 0.0 0.0 0.0 0.0 
2434 1 0.0 0.0 0.0 0.0 0.0 0.0 0.0 
2435 1 0.0 0.0 0.0 0.0 0.0 0.0 0.0 
2436 1 0.0 0.0 0.0 0.0 0.0 0.0 0.0 
2437 1 0.0 0.0 0.0 0.0 0.0 0.0 0.0 
2438 1 0.0 0.0 0.0 0.0 0.0 0.0 0.0 
2439 1 0.0 0.0 0.0 0.0 0.0 0.0 0.0 
2440 1 0.0 0.0 0.0 0.0 0.0 0.0 0.0 
2441 1 0.0 0.0 0.0 0.0 0.0 0.0 0.0 
2442 1 0.0 0.0 0.0 0.0 0.0 0.0 0.0 
2443 1 0.0 0.0 0.0 0.0 0.0 0.0 0.0 
2444 1 0.0 0.0 0.0 0.0 0.0 0.0 0.0 
2445 1 0.0 0.0 0.0 0.0 0.0 0.0 0.0 
2446 1 0.0 0.0 0.0 0.0 0.0 0.0 0.0 
2447 1 0.0 0.0 0.0 0.0 0.0 0.0 0.0 
2448 1 0.0 0.0 0.0 0.0 0.0 0.0 0.0 
2449 1 0.0 0.0 0.0 0.0 0.0 0.0 0.0 
2450 1 0.0 0.0 0.0 0.0 0.0 0.0 0.0 
2451 1 0.0 0.0 0.0 0.0 0.0 0.0 0.0 
2452 1 0.0 0.0 0.0 0.0 0.0 0.0 0.0 
2453 1 0.0 0.0 0.0 0.0 0.0 0.0 0.0 
2454 1 0.0 0.0 0.0 0.0 0.0 0.0 0.0 
2455 1 0.0 0.0 0.0 0.0 0.0 0.0 0.0 
2456 1 0.0 0.0 0.0 0.0 0.0 0.0 0.0 
2457 1 0.0 0.0 0.0 0.0 0.0 0.0 0.0 
2458 1 0.0 0.0 0.0 0.0 0.0 0.0 0.0 
2459 1 0.0 0.0 0.0 0.0 0.0 0.0 0.0 
2460 1 0.0 0.0 0.0 0.0 0.0 0.0 0.0 
2461 1 0.0 0.0 0.0 0.0 0.0 0.0 0.0 
2462 1 0.0 0.0 0.0 0.0 0.0 0.0 0.0 
2463 1 0.0 0.0 0.0 0.0 0.0 0.0 0.0 
2464 1 0.0 0.0 0.0 0.0 0.0 0.0 0.0 
2465 1 0.0 0.0 0.0 0.0 0.0 0.0 0.0 
2466 1 0.0 0.0 0.0 0.0 0.0 0.0 0.0 
2467 1 0.0 0.0 0.0 0.0 0.0 0.0 0.0 
2468 1 0.0 0.0 0.0 0.0 0.0 0.0 0.0 
2469 1 0.0 0.0 0.0 0.0 0.0 0.0 0.0 
2470 1 0.0 0.0 0.0 0.0 0.0 0.0 0.0 
2471 1 0.0 0.0 0.0 0.0 0.0 0.0 0.0 
2472 1 0.0 0.0 0.0 0.0 0.0 0.0 0.0 
2473 1 0.0 0.0 0.0 0.0 0.0 0.0 0.0 
2474 1 0.0 0.0 0.0 0.0 0.0 0.0 0.0 
2475 1 0.0 0.0 0.0 0.0 0.0 0.0 0.0 
2476 1 0.0 0.0 0.0 0.0 0.0 0.0 0.0 
2477 1 0.0 0.0 0.0 0.0 0.0 0.0 0.0 
2478 1 0.0 0.0 0.0 0.0 0.0 0.0 0.0 
2479 1 0.0 0.0 0.0 0.0 0.0 0.0 0.0 
2480 1 0.0 0.0 0.0 0.0 0.0 0.0 0.0 
2481 1 0.0 0.0 0.0 0.0 0.0 0.0 0.0 
2482 1 0.0 0.0 0.0 0.0 0.0 0.0 0.0 
2483 1 0.0 0.0 0.0 0.0 0.0 0.0 0.0 
2484 1 0.0 0.0 0.0 0.0 0.0 0.0 0.0 
2485 1 0.0 0.0 0.0 0.0 0.0 0.0 0.0 
2486 1 0.0 0.0 0.0 0.0 0.0 0.0 0.0 
2487 1 0.0 0.0 0.0 0.0 0.0 0.0 0.0 
2488 1 0.0 0.0 0.0 0.0 0.0 0.0 0.0 
2489 1 0.0 0.0 0.0 0.0 0.0 0.0 0.0 
2490 1 0.0 0.0 0.0 0.0 0.0 0.0 0.0 
2491 1 0.0 0.0 0.0 0.0 0.0 0.0 0.0 
2492 1 0.0 0.0 0.0 0.0 0.0 0.0 0.0 
2493 1 0.0 0.0 0.0 0.0 0.0 0.0 0.0 
2494 1 0.0 0.0 0.0 0.0 0.0 0.0 0.0 
2495 1 0.0 0.0 0.0 0.0 0.0 0.0 0.0 
2496 1 0.0 0.0 0.0 0.0 0.0 0.0 0.0 
2497 1 0.0 0.0 0.0 0.0 0.0 0.0 0.0 
2498 1 0.0 0.0 0.0 0.0 0.0 0.0 0.0 
2499 1 0.0 0.0 0.0 0.0 0.0 0.0 0.0 
2500 1 0.0 0.0 0.0 0.0 0.0 0.0 0.0 
2501 1 0.0 0.0 0.0 0.0 0.0 0.0 0.0 
2502 1 0.0 0.0 0.0 0.0 0.0 0.0 0.0 
2503 1 0.0 0.0 0.0 0.0 0.0 0.0 0.0 
2504 1 0.0 0.0 0.0 0.0 0.0 0.0 0.0 
2505 1 0.0 0.0 0.0 0.0 0.0 0.0 0.0 
2506 1 0.0 0.0 0.0 0.0 0.0 0.0 0.0 
2507 1 0.0 0.0 0.0 0.0 0.0 0.0 0.0 
2508 1 0.0 0.0 0.0 0.0 0.0 0.0 0.0 
2509 1 0.0 0.0 0.0 0.0 0.0 0.0 0.0 
2510 1 0.0 0.0 0.0 0.0 0.0 0.0 0.0 
2511 1 0.0 0.0 0.0 0.0 0.0 0.0 0.0 
2512 1 0.0 0.0 0.0 0.0 0.0 0.0 0.0 
2513 1 0.0 0.0 0.0 0.0 0.0 0.0 0.0 
2514 1 0.0 0.0 0.0 0.0 0.0 0.0 0.0 
2515 1 0.0 0.0 0.0 0.0 0.0 0.0 0.0 
2516 1 0.0 0.0 0.0 0.0 0.0 0.0 0.0 
2517 1 0.0 0.0 0.0 0.0 0.0 0.0 0.0 
2518 1 0.0 0.0 0.0 0.0 0.0 0.0 0.0 
2519 1 0.0 0.0 0.0 0.0 0.0 0.0 0.0 
2520 1 0.0 0.0 0.0 0.0 0.0 0.0 0.0 
2521 1 0.0 0.0 0.0 0.0 0.0 0.0 0.0 
2522 1 0.0 0.0 0.0 0.0 0.0 0.0 0.0 
2523 1 0.0 0.0 0.0 0.0 0.0 0.0 0.0 
2524 1 0.0 0.0 0.0 0.0 0.0 0.0 0.0 
2525 1 0.0 0.0 0.0 0.0 0.0 0.0 0.0 
2526 1 0.0 0.0 0.0 0.0 0.0 0.0 0.0 
2527 1 0.0 0.0 0.0 0.0 0.0 0.0 0.0 
2528 1 0.0 0.0 0.0 0.0 0.0 0.0 0.0 
2529 1 0.0 0.0 0.0 0.0 0.0 0.0 0.0 
2530 1 0.0 0.0 0.0 0.0 0.0 0.0 0.0 
2531 1 0.0 0.0 0.0 0.0 0.0 0.0 0.0 
2532 1 0.0 0.0 0.0 0.0 0.0 0.0 0.0 
2533 1 0.0 0.0 0.0 0.0 0.0 0.0 0.0 
2534 1 0.0 0.0 0.0 0.0 0.0 0.0 0.0 
2535 1 0.0 0.0 0.0 0.0 0.0 0.0 0.0 
2536 1 0.0 0.0 0.0 0.0 0.0 0.0 0.0 
2537 1 0.0 0.0 0.0 0.0 0.0 0.0 0.0 
2538 1 0.0 0.0 0.0 0.0 0.0 0.0 0.0 
2539 1 0.0 0.0 0.0 0.0 0.0 0.0 0.0 
2540 1 0.0 0.0 0.0 0.0 0.0 0.0 0.0 
2541 1 0.0 0.0 0.0 0.0 0.0 0.0 0.0 
2542 1 0.0 0.0 0.0 0.0 0.0 0.0 0.0 
2543 1 0.0 0.0 0.0 0.0 0.0 0.0 0.0 
2544 1 0.0 0.0 0.0 0.0 0.0 0.0 0.0 
2545 1 0.0 0.0 0.0 0.0 0.0 0.0 0.0 
2546 1 0.0 0.0 0.0 0.0 0.0 0.0 0.0 
2547 1 0.0 0.0 0.0 0.0 0.0 0.0 0.0 
2548 1 0.0 0.0 0.0 0.0 0.0 0.0 0.0 
2549 1 0.0 0.0 0.0 0.0 0.0 0.0 0.0 
2550 1 0.0 0.0 0.0 0.0 0.0 0.0 0.0 
2551 1 0.0 0.0 0.0 0.0 0.0 0.0 0.0 
2552 1 0.0 0.0 0.0 0.0 0.0 0.0 0.0 
2553 1 0.0 0.0 0.0 0.0 0.0 0.0 0.0 
2554 1 0.0 0.0 0.0 0.0 0.0 0.0 0.0 
2555 1 0.0 0.0 0.0 0.0 0.0 0.0 0.0 
2556 1 0.0 0.0 0.0 0.0 0.0 0.0 0.0 
2557 1 0.0 0.0 0.0 0.0 0.0 0.0 0.0 
2558 1 0.0 0.0 0.0 0.0 0.0 0.0 0.0 
2559 1 0.0 0.0 0.0 0.0 0.0 0.0 0.0 
2560 1 0.0 0.0 0.0 0.0 0.0 0.0 0.0 
2561 1 0.0 0.0 0.0 0.0 0.0 0.0 0.0 
2562 1 0.0 0.0 0.0 0.0 0.0 0.0 0.0 
2563 1 0.0 0.0 0.0 0.0 0.0 0.0 0.0 
2564 1 0.0 0.0 0.0 0.0 0.0 0.0 0.0 
2565 1 0.0 0.0 0.0 0.0 0.0 0.0 0.0 
2566 1 0.0 0.0 0.0 0.0 0.0 0.0 0.0 
2567 1 0.0 0.0 0.0 0.0 0.0 0.0 0.0 
2568 1 0.0 0.0 0.0 0.0 0.0 0.0 0.0 
2569 1 0.0 0.0 0.0 0.0 0.0 0.0 0.0 
2570 1 0.0 0.0 0.0 0.0 0.0 0.0 0.0 
2571 1 0.0 0.0 0.0 0.0 0.0 0.0 0.0 
2572 1 0.0 0.0 0.0 0.0 0.0 0.0 0.0 
2573 1 0.0 0.0 0.0 0.0 0.0 0.0 0.0 
2574 1 0.0 0.0 0.0 0.0 0.0 0.0 0.0 
2575 1 0.0 0.0 0.0 0.0 0.0 0.0 0.0 
2576 1 0.0 0.0 0.0 0.0 0.0 0.0 0.0 
2577 1 0.0 0.0 0.0 0.0 0.0 0.0 0.0 
2578 1 0.0 0.0 0.0 0.0 0.0 0.0 0.0 
2579 1 0.0 0.0 0.0 0.0 0.0 0.0 0.0 
2580 1 0.0 0.0 0.0 0.0 0.0 0.0 0.0 
2581 1 0.0 0.0 0.0 0.0 0.0 0.0 0.0 
2582 1 0.0 0.0 0.0 0.0 0.0 0.0 0.0 
2583 1 0.0 0.0 0.0 0.0 0.0 0.0 0.0 
2584 1 0.0 0.0 0.0 0.0 0.0 0.0 0.0 
2585 1 0.0 0.0 0.0 0.0 0.0 0.0 0.0 
2586 1 0.0 0.0 0.0 0.0 0.0 0.0 0.0 
2587 1 0.0 0.0 0.0 0.0 0.0 0.0 0.0 
2588 1 0.0 0.0 0.0 0.0 0.0 0.0 0.0 
2589 1 0.0 0.0 0.0 0.0 0.0 0.0 0.0 
2590 1 0.0 0.0 0.0 0.0 0.0 0.0 0.0 
2591 1 0.0 0.0 0.0 0.0 0.0 0.0 0.0 
2592 1 0.0 0.0 0.0 0.0 0.0 0.0 0.0 
2593 1 0.0 0.0 0.0 0.0 0.0 0.0 0.0 
2594 1 0.0 0.0 0.0 0.0 0.0 0.0 0.0 
2595 1 0.0 0.0 0.0 0.0 0.0 0.0 0.0 
2596 1 0.0 0.0 0.0 0.0 0.0 0.0 0.0 
2597 1 0.0 0.0 0.0 0.0 0.0 0.0 0.0 
2598 1 0.0 0.0 0.0 0.0 0.0 0.0 0.0 
2599 1 0.0 0.0 0.0 0.0 0.0 0.0 0.0 
2600 1 0.0 0.0 0.0 0.0 0.0 0.0 0.0 
2601 1 0.0 0.0 0.0 0.0 0.0 0.0 0.0 
2602 1 0.0 0.0 0.0 0.0 0.0 0.0 0.0 
2603 1 0.0 0.0 0.0 0.0 0.0 0.0 0.0 
2604 1 0.0 0.0 0.0 0.0 0.0 0.0 0.0 
2605 1 0.0 0.0 0.0 0.0 0.0 0.0 0.0 
2606 1 0.0 0.0 0.0 0.0 0.0 0.0 0.0 
2607 1 0.0 0.0 0.0 0.0 0.0 0.0 0.0 
2608 1 0.0 0.0 0.0 0.0 0.0 0.0 0.0 
2609 1 0.0 0.0 0.0 0.0 0.0 0.0 0.0 
2610 1 0.0 0.0 0.0 0.0 0.0 0.0 0.0 
2611 1 0.0 0.0 0.0 0.0 0.0 0.0 0.0 
2612 1 0.0 0.0 0.0 0.0 0.0 0.0 0.0 
2613 1 0.0 0.0 0.0 0.0 0.0 0.0 0.0 
2614 1 0.0 0.0 0.0 0.0 0.0 0.0 0.0 
2615 1 0.0 0.0 0.0 0.0 0.0 0.0 0.0 
2616 1 0.0 0.0 0.0 0.0 0.0 0.0 0.0 
2617 1 0.0 0.0 0.0 0.0 0.0 0.0 0.0 
2618 1 0.0 0.0 0.0 0.0 0.0 0.0 0.0 
2619 1 0.0 0.0 0.0 0.0 0.0 0.0 0.0 
2620 1 0.0 0.0 0.0 0.0 0.0 0.0 0.0 
2621 1 0.0 0.0 0.0 0.0 0.0 0.0 0.0 
2622 1 0.0 0.0 0.0 0.0 0.0 0.0 0.0 
2623 1 0.0 0.0 0.0 0.0 0.0 0.0 0.0 
2624 1 0.0 0.0 0.0 0.0 0.0 0.0 0.0 
2625 1 0.0 0.0 0.0 0.0 0.0 0.0 0.0 
2626 1 0.0 0.0 0.0 0.0 0.0 0.0 0.0 
2627 1 0.0 0.0 0.0 0.0 0.0 0.0 0.0 
2628 1 0.0 0.0 0.0 0.0 0.0 0.0 0.0 
2629 1 0.0 0.0 0.0 0.0 0.0 0.0 0.0 
2630 1 0.0 0.0 0.0 0.0 0.0 0.0 0.0 
2631 1 0.0 0.0 0.0 0.0 0.0 0.0 0.0 
2632 1 0.0 0.0 0.0 0.0 0.0 0.0 0.0 
2633 1 0.0 0.0 0.0 0.0 0.0 0.0 0.0 
2634 1 0.0 0.0 0.0 0.0 0.0 0.0 0.0 
2635 1 0.0 0.0 0.0 0.0 0.0 0.0 0.0 
2636 1 0.0 0.0 0.0 0.0 0.0 0.0 0.0 
2637 1 0.0 0.0 0.0 0.0 0.0 0.0 0.0 
2638 1 0.0 0.0 0.0 0.0 0.0 0.0 0.0 
2639 1 0.0 0.0 0.0 0.0 0.0 0.0 0.0 
2640 1 0.0 0.0 0.0 0.0 0.0 0.0 0.0 
2641 1 0.0 0.0 0.0 0.0 0.0 0.0 0.0 
2642 1 0.0 0.0 0.0 0.0 0.0 0.0 0.0 
2643 1 0.0 0.0 0.0 0.0 0.0 0.0 0.0 
2644 1 0.0 0.0 0.0 0.0 0.0 0.0 0.0 
2645 1 0.0 0.0 0.0 0.0 0.0 0.0 0.0 
2646 1 0.0 0.0 0.0 0.0 0.0 0.0 0.0 
2647 1 0.0 0.0 0.0 0.0 0.0 0.0 0.0 
2648 1 0.0 0.0 0.0 0.0 0.0 0.0 0.0 
2649 1 0.0 0.0 0.0 0.0 0.0 0.0 0.0 
2650 1 0.0 0.0 0.0 0.0 0.0 0.0 0.0 
2651 1 0.0 0.0 0.0 0.0 0.0 0.0 0.0 
2652 1 0.0 0.0 0.0 0.0 0.0 0.0 0.0 
2653 1 0.0 0.0 0.0 0.0 0.0 0.0 0.0 
2654 1 0.0 0.0 0.0 0.0 0.0 0.0 0.0 
2655 1 0.0 0.0 0.0 0.0 0.0 0.0 0.0 
2656 1 0.0 0.0 0.0 0.0 0.0 0.0 0.0 
2657 1 0.0 0.0 0.0 0.0 0.0 0.0 0.0 
2658 1 0.0 0.0 0.0 0.0 0.0 0.0 0.0 
2659 1 0.0 0.0 0.0 0.0 0.0 0.0 0.0 
2660 1 0.0 0.0 0.0 0.0 0.0 0.0 0.0 
2661 1 0.0 0.0 0.0 0.0 0.0 0.0 0.0 
2662 1 0.0 0.0 0.0 0.0 0.0 0.0 0.0 
2663 1 0.0 0.0 0.0 0.0 0.0 0.0 0.0 
2664 1 0.0 0.0 0.0 0.0 0.0 0.0 0.0 
2665 1 0.0 0.0 0.0 0.0 0.0 0.0 0.0 
2666 1 0.0 0.0 0.0 0.0 0.0 0.0 0.0 
2667 1 0.0 0.0 0.0 0.0 0.0 0.0 0.0 
2668 1 0.0 0.0 0.0 0.0 0.0 0.0 0.0 
2669 1 0.0 0.0 0.0 0.0 0.0 0.0 0.0 
2670 1 0.0 0.0 0.0 0.0 0.0 0.0 0.0 
2671 1 0.0 0.0 0.0 0.0 0.0 0.0 0.0 
2672 1 0.0 0.0 0.0 0.0 0.0 0.0 0.0 
2673 1 0.0 0.0 0.0 0.0 0.0 0.0 0.0 
2674 1 0.0 0.0 0.0 0.0 0.0 0.0 0.0 
2675 1 0.0 0.0 0.0 0.0 0.0 0.0 0.0 
2676 1 0.0 0.0 0.0 0.0 0.0 0.0 0.0 
2677 1 0.0 0.0 0.0 0.0 0.0 0.0 0.0 
2678 1 0.0 0.0 0.0 0.0 0.0 0.0 0.0 
2679 1 0.0 0.0 0.0 0.0 0.0 0.0 0.0 
2680 1 0.0 0.0 0.0 0.0 0.0 0.0 0.0 
2681 1 0.0 0.0 0.0 0.0 0.0 0.0 0.0 
2682 1 0.0 0.0 0.0 0.0 0.0 0.0 0.0 
2683 1 0.0 0.0 0.0 0.0 0.0 0.0 0.0 
2684 1 0.0 0.0 0.0 0.0 0.0 0.0 0.0 
2685 1 0.0 0.0 0.0 0.0 0.0 0.0 0.0 
2686 1 0.0 0.0 0.0 0.0 0.0 0.0 0.0 
2687 1 0.0 0.0 0.0 0.0 0.0 0.0 0.0 
2688 1 0.0 0.0 0.0 0.0 0.0 0.0 0.0 
2689 1 0.0 0.0 0.0 0.0 0.0 0.0 0.0 
2690 1 0.0 0.0 0.0 0.0 0.0 0.0 0.0 
2691 1 0.0 0.0 0.0 0.0 0.0 0.0 0.0 
2692 1 0.0 0.0 0.0 0.0 0.0 0.0 0.0 
2693 1 0.0 0.0 0.0 0.0 0.0 0.0 0.0 
2694 1 0.0 0.0 0.0 0.0 0.0 0.0 0.0 
2695 1 0.0 0.0 0.0 0.0 0.0 0.0 0.0 
2696 1 0.0 0.0 0.0 0.0 0.0 0.0 0.0 
2697 1 0.0 0.0 0.0 0.0 0.0 0.0 0.0 
2698 1 0.0 0.0 0.0 0.0 0.0 0.0 0.0 
2699 1 0.0 0.0 0.0 0.0 0.0 0.0 0.0 
2700 1 0.0 0.0 0.0 0.0 0.0 0.0 0.0 
2701 1 0.0 0.0 0.0 0.0 0.0 0.0 0.0 
2702 1 0.0 0.0 0.0 0.0 0.0 0.0 0.0 
2703 1 0.0 0.0 0.0 0.0 0.0 0.0 0.0 
2704 1 0.0 0.0 0.0 0.0 0.0 0.0 0.0 
2705 1 0.0 0.0 0.0 0.0 0.0 0.0 0.0 
2706 1 0.0 0.0 0.0 0.0 0.0 0.0 0.0 
2707 1 0.0 0.0 0.0 0.0 0.0 0.0 0.0 
2708 1 0.0 0.0 0.0 0.0 0.0 0.0 0.0 
2709 1 0.0 0.0 0.0 0.0 0.0 0.0 0.0 
2710 1 0.0 0.0 0.0 0.0 0.0 0.0 0.0 
2711 1 0.0 0.0 0.0 0.0 0.0 0.0 0.0 
2712 1 0.0 0.0 0.0 0.0 0.0 0.0 0.0 
2713 1 0.0 0.0 0.0 0.0 0.0 0.0 0.0 
2714 1 0.0 0.0 0.0 0.0 0.0 0.0 0.0 
2715 1 0.0 0.0 0.0 0.0 0.0 0.0 0.0 
2716 1 0.0 0.0 0.0 0.0 0.0 0.0 0.0 
2717 1 0.0 0.0 0.0 0.0 0.0 0.0 0.0 
2718 1 0.0 0.0 0.0 0.0 0.0 0.0 0.0 
2719 1 0.0 0.0 0.0 0.0 0.0 0.0 0.0 
2720 1 0.0 0.0 0.0 0.0 0.0 0.0 0.0 
2721 1 0.0 0.0 0.0 0.0 0.0 0.0 0.0 
2722 1 0.0 0.0 0.0 0.0 0.0 0.0 0.0 
2723 1 0.0 0.0 0.0 0.0 0.0 0.0 0.0 
2724 1 0.0 0.0 0.0 0.0 0.0 0.0 0.0 
2725 1 0.0 0.0 0.0 0.0 0.0 0.0 0.0 
2726 1 0.0 0.0 0.0 0.0 0.0 0.0 0.0 
2727 1 0.0 0.0 0.0 0.0 0.0 0.0 0.0 
2728 1 0.0 0.0 0.0 0.0 0.0 0.0 0.0 
2729 1 0.0 0.0 0.0 0.0 0.0 0.0 0.0 
2730 1 0.0 0.0 0.0 0.0 0.0 0.0 0.0 
2731 1 0.0 0.0 0.0 0.0 0.0 0.0 0.0 
2732 1 0.0 0.0 0.0 0.0 0.0 0.0 0.0 
2733 1 0.0 0.0 0.0 0.0 0.0 0.0 0.0 
2734 1 0.0 0.0 0.0 0.0 0.0 0.0 0.0 
2735 1 0.0 0.0 0.0 0.0 0.0 0.0 0.0 
2736 1 0.0 0.0 0.0 0.0 0.0 0.0 0.0 
2737 1 0.0 0.0 0.0 0.0 0.0 0.0 0.0 
2738 1 0.0 0.0 0.0 0.0 0.0 0.0 0.0 
2739 1 0.0 0.0 0.0 0.0 0.0 0.0 0.0 
2740 1 0.0 0.0 0.0 0.0 0.0 0.0 0.0 
2741 1 0.0 0.0 0.0 0.0 0.0 0.0 0.0 
2742 1 0.0 0.0 0.0 0.0 0.0 0.0 0.0 
2743 1 0.0 0.0 0.0 0.0 0.0 0.0 0.0 
2744 1 0.0 0.0 0.0 0.0 0.0 0.0 0.0 
2745 1 0.0 0.0 0.0 0.0 0.0 0.0 0.0 
2746 1 0.0 0.0 0.0 0.0 0.0 0.0 0.0 
2747 1 0.0 0.0 0.0 0.0 0.0 0.0 0.0 
2748 1 0.0 0.0 0.0 0.0 0.0 0.0 0.0 
2749 1 0.0 0.0 0.0 0.0 0.0 0.0 0.0 
2750 1 0.0 0.0 0.0 0.0 0.0 0.0 0.0 
2751 1 0.0 0.0 0.0 0.0 0.0 0.0 0.0 
2752 1 0.0 0.0 0.0 0.0 0.0 0.0 0.0 
2753 1 0.0 0.0 0.0 0.0 0.0 0.0 0.0 
2754 1 0.0 0.0 0.0 0.0 0.0 0.0 0.0 
2755 1 0.0 0.0 0.0 0.0 0.0 0.0 0.0 
2756 1 0.0 0.0 0.0 0.0 0.0 0.0 0.0 
2757 1 0.0 0.0 0.0 0.0 0.0 0.0 0.0 
2758 1 0.0 0.0 0.0 0.0 0.0 0.0 0.0 
2759 1 0.0 0.0 0.0 0.0 0.0 0.0 0.0 
2760 1 0.0 0.0 0.0 0.0 0.0 0.0 0.0 
2761 1 0.0 0.0 0.0 0.0 0.0 0.0 0.0 
2762 1 0.0 0.0 0.0 0.0 0.0 0.0 0.0 
2763 1 0.0 0.0 0.0 0.0 0.0 0.0 0.0 
2764 1 0.0 0.0 0.0 0.0 0.0 0.0 0.0 
2765 1 0.0 0.0 0.0 0.0 0.0 0.0 0.0 
2766 1 0.0 0.0 0.0 0.0 0.0 0.0 0.0 
2767 1 0.0 0.0 0.0 0.0 0.0 0.0 0.0 
2768 1 0.0 0.0 0.0 0.0 0.0 0.0 0.0 
2769 1 0.0 0.0 0.0 0.0 0.0 0.0 0.0 
2770 1 0.0 0.0 0.0 0.0 0.0 0.0 0.0 
2771 1 0.0 0.0 0.0 0.0 0.0 0.0 0.0 
2772 1 0.0 0.0 0.0 0.0 0.0 0.0 0.0 
2773 1 0.0 0.0 0.0 0.0 0.0 0.0 0.0 
2774 1 0.0 0.0 0.0 0.0 0.0 0.0 0.0 
2775 1 0.0 0.0 0.0 0.0 0.0 0.0 0.0 
2776 1 0.0 0.0 0.0 0.0 0.0 0.0 0.0 
2777 1 0.0 0.0 0.0 0.0 0.0 0.0 0.0 
2778 1 0.0 0.0 0.0 0.0 0.0 0.0 0.0 
2779 1 0.0 0.0 0.0 0.0 0.0 0.0 0.0 
2780 1 0.0 0.0 0.0 0.0 0.0 0.0 0.0 
2781 1 0.0 0.0 0.0 0.0 0.0 0.0 0.0 
2782 1 0.0 0.0 0.0 0.0 0.0 0.0 0.0 
2783 1 0.0 0.0 0.0 0.0 0.0 0.0 0.0 
2784 1 0.0 0.0 0.0 0.0 0.0 0.0 0.0 
2785 1 0.0 0.0 0.0 0.0 0.0 0.0 0.0 
2786 1 0.0 0.0 0.0 0.0 0.0 0.0 0.0 
2787 1 0.0 0.0 0.0 0.0 0.0 0.0 0.0 
2788 1 0.0 0.0 0.0 0.0 0.0 0.0 0.0 
2789 1 0.0 0.0 0.0 0.0 0.0 0.0 0.0 
2790 1 0.0 0.0 0.0 0.0 0.0 0.0 0.0 
2791 1 0.0 0.0 0.0 0.0 0.0 0.0 0.0 
2792 1 0.0 0.0 0.0 0.0 0.0 0.0 0.0 
2793 1 0.0 0.0 0.0 0.0 0.0 0.0 0.0 
2794 1 0.0 0.0 0.0 0.0 0.0 0.0 0.0 
2795 1 0.0 0.0 0.0 0.0 0.0 0.0 0.0 
2796 1 0.0 0.0 0.0 0.0 0.0 0.0 0.0 
2797 1 0.0 0.0 0.0 0.0 0.0 0.0 0.0 
2798 1 0.0 0.0 0.0 0.0 0.0 0.0 0.0 
2799 1 0.0 0.0 0.0 0.0 0.0 0.0 0.0 
2800 1 0.0 0.0 0.0 0.0 0.0 0.0 0.0 
2801 1 0.0 0.0 0.0 0.0 0.0 0.0 0.0 
2802 1 0.0 0.0 0.0 0.0 0.0 0.0 0.0 
2803 1 0.0 0.0 0.0 0.0 0.0 0.0 0.0 
2804 1 0.0 0.0 0.0 0.0 0.0 0.0 0.0 
2805 1 0.0 0.0 0.0 0.0 0.0 0.0 0.0 
2806 1 0.0 0.0 0.0 0.0 0.0 0.0 0.0 
2807 1 0.0 0.0 0.0 0.0 0.0 0.0 0.0 
2808 1 0.0 0.0 0.0 0.0 0.0 0.0 0.0 
2809 1 0.0 0.0 0.0 0.0 0.0 0.0 0.0 
2810 1 0.0 0.0 0.0 0.0 0.0 0.0 0.0 
2811 1 0.0 0.0 0.0 0.0 0.0 0.0 0.0 
2812 1 0.0 0.0 0.0 0.0 0.0 0.0 0.0 
2813 1 0.0 0.0 0.0 0.0 0.0 0.0 0.0 
2814 1 0.0 0.0 0.0 0.0 0.0 0.0 0.0 
2815 1 0.0 0.0 0.0 0.0 0.0 0.0 0.0 
2816 1 0.0 0.0 0.0 0.0 0.0 0.0 0.0 
2817 1 0.0 0.0 0.0 0.0 0.0 0.0 0.0 
2818 1 0.0 0.0 0.0 0.0 0.0 0.0 0.0 
2819 1 0.0 0.0 0.0 0.0 0.0 0.0 0.0 
2820 1 0.0 0.0 0.0 0.0 0.0 0.0 0.0 
2821 1 0.0 0.0 0.0 0.0 0.0 0.0 0.0 
2822 1 0.0 0.0 0.0 0.0 0.0 0.0 0.0 
2823 1 0.0 0.0 0.0 0.0 0.0 0.0 0.0 
2824 1 0.0 0.0 0.0 0.0 0.0 0.0 0.0 
2825 1 0.0 0.0 0.0 0.0 0.0 0.0 0.0 
2826 1 0.0 0.0 0.0 0.0 0.0 0.0 0.0 
2827 1 0.0 0.0 0.0 0.0 0.0 0.0 0.0 
2828 1 0.0 0.0 0.0 0.0 0.0 0.0 0.0 
2829 1 0.0 0.0 0.0 0.0 0.0 0.0 0.0 
2830 1 0.0 0.0 0.0 0.0 0.0 0.0 0.0 
2831 1 0.0 0.0 0.0 0.0 0.0 0.0 0.0 
2832 1 0.0 0.0 0.0 0.0 0.0 0.0 0.0 
2833 1 0.0 0.0 0.0 0.0 0.0 0.0 0.0 
2834 1 0.0 0.0 0.0 0.0 0.0 0.0 0.0 
2835 1 0.0 0.0 0.0 0.0 0.0 0.0 0.0 
2836 1 0.0 0.0 0.0 0.0 0.0 0.0 0.0 
2837 1 0.0 0.0 0.0 0.0 0.0 0.0 0.0 
2838 1 0.0 0.0 0.0 0.0 0.0 0.0 0.0 
2839 1 0.0 0.0 0.0 0.0 0.0 0.0 0.0 
2840 1 0.0 0.0 0.0 0.0 0.0 0.0 0.0 
2841 1 0.0 0.0 0.0 0.0 0.0 0.0 0.0 
2842 1 0.0 0.0 0.0 0.0 0.0 0.0 0.0 
2843 1 0.0 0.0 0.0 0.0 0.0 0.0 0.0 
2844 1 0.0 0.0 0.0 0.0 0.0 0.0 0.0 
2845 1 0.0 0.0 0.0 0.0 0.0 0.0 0.0 
2846 1 0.0 0.0 0.0 0.0 0.0 0.0 0.0 
2847 1 0.0 0.0 0.0 0.0 0.0 0.0 0.0 
2848 1 0.0 0.0 0.0 0.0 0.0 0.0 0.0 
2849 1 0.0 0.0 0.0 0.0 0.0 0.0 0.0 
2850 1 0.0 0.0 0.0 0.0 0.0 0.0 0.0 
2851 1 0.0 0.0 0.0 0.0 0.0 0.0 0.0 
2852 1 0.0 0.0 0.0 0.0 0.0 0.0 0.0 
2853 1 0.0 0.0 0.0 0.0 0.0 0.0 0.0 
2854 1 0.0 0.0 0.0 0.0 0.0 0.0 0.0 
2855 1 0.0 0.0 0.0 0.0 0.0 0.0 0.0 
2856 1 0.0 0.0 0.0 0.0 0.0 0.0 0.0 
2857 1 0.0 0.0 0.0 0.0 0.0 0.0 0.0 
2858 1 0.0 0.0 0.0 0.0 0.0 0.0 0.0 
2859 1 0.0 0.0 0.0 0.0 0.0 0.0 0.0 
2860 1 0.0 0.0 0.0 0.0 0.0 0.0 0.0 
2861 1 0.0 0.0 0.0 0.0 0.0 0.0 0.0 
2862 1 0.0 0.0 0.0 0.0 0.0 0.0 0.0 
2863 1 0.0 0.0 0.0 0.0 0.0 0.0 0.0 
2864 1 0.0 0.0 0.0 0.0 0.0 0.0 0.0 
2865 1 0.0 0.0 0.0 0.0 0.0 0.0 0.0 
2866 1 0.0 0.0 0.0 0.0 0.0 0.0 0.0 
2867 1 0.0 0.0 0.0 0.0 0.0 0.0 0.0 
2868 1 0.0 0.0 0.0 0.0 0.0 0.0 0.0 
2869 1 0.0 0.0 0.0 0.0 0.0 0.0 0.0 
2870 1 0.0 0.0 0.0 0.0 0.0 0.0 0.0 
2871 1 0.0 0.0 0.0 0.0 0.0 0.0 0.0 
2872 1 0.0 0.0 0.0 0.0 0.0 0.0 0.0 
2873 1 0.0 0.0 0.0 0.0 0.0 0.0 0.0 
2874 1 0.0 0.0 0.0 0.0 0.0 0.0 0.0 
2875 1 0.0 0.0 0.0 0.0 0.0 0.0 0.0 
2876 1 0.0 0.0 0.0 0.0 0.0 0.0 0.0 
2877 1 0.0 0.0 0.0 0.0 0.0 0.0 0.0 
2878 1 0.0 0.0 0.0 0.0 0.0 0.0 0.0 
2879 1 0.0 0.0 0.0 0.0 0.0 0.0 0.0 
2880 1 0.0 0.0 0.0 0.0 0.0 0.0 0.0 
2881 1 0.0 0.0 0.0 0.0 0.0 0.0 0.0 
2882 1 0.0 0.0 0.0 0.0 0.0 0.0 0.0 
2883 1 0.0 0.0 0.0 0.0 0.0 0.0 0.0 
2884 1 0.0 0.0 0.0 0.0 0.0 0.0 0.0 
2885 1 0.0 0.0 0.0 0.0 0.0 0.0 0.0 
2886 1 0.0 0.0 0.0 0.0 0.0 0.0 0.0 
2887 1 0.0 0.0 0.0 0.0 0.0 0.0 0.0 
2888 1 0.0 0.0 0.0 0.0 0.0 0.0 0.0 
2889 1 0.0 0.0 0.0 0.0 0.0 0.0 0.0 
2890 1 0.0 0.0 0.0 0.0 0.0 0.0 0.0 
2891 1 0.0 0.0 0.0 0.0 0.0 0.0 0.0 
2892 1 0.0 0.0 0.0 0.0 0.0 0.0 0.0 
2893 1 0.0 0.0 0.0 0.0 0.0 0.0 0.0 
2894 1 0.0 0.0 0.0 0.0 0.0 0.0 0.0 
2895 1 0.0 0.0 0.0 0.0 0.0 0.0 0.0 
2896 1 0.0 0.0 0.0 0.0 0.0 0.0 0.0 
2897 1 0.0 0.0 0.0 0.0 0.0 0.0 0.0 
2898 1 0.0 0.0 0.0 0.0 0.0 0.0 0.0 
2899 1 0.0 0.0 0.0 0.0 0.0 0.0 0.0 
2900 1 0.0 0.0 0.0 0.0 0.0 0.0 0.0 
2901 1 0.0 0.0 0.0 0.0 0.0 0.0 0.0 
2902 1 0.0 0.0 0.0 0.0 0.0 0.0 0.0 
2903 1 0.0 0.0 0.0 0.0 0.0 0.0 0.0 
2904 1 0.0 0.0 0.0 0.0 0.0 0.0 0.0 
2905 1 0.0 0.0 0.0 0.0 0.0 0.0 0.0 
2906 1 0.0 0.0 0.0 0.0 0.0 0.0 0.0 
2907 1 0.0 0.0 0.0 0.0 0.0 0.0 0.0 
2908 1 0.0 0.0 0.0 0.0 0.0 0.0 0.0 
2909 1 0.0 0.0 0.0 0.0 0.0 0.0 0.0 
2910 1 0.0 0.0 0.0 0.0 0.0 0.0 0.0 
2911 1 0.0 0.0 0.0 0.0 0.0 0.0 0.0 
2912 1 0.0 0.0 0.0 0.0 0.0 0.0 0.0 
2913 1 0.0 0.0 0.0 0.0 0.0 0.0 0.0 
2914 1 0.0 0.0 0.0 0.0 0.0 0.0 0.0 
2915 1 0.0 0.0 0.0 0.0 0.0 0.0 0.0 
2916 1 0.0 0.0 0.0 0.0 0.0 0.0 0.0 
2917 1 0.0 0.0 0.0 0.0 0.0 0.0 0.0 
2918 1 0.0 0.0 0.0 0.0 0.0 0.0 0.0 
2919 1 0.0 0.0 0.0 0.0 0.0 0.0 0.0 
2920 1 0.0 0.0 0.0 0.0 0.0 0.0 0.0 
2921 1 0.0 0.0 0.0 0.0 0.0 0.0 0.0 
2922 1 0.0 0.0 0.0 0.0 0.0 0.0 0.0 
2923 1 0.0 0.0 0.0 0.0 0.0 0.0 0.0 
2924 1 0.0 0.0 0.0 0.0 0.0 0.0 0.0 
2925 1 0.0 0.0 0.0 0.0 0.0 0.0 0.0 
2926 1 0.0 0.0 0.0 0.0 0.0 0.0 0.0 
2927 1 0.0 0.0 0.0 0.0 0.0 0.0 0.0 
2928 1 0.0 0.0 0.0 0.0 0.0 0.0 0.0 
2929 1 0.0 0.0 0.0 0.0 0.0 0.0 0.0 
2930 1 0.0 0.0 0.0 0.0 0.0 0.0 0.0 
2931 1 0.0 0.0 0.0 0.0 0.0 0.0 0.0 
2932 1 0.0 0.0 0.0 0.0 0.0 0.0 0.0 
2933 1 0.0 0.0 0.0 0.0 0.0 0.0 0.0 
2934 1 0.0 0.0 0.0 0.0 0.0 0.0 0.0 
2935 1 0.0 0.0 0.0 0.0 0.0 0.0 0.0 
2936 1 0.0 0.0 0.0 0.0 0.0 0.0 0.0 
2937 1 0.0 0.0 0.0 0.0 0.0 0.0 0.0 
2938 1 0.0 0.0 0.0 0.0 0.0 0.0 0.0 
2939 1 0.0 0.0 0.0 0.0 0.0 0.0 0.0 
2940 1 0.0 0.0 0.0 0.0 0.0 0.0 0.0 
2941 1 0.0 0.0 0.0 0.0 0.0 0.0 0.0 
2942 1 0.0 0.0 0.0 0.0 0.0 0.0 0.0 
2943 1 0.0 0.0 0.0 0.0 0.0 0.0 0.0 
2944 1 0.0 0.0 0.0 0.0 0.0 0.0 0.0 
2945 1 0.0 0.0 0.0 0.0 0.0 0.0 0.0 
2946 1 0.0 0.0 0.0 0.0 0.0 0.0 0.0 
2947 1 0.0 0.0 0.0 0.0 0.0 0.0 0.0 
2948 1 0.0 0.0 0.0 0.0 0.0 0.0 0.0 
2949 1 0.0 0.0 0.0 0.0 0.0 0.0 0.0 
2950 1 0.0 0.0 0.0 0.0 0.0 0.0 0.0 
2951 1 0.0 0.0 0.0 0.0 0.0 0.0 0.0 
2952 1 0.0 0.0 0.0 0.0 0.0 0.0 0.0 
2953 1 0.0 0.0 0.0 0.0 0.0 0.0 0.0 
2954 1 0.0 0.0 0.0 0.0 0.0 0.0 0.0 
2955 1 0.0 0.0 0.0 0.0 0.0 0.0 0.0 
2956 1 0.0 0.0 0.0 0.0 0.0 0.0 0.0 
2957 1 0.0 0.0 0.0 0.0 0.0 0.0 0.0 
2958 1 0.0 0.0 0.0 0.0 0.0 0.0 0.0 
2959 1 0.0 0.0 0.0 0.0 0.0 0.0 0.0 
2960 1 0.0 0.0 0.0 0.0 0.0 0.0 0.0 
2961 1 0.0 0.0 0.0 0.0 0.0 0.0 0.0 
2962 1 0.0 0.0 0.0 0.0 0.0 0.0 0.0 
2963 1 0.0 0.0 0.0 0.0 0.0 0.0 0.0 
2964 1 0.0 0.0 0.0 0.0 0.0 0.0 0.0 
2965 1 0.0 0.0 0.0 0.0 0.0 0.0 0.0 
2966 1 0.0 0.0 0.0 0.0 0.0 0.0 0.0 
2967 1 0.0 0.0 0.0 0.0 0.0 0.0 0.0 
2968 1 0.0 0.0 0.0 0.0 0.0 0.0 0.0 
2969 1 0.0 0.0 0.0 0.0 0.0 0.0 0.0 
2970 1 0.0 0.0 0.0 0.0 0.0 0.0 0.0 
2971 1 0.0 0.0 0.0 0.0 0.0 0.0 0.0 
2972 1 0.0 0.0 0.0 0.0 0.0 0.0 0.0 
2973 1 0.0 0.0 0.0 0.0 0.0 0.0 0.0 
2974 1 0.0 0.0 0.0 0.0 0.0 0.0 0.0 
2975 1 0.0 0.0 0.0 0.0 0.0 0.0 0.0 
2976 1 0.0 0.0 0.0 0.0 0.0 0.0 0.0 
2977 1 0.0 0.0 0.0 0.0 0.0 0.0 0.0 
2978 1 0.0 0.0 0.0 0.0 0.0 0.0 0.0 
2979 1 0.0 0.0 0.0 0.0 0.0 0.0 0.0 
2980 1 0.0 0.0 0.0 0.0 0.0 0.0 0.0 
2981 1 0.0 0.0 0.0 0.0 0.0 0.0 0.0 
2982 1 0.0 0.0 0.0 0.0 0.0 0.0 0.0 
2983 1 0.0 0.0 0.0 0.0 0.0 0.0 0.0 
2984 1 0.0 0.0 0.0 0.0 0.0 0.0 0.0 
2985 1 0.0 0.0 0.0 0.0 0.0 0.0 0.0 
2986 1 0.0 0.0 0.0 0.0 0.0 0.0 0.0 
2987 1 0.0 0.0 0.0 0.0 0.0 0.0 0.0 
2988 1 0.0 0.0 0.0 0.0 0.0 0.0 0.0 
2989 1 0.0 0.0 0.0 0.0 0.0 0.0 0.0 
2990 1 0.0 0.0 0.0 0.0 0.0 0.0 0.0 
2991 1 0.0 0.0 0.0 0.0 0.0 0.0 0.0 
2992 1 0.0 0.0 0.0 0.0 0.0 0.0 0.0 
2993 1 0.0 0.0 0.0 0.0 0.0 0.0 0.0 
2994 1 0.0 0.0 0.0 0.0 0.0 0.0 0.0 
2995 1 0.0 0.0 0.0 0.0 0.0 0.0 0.0 
2996 1 0.0 0.0 0.0 0.0 0.0 0.0 0.0 
2997 1 0.0 0.0 0.0 0.0 0.0 0.0 0.0 
2998 1 0.0 0.0 0.0 0.0 0.0 0.0 0.0 
2999 1 0.0 0.0 0.0 0.0 0.0 0.0 0.0 
3000 1 0.0 0.0 0.0 0.0 0.0 0.0 0.0 
3001 1 0.0 0.0 0.0 0.0 0.0 0.0 0.0 
3002 1 0.0 0.0 0.0 0.0 0.0 0.0 0.0 
3003 1 0.0 0.0 0.0 0.0 0.0 0.0 0.0 
3004 1 0.0 0.0 0.0 0.0 0.0 0.0 0.0 
3005 1 0.0 0.0 0.0 0.0 0.0 0.0 0.0 
3006 1 0.0 0.0 0.0 0.0 0.0 0.0 0.0 
3007 1 0.0 0.0 0.0 0.0 0.0 0.0 0.0 
3008 1 0.0 0.0 0.0 0.0 0.0 0.0 0.0 
3009 1 0.0 0.0 0.0 0.0 0.0 0.0 0.0 
3010 1 0.0 0.0 0.0 0.0 0.0 0.0 0.0 
3011 1 0.0 0.0 0.0 0.0 0.0 0.0 0.0 
3012 1 0.0 0.0 0.0 0.0 0.0 0.0 0.0 
3013 1 0.0 0.0 0.0 0.0 0.0 0.0 0.0 
