Density,U_0,r0,n
0.00237367243522384,45.385078361580504,2.163871453913841,11.199892340219634
