Density,U_0,r0,n
0.0032287229921800593,100.0,2.1390368877411365,16.9873819044512
