Density,U_0,r0,n
0.005,58.39825566928612,2.2,18.176733114656816
