Density,U_0,r0,n
0.0007723597468359222,0.1,2.0769629027067587,27.263004193842647
