Density,U_0,r0,n
0.005,85.23312941736881,2.12033438745102,30.0
