Density,U_0,r0,n
0.0028479382948799377,0.1,2.0,15.07041023606981
