Density,U_0,r0,n
0.004937059714289797,2.107682782129453,2.0,0.1
