# Cluster list (3088 data points):
# "Cluster Identifier" "Cluster Size" "Radius of Gyration" "Gyration Tensor.XX" "Gyration Tensor.YY" "Gyration Tensor.ZZ" "Gyration Tensor.XY" "Gyration Tensor.XZ" "Gyration Tensor.YZ"
1 14 4.115347096 6.9843343224 5.1997162231 4.7520311754 2.0150501483 1.5579174251 0.6253552793 
2 12 3.8663299153 5.0175389067 5.8249734066 4.1059947004 2.3485354369 3.3622886137 1.4830930199 
3 12 5.1778435799 9.5536867088 6.3875017386 10.8688756906 0.4958547149 -1.1039518459 7.1703260045 
4 12 4.673003464 6.9228068205 4.3723174995 10.5418370546 -3.3591399634 -4.0927606321 0.0314490135 
5 10 3.9748075609 4.892359552 7.0265100682 3.8802255258 -3.5467442514 2.5996520542 -3.2198935323 
6 10 4.1518259229 4.6864426782 6.0468902371 6.5043255785 -4.265261572 -2.6124062805 1.1201804247 
7 9 3.667468354 1.5263083171 10.8375461666 1.0864696439 -1.2700696278 0.3895206378 -0.4526328823 
8 9 3.1871615906 4.0442655942 0.8672284917 5.2465049186 -0.170084063 1.2900670095 0.429732216 
9 8 3.1768716729 3.6716574089 2.678262853 3.742593364 -1.5586548549 2.0427683135 -0.0226906373 
10 8 3.5049472993 4.1898372533 2.3386406705 5.756177647 -0.546235607 -1.6595344019 2.360116127 
11 8 4.0745717862 3.9523531879 3.8118860745 8.8378959787 2.4974819349 5.1832850959 2.2609118438 
12 8 4.0927012074 4.3202289542 2.4565010096 9.9734732094 -0.0894038299 3.0484835342 -3.3385571226 
13 8 3.1997692617 4.1788517861 3.6460134283 2.4136581134 -0.7150461057 -1.3481631908 2.1593846332 
14 8 2.9327604204 2.0252549671 3.8267264468 2.7491022695 0.7933566533 -1.0439665413 0.6781610794 
15 8 3.6130553651 6.7545937339 5.5661038181 0.7334715192 5.2072916823 0.8491388828 1.1591630829 
16 8 3.1886727197 3.583802844 3.2828526497 3.3009782196 -2.5613426023 -0.0907378621 -0.8507778287 
17 7 4.5173028099 3.5693423098 12.8082921605 4.0283902062 -5.5949855647 2.9462236257 -6.1024020273 
18 7 3.3421801658 0.9209362924 2.0602043099 8.1890276586 -0.4258682154 -0.4308065487 2.3416970911 
19 7 3.9080024914 6.4244201739 3.4437628638 5.4043004349 -2.9889447768 -5.0133767731 3.7711550621 
20 7 4.092629388 12.2481433164 1.3750145062 3.1264574849 0.5658111638 4.5521634175 -0.8964354795 
21 7 4.6645609637 3.1075775795 16.7306235142 1.9199278906 -6.3523591837 1.3026185051 -4.5878367502 
22 7 2.903925298 6.4872533218 1.147358067 0.7981707477 0.4955630805 -0.8270701347 -0.1975106011 
23 7 2.8966761587 2.4415310138 3.3763826574 2.5728190969 1.8231418471 0.3470633094 2.1769482334 
24 7 3.0249487663 4.4426542438 1.8168023715 2.8908584233 -1.0298115852 1.7721728221 -1.0945395962 
25 7 3.9030812666 5.313792 3.1806800288 6.7395713448 -2.4191603605 0.8740317853 -2.7619676596 
26 7 3.2041630872 2.1427508214 3.0192830818 5.1046271859 -2.0647579493 2.3775779897 -3.1844038789 
27 7 3.2787438448 7.0847464749 0.3282086853 3.3372060399 0.7442302856 -3.84284562 -0.0890382965 
28 7 3.5199315539 3.6011763564 4.4737744994 4.314967288 -3.082756836 0.1164181352 -2.297705051 
29 6 2.752330698 2.7078001883 1.163589206 3.7039348768 -0.0692768616 1.6951150673 -0.932078226 
30 6 3.2104119266 6.2166347908 2.3039229393 1.7861870085 -1.6965699482 -1.4029377174 1.4221272387 
31 6 2.9227892849 2.4698056545 3.2836601446 2.7892314046 -2.6089714717 0.5425791317 -1.4998845651 
32 6 3.3516077062 5.0394219931 3.1852462467 3.0086059763 0.4296230512 -3.121629428 0.4301029793 
33 6 3.1171254995 1.1854284641 1.3616994366 7.1693434789 -0.0280540228 -0.1265735079 -0.3030207405 
34 6 3.2373277264 2.5132254742 6.0174968583 1.9495684759 2.6738245279 0.7081969213 0.6919759265 
35 6 2.2992564436 1.7179584594 0.3778989323 3.1907228019 0.3696143672 0.7231803061 0.1088503928 
36 6 3.3389764546 7.1061890911 2.0862909919 1.9562836813 -3.2953509433 -2.223614946 0.8224397091 
37 6 2.9022361295 3.1928711555 2.7217661269 2.5083372691 0.176622306 -2.1902353635 0.9344238444 
38 6 3.1072371326 4.1100762569 2.6347500436 2.9100962975 2.3245118757 2.3922743639 1.8099469992 
39 6 3.7606430497 0.1916868528 12.4442621487 1.5064871456 0.5765196951 0.1143474334 -2.5673015316 
40 6 2.5259422445 2.4346593246 3.0188840622 0.926840836 2.3797440583 0.0285841836 0.0064190865 
41 6 3.1046786833 7.0549108707 0.449946543 2.1341723126 -1.407313376 2.7569887684 -0.598847891 
42 6 3.4603255973 0.8941772109 5.6940705667 5.3856054615 1.6698754753 0.853181852 4.8482286537 
43 6 3.2636385192 3.4515334139 6.2012478199 0.9985551501 -3.636354104 1.4600799161 -1.4681173513 
44 6 4.1058742868 1.3471526847 8.403819001 7.1072319734 -2.4165227731 -1.6095923358 6.0037848332 
45 6 3.8374451518 4.8836439635 5.2340074724 4.6083338575 4.399426527 -4.0460802814 -2.6020587014 
46 6 2.6857145767 4.905154861 1.1475324176 1.1603755091 0.056459696 0.2832070958 -0.5691144462 
47 6 3.0525615812 3.080472364 1.3124345644 4.9252252787 -1.085298953 -3.4344918406 0.9161496143 
48 6 3.2155417155 1.8921678216 7.9602346568 0.4873060458 0.9809608407 -0.7903869611 -0.9277040014 
49 6 3.567615791 4.3684768067 4.3867566501 3.9726489752 -3.6084320965 3.1925746263 -3.3936410028 
50 6 2.6735002989 2.1717892417 1.9113058029 3.0645088034 0.2889038752 1.1914478654 -0.5576131474 
51 6 4.0389979942 12.3753451438 1.7287245451 2.2094351084 -0.3294608959 -4.8576188214 -0.1965291738 
52 6 2.4065384667 0.4597589765 0.9659665543 4.365701861 -0.5149431464 0.6876195072 -1.5856171685 
53 6 2.8131514915 3.3692710133 2.4932859103 2.0512643907 2.2862945487 0.3274116829 0.1757616235 
54 6 2.9721188217 0.404251943 4.9163105982 3.5129277491 0.3131473817 -0.0434947175 2.4460228616 
55 6 2.6444034765 3.0697817998 1.4999625402 2.4231254063 -1.9652920717 1.6416066833 -0.7129720257 
56 5 3.0790999805 7.5951661956 1.6528905468 0.2327999475 -1.6392934437 -1.2155995521 0.0486685282 
57 5 3.1485854558 0.8463373365 2.5425996018 6.5246534342 0.9821932351 -0.7239974437 -1.9461064109 
58 5 2.3950736088 2.5435180291 2.4225364696 0.7703230927 0.7119380381 -0.5289107659 0.0535239778 
59 5 2.7796756401 5.544648565 0.9272605548 1.2546875444 0.3188711312 0.831647416 0.9367454586 
60 5 2.2077050964 0.709114077 1.9267453093 2.2381024065 0.6996876146 0.1381791693 -0.8128869452 
61 5 3.0865745953 4.4070090545 1.908941182 3.210992496 1.3965239055 -2.4198641725 -2.2793870202 
62 5 2.4864068892 4.0400588496 1.0850172284 1.0571431409 1.8496908409 0.3701779367 0.2726955668 
63 5 2.4771336858 2.1606666839 1.3202200511 2.6553045622 0.6043420621 -1.2853511671 -1.6494342189 
64 5 3.5356574779 2.0969113373 10.0636100727 0.3403523913 -4.2925580316 0.6137256362 -1.3231208333 
65 5 2.8326348866 0.4291357613 2.400933972 5.1937506677 0.8161212737 1.3106859272 3.2808647063 
66 5 2.8497033836 1.8533449608 2.4483612817 3.8191031323 1.2778242935 2.2138053608 1.8716967832 
67 5 2.1187322536 1.8073572351 1.0591278052 1.6225413222 0.5704757775 0.7042046091 0.3833482113 
68 5 2.8713887926 4.7522602227 0.8599467531 2.6326666227 0.7194781862 -2.9928035635 -0.7037594648 
69 5 3.1298018912 1.3768480041 6.5875359736 1.8312759004 1.6740941101 -1.2708172445 -2.8899735458 
70 5 2.6378297675 2.9531295603 1.3350548009 2.6699615213 -0.4654958222 0.8365922619 -0.9308768866 
71 5 3.2388415009 4.4954690877 0.5591834511 5.4354417294 -1.4304044936 -2.4087554636 0.3229934034 
72 5 1.8464505853 0.9571376309 1.5756816204 0.8765605127 0.6717034158 0.7466869356 0.3005630229 
73 5 3.0616189193 0.8438897852 1.2572409159 7.272379706 -0.5794926324 1.8619683968 -1.7134460633 
74 5 2.925168988 4.5976931811 3.2110580871 0.7478623403 -2.6776586517 -0.2018619962 -0.9264312451 
75 5 2.7192667112 1.9782355623 2.4078993921 3.0082764923 -0.3480465511 1.7507162078 -1.7138306865 
76 5 2.3659502566 1.4527961066 3.1103483491 1.0345761608 -0.2042531137 0.9348527021 -1.0166790427 
77 5 3.765252508 6.2379442679 4.9251148996 3.0140672813 5.1910847395 -3.938820016 -2.8372918151 
78 5 3.2098893306 3.6633296134 2.2450824275 4.3949774737 -2.2111267172 1.3857081278 -2.6382963221 
79 5 2.8430172664 5.5971700921 1.2594891912 1.2260878939 1.3547863559 -1.498764422 0.4397351202 
80 5 3.5325407006 5.8754198957 2.2788059007 4.3246180051 3.4297958219 -4.27663475 -3.0212084249 
81 5 2.4958804051 2.1475801026 1.1481100159 2.9337288779 -0.5827162152 0.1988840593 -1.6680844875 
82 5 3.2361365582 4.0407927314 0.6383963745 5.7933907173 0.6111929119 3.793676193 -0.4003296263 
83 5 2.5181437493 0.9355417197 4.1891876757 1.2163185465 1.5354650493 -0.4083982253 0.3739168021 
84 5 2.5706922089 5.6739260891 0.5550912662 0.3794410774 -0.3936256035 -0.1912033463 0.4066025806 
85 5 2.669581979 1.2906276402 3.292338107 2.5437021952 -0.4186358019 0.1775686293 2.1846268787 
86 5 2.6758521839 5.4829446976 0.7831950514 0.894045161 0.0441263081 -1.0457949108 0.422676798 
87 5 2.1370519871 1.6677742026 1.107564554 1.7916524391 0.4101946272 1.3204683113 1.0467263522 
88 5 2.8141837492 4.8007831364 1.8015443307 1.3173027073 2.4227543728 1.4026173862 1.1730746006 
89 5 2.805467476 1.6033146577 5.4064816186 0.8608514827 -0.013948059 -0.8319293594 -1.1606950986 
90 5 3.2317814929 5.90424987 0.5890505598 3.9511111883 1.8222538059 -4.2580996651 -1.1827720909 
91 5 3.2368617395 0.1780539004 9.3606546293 0.9385653907 -0.6528085608 -0.1788103589 0.1533437624 
92 5 3.281903568 5.2170217817 1.8980745665 3.6557946816 1.4670366331 3.8370157408 0.6237016674 
93 5 2.7972923876 1.9627245023 4.5461685961 1.3159516033 -1.6739081196 -0.155495824 1.3361943254 
94 5 2.2722095015 1.3560632564 3.122376669 0.6844960933 0.4631064186 0.4858151626 0.3940683817 
95 5 3.4539529593 1.0999956082 10.1861928789 0.6436025582 -3.0486845001 -0.7424534779 2.1445859903 
96 5 2.329055626 0.9218225815 0.9860260395 3.5166514879 0.8503629244 -0.409886787 -0.0623141423 
97 5 3.0384161466 2.4096550084 5.4817794904 1.340538181 2.6140730061 -0.2910110746 -1.5972905166 
98 5 2.8927679684 2.6623696302 0.7411666232 4.9645702655 0.4813939434 -3.1982098157 -1.002746457 
99 5 2.6969695481 0.9584397698 2.1633749397 4.151830034 0.4653652435 -0.4605164881 0.726274424 
100 5 2.7988270948 3.0281669437 0.5514986942 4.2537674688 -0.7134657931 -3.1987057612 0.1885117508 
101 5 2.8559247828 1.9349459629 3.2033459193 3.0180144829 -1.0582743316 1.6244291269 -2.913449725 
102 5 2.7950529115 1.2493244571 3.4249928675 3.1380034537 -1.1846127172 -0.7757134073 2.6043139521 
103 5 3.2296319267 0.6771796052 7.5264402857 2.2269024907 1.3180606118 0.3621215751 -2.2018853172 
104 5 2.8370328262 1.9051965318 3.4419525374 2.7016061875 -0.5060752354 1.0462833263 1.0463149351 
105 5 2.177184085 3.017466634 0.73244783 0.9902160758 0.3375415922 0.4989139388 -0.4185451045 
106 5 2.5956743086 0.584826742 4.7756320237 1.3770663505 -0.5309042169 0.1557521699 1.7315226738 
107 5 2.5536908458 1.690109293 3.2564791138 1.5747485292 -1.4161251803 -1.1700445949 1.7629011694 
108 5 3.4256720416 1.2219508652 9.0261247072 1.4871533641 2.0594560043 -0.8987820978 -1.9264776259 
109 5 2.4799210988 2.6149133637 2.2894343682 1.2456609243 -2.2847573935 -1.0871833004 1.3538352241 
110 5 3.3311085636 1.4081779155 0.8590691351 8.8290372118 0.9074846008 1.9048248744 1.451864383 
111 5 3.2896513769 2.4736527978 7.9018308473 0.4463225366 3.7964808956 -0.4542609221 0.0384096444 
112 5 2.9616289701 4.103368379 1.153855228 3.5140225494 1.7452730417 3.4718594002 1.513399359 
113 5 2.5662323348 2.1268391401 0.66673087 3.7919783861 0.5323345553 2.2062700951 2.3222300922e-04 
114 5 3.2166526845 7.7564677931 0.9775390958 1.6128476036 1.4685383454 -3.2361545118 -0.8026523788 
115 5 2.7824273245 1.0827793555 1.1130151659 5.5461072946 0.5613660323 1.1600169977 1.7574033954 
116 5 3.365612887 9.0943390598 1.259183464 0.9738275812 -1.7213712629 2.4723607707 -0.8118375677 
117 5 3.3885304851 4.9681120698 3.4520032466 3.062023532 -3.4138096828 2.973661044 -1.6158679947 
118 5 2.9620947729 4.8475827315 0.4530325826 3.4733901297 0.0052376337 -2.0086568363 -0.0676177593 
119 5 2.6674777349 0.4058770204 0.2528202287 6.4567402169 -0.076031479 -0.1958969546 0.8838995919 
120 5 3.4926946416 1.6678149656 4.0857916112 6.4453092827 -2.1223160737 -3.1810108657 3.9426047785 
121 4 2.39500854 0.1378830948 1.3464720212 4.2517107906 -0.2074655914 0.1258424912 1.6882628953 
122 4 1.8929522312 1.9092250519 1.248985553 0.4250575447 0.8365969381 -0.3258452386 0.0484502522 
123 4 2.2698949937 0.3340535991 3.1620208894 1.6563487938 -0.7132248092 0.0977116798 1.3029091378 
124 4 2.0644665612 2.896672846 0.2344281622 1.1309211743 0.0996656685 -1.0503649136 0.3145401773 
125 4 2.1412407662 0.3387102374 1.4534723665 2.7927294151 -0.4773016644 -0.4541329471 1.4511026658 
126 4 2.1469580775 1.5443531997 0.6795515911 2.3855241956 0.2343894315 1.031066225 -0.2804881902 
127 4 2.4423161539 2.0734013733 2.923570284 0.9679365384 -1.2857257151 0.7076990041 0.7676492086 
128 4 2.0497167376 1.1380954374 2.7381038554 0.3251394116 0.8914352042 -0.1625934578 0.6449170646 
129 4 2.8045709128 3.4082363951 3.0440143238 1.4133672859 -2.3806340903 -1.6915314127 1.9158210514 
130 4 2.6196053476 4.5285589683 1.1899699287 1.1438032803 2.0886975804 -1.749349973 -0.5009409499 
131 4 2.3620066531 1.1932279677 3.2315267592 1.1543207026 -1.7950468305 -1.1221004469 1.5568765017 
132 4 3.6558818538 0.7616517595 1.9307260156 10.6730943537 -0.9258524709 -2.4373262205 4.481412546 
133 4 2.6180637121 0.4830826801 0.8965149485 5.4746599718 0.3928402374 -0.1478030898 -1.8245733529 
134 4 2.1452757089 1.2827587542 1.9633584005 1.3560907126 0.0933401624 -0.6530814398 0.9420016558 
135 4 2.376512628 2.7050672011 1.3504081591 1.5923369108 -0.9314459982 -1.2602022983 0.4947822149 
136 4 2.0982536609 0.3475648228 1.3436737959 2.7114298069 0.167393291 0.270633685 0.0446329219 
137 4 2.1502704682 0.6186481072 1.7916799521 2.213335027 -0.2599220704 0.3756856138 1.2634072835 
138 4 2.9971849441 0.8961723711 7.4651913338 0.6217538842 -1.8744852044 -0.116123163 1.4617572024 
139 4 2.2217476066 1.4966809694 1.7779408914 1.6615405664 1.5713784993 -0.0612213089 0.2442991473 
140 4 2.4145938784 4.0112329895 0.6748909179 1.1441396904 1.4051352164 1.04160405 0.6474918806 
141 4 2.5342842835 1.1757032223 3.5353879407 1.7115056664 0.8301751644 -0.0468311691 2.2084068206 
142 4 2.4860019023 2.9734859322 1.8554947019 1.3512248241 1.9749286108 -1.851645168 -1.5032106378 
143 4 2.1984363332 2.7575660856 0.2119900157 1.8635662099 -0.3299128709 -1.3277040967 0.0084245676 
144 4 2.5933290511 2.0351170948 1.6895723431 3.0006661295 -1.6078756589 -0.8776802279 1.2294066658 
145 4 2.5728208914 2.9989211928 0.557855121 3.0626310256 1.194701157 0.968876088 0.1757490122 
146 4 2.4786455486 0.1218803074 1.084732899 4.9370705489 -0.2299697362 0.1267762998 1.2506370461 
147 4 2.0574506476 2.145858914 1.8800974267 0.2071468265 -1.7652402253 -0.0574013927 -0.1176008951 
148 4 2.5631730812 3.2013354204 2.3388289788 1.0296918453 2.4736325988 1.6219588871 1.0457921345 
149 4 2.589996857 1.3136970579 1.3044808583 4.0899058029 -1.0822931113 1.7978985065 -2.3012896316 
150 4 2.4364551747 4.4202408496 0.5723181069 0.9437548621 -1.4007918179 0.2678447206 0.1497571451 
151 4 1.6299025435 0.9160366628 0.9117295543 0.8288160842 0.3914038637 0.5663839322 0.6023606358 
152 4 1.9456969636 2.2080488653 0.0691014119 1.5085863969 3.9000283755e-04 0.9558559219 -0.1776265356 
153 4 2.9959932761 2.3358369184 1.0712453877 5.5688934041 -0.1986397283 -3.5740796016 0.3355658413 
154 4 2.3539493558 1.5760539955 3.7860128786 0.1790106956 -0.0618750865 0.2995058026 -0.3121103619 
155 4 2.2952664798 2.6178303009 1.2024813284 1.4479365838 0.5763031184 -1.2121580908 0.7075844891 
156 4 2.6810079903 1.9973375704 1.8968648086 3.2936014652 -1.7477381514 1.5026571022 -2.1300011278 
157 4 2.0025888255 0.2999234435 3.6831426296 0.0272959309 -0.0968626701 -0.0376680185 -0.2689604533 
158 4 2.3095573254 1.6027572174 0.953003156 2.7782946659 -0.8817737959 -1.0648809537 0.3831658863 
159 4 3.016466708 0.8094515202 1.5950336282 6.6945862518 -0.9249911993 -1.81452898 2.9276124977 
160 4 2.5999122804 2.657548824 2.6501854807 1.4518095609 2.1870266217 1.5368698059 1.932720163 
161 4 2.3775412133 1.2562246341 2.1388936985 2.2575838885 0.0780067335 0.301660773 -1.9508305671 
162 4 3.0617574221 8.6226769836 0.2090098273 0.5426717007 -0.2136588297 -0.923454155 0.3202474433 
163 4 2.4021148256 2.6110191987 2.0526208535 1.106515583 -1.6783488858 1.6020487083 -0.8435715251 
164 4 1.8337809238 0.3714628064 1.4607569901 1.5305326798 -0.1035609958 0.6609147774 -0.2120658598 
165 4 2.5883580593 0.2760198454 4.7875889973 1.6359886006 -0.7564025676 0.1905873802 1.4978885633 
166 4 2.1981048447 2.1651426901 2.5282675951 0.1382546231 -2.084081405 -0.0308965035 -0.0436558977 
167 4 1.9774447416 0.5159816865 1.4036013181 1.9907047013 0.5638876996 0.8830491267 1.5686826336 
168 4 2.6689387371 2.8371314072 1.3917588743 2.8943437009 1.7312671705 -2.4456116025 -1.8195146256 
169 4 1.8925243353 3.2087267541 0.1359714819 0.2369501238 0.5356239463 -0.2077209565 0.0189369933 
170 4 1.750871191 0.3325837594 0.099828222 2.6331379461 -0.0250784487 -0.3950729418 0.211704197 
171 4 2.3585250781 2.861891272 2.0209218114 0.6798274605 1.6380815318 -1.1157890769 -0.3869041783 
172 4 1.7560921778 0.6113112741 1.2407258627 1.2318226 0.81170267 -0.3687220802 -0.7094618417 
173 4 2.455354116 0.3232755507 1.8775757805 3.8279125036 -0.2443421426 -0.8541083667 -0.7119946267 
174 4 2.1798822986 0.3636704497 2.3207691513 2.0674472346 -0.6291782982 0.3011678368 -1.6177439918 
175 4 2.8174061948 2.5237272328 4.7382926064 0.6757578271 3.4120672782 0.7815023156 0.9610441104 
176 4 2.9691766201 1.1792201176 3.6315567282 4.0052329558 -0.9600649501 0.7940965288 -3.7903680964 
177 4 2.0110668469 0.2618392377 1.9642042432 1.818346382 -0.0656499205 -0.1366186848 0.136324069 
178 4 2.814740353 0.6784518932 1.8816511272 5.3626602343 -0.2159282165 0.2148572107 -3.1435246857 
179 4 3.0341273177 0.4432944731 8.5516983869 0.2109357202 -1.6210349544 0.0902563108 -0.1368624763 
180 4 1.6465897468 0.9826899806 1.2521475095 0.4764203041 -0.2507992012 0.26814513 -0.5165183418 
181 4 2.4808754178 1.3677446129 3.7177152961 1.0692829295 -0.8721678384 0.4749746147 1.2756687436 
182 4 1.5374700427 0.9883624486 1.2050765755 0.1703751081 0.4384410018 -0.216154515 -0.1548182683 
183 4 2.3453984232 2.7920249562 0.3463286892 2.3625401182 0.0393835282 2.1229687961 0.171299297 
184 4 1.9369186533 1.6244102227 0.2308616795 1.8963819674 -0.5926105234 -0.9538206167 0.2961902265 
185 4 2.6924810773 0.6839840138 1.3236403364 5.2418300015 -0.0944269818 -1.5082943018 -1.0634763812 
186 4 1.7155626032 0.7491796511 1.0824318466 1.1115435479 -0.0169175393 -0.6149866654 0.3701102748 
187 4 2.8407321145 3.480019511 3.3804167256 1.2093227097 -2.0609074367 -1.7270505163 1.2593105015 
188 4 2.3524478327 2.999140618 0.5236306792 2.0112395085 -0.8112913639 1.7456616473 -0.1859456215 
189 4 2.0438871722 0.0895282128 0.6479966337 3.4399499263 0.1737780134 0.5255338882 0.7207493611 
190 4 2.5231320227 3.5656335046 1.1989437765 1.6016179229 -1.956484954 1.2715233621 -1.0462145067 
191 4 2.2561970563 2.1158385693 1.3391356646 1.6354509231 1.5242627427 1.3487722021 1.3849642281 
192 4 2.8183626503 1.1340698568 0.3572849634 6.4518132085 0.4337488708 -1.9788401209 -1.4970436515 
193 4 2.0629885219 0.7205378536 2.5776111187 0.9577726691 -1.3301442067 -0.3370290153 0.8006317774 
194 4 2.495290132 1.7435832404 0.6737363925 3.8091532101 -0.4417763293 2.313310745 -0.8422715667 
195 4 2.5276943071 0.9487137232 4.8471992147 0.5933255722 1.7529633517 -0.5245617564 -0.8968636468 
196 4 2.1700257019 0.6901111604 2.8336103866 1.1852899998 -0.4221184188 0.1835661848 -1.800218204 
197 4 2.361243933 1.1582721966 1.4409515571 2.9762491576 -0.8664004269 -0.937524506 -0.1732523966 
198 4 2.9190373285 1.3029928079 4.8638611534 2.3539249639 -2.341798338 1.6575113013 -2.8167585676 
199 4 3.1387870735 7.3114149304 1.0854799374 1.455089425 -2.8107475837 -1.7325728857 0.7375102526 
200 4 3.0508118551 0.0785920172 7.4241510991 1.8047098592 0.6145799303 0.2443211967 3.2539343685 
201 4 2.3012379271 2.1564996665 0.9347217241 2.2044746065 0.4832785853 -1.8713051331 -1.0913003154 
202 4 1.774228995 0.9122317651 1.8594760576 0.376180704 0.576967899 -0.0028609839 -0.5397258045 
203 4 2.5997049734 3.8717754533 1.9530485035 0.9336419917 1.7322667166 -1.1082040214 -0.6073597499 
204 4 2.1137308635 0.7198527292 2.5040043848 1.2440010494 0.7732337542 0.0174835903 -1.0918865306 
205 4 2.6870770474 4.4693414174 2.1629775846 0.5880640567 2.7376213846 -0.2112933711 0.1862866822 
206 4 1.9427236964 1.2467273089 1.3946999029 1.1327481489 -0.9527042288 -0.3541940207 1.0566717073 
207 4 2.3555861606 3.7751701424 1.27353899 0.5000770273 -1.6802457782 0.2359160367 0.0945845164 
208 4 1.9084936157 0.5593894112 1.5115693918 1.571389078 -0.5256597534 -0.85443565 1.1089286324 
209 4 2.6159381243 1.1144978267 5.0626486088 0.6659858347 1.314034558 -0.69608827 -1.542481762 
210 4 1.8871030279 0.2277390831 2.9595638328 0.3738549219 0.2896554504 0.1199927349 -0.731749935 
211 4 2.4643041567 1.0871816564 0.9871680556 3.9984452648 0.721559909 1.0139181694 1.8485447454 
212 4 2.4258299932 1.4361846028 1.1432278706 3.3052386823 -1.0063295357 1.7718812073 -0.873455836 
213 4 2.4326315933 0.2615306841 1.0466910827 4.6094747019 0.0565052995 1.0549362552 0.0017298028 
214 4 2.1574633173 1.2628433235 1.6257304134 1.7660742286 0.1929902376 -0.7633717802 -0.6296599101 
215 4 2.5686603024 0.1498347741 0.5968698403 5.8513111349 -0.296516787 0.3241342111 -0.484923726 
216 4 2.6981080981 2.7677030534 3.8099632713 0.7021209841 3.1302932716 -1.3305211939 -1.6303142279 
217 4 2.0006365963 0.6645791454 3.0732024156 0.2647652294 0.9384224858 0.2831989528 0.2362080159 
218 4 2.0455329256 0.9343584697 1.543539048 1.7063074322 -0.6193930362 -0.1705586856 -1.1494233304 
219 4 2.4880592417 1.1218063673 0.7821740573 4.2864583658 0.6011284537 -1.1542253921 0.4739460325 
220 4 1.6427900325 0.3199012924 0.5826389552 1.7962188433 0.0293495461 -0.6035836001 -0.6480899149 
221 4 2.604788505 2.8645469959 1.5920689025 2.3283072576 1.830833295 2.2641951737 1.4330335749 
222 4 2.6565851203 0.8010651677 3.8524043485 2.4039749853 -0.8644709515 -0.1726893263 -2.1996157856 
223 4 2.3262872237 0.2129426147 2.1929583846 3.0057112476 -0.2310891062 0.1656422445 -2.5310416992 
224 4 2.4588101612 1.1349948084 4.3760971732 0.5346554272 1.309136499 -0.2503637627 -1.4466268794 
225 3 1.6636681308 1.2179958281 0.5923026632 0.9574931581 -0.0366833287 0.816782688 -0.5167892362 
226 3 1.708849384 2.2609176982 0.2805252757 0.3787232434 0.6270144866 0.8815941426 0.3055525154 
227 3 1.8509194881 2.0398506634 0.9645287007 0.4215235872 -0.3962593149 -0.4650738458 0.6195075761 
228 3 1.6612969789 0.9610099025 0.06447335 1.7344243995 -0.2451656893 -0.0053289316 0.0591936321 
229 3 1.6072369075 0.7576214043 0.0368060642 1.7887830085 -0.1405169105 -0.2637487736 -0.086110296 
230 3 1.4072147602 0.2167249671 0.4191664409 1.3443619734 0.1136358835 -0.1854968202 0.5556697974 
231 3 2.0741587172 1.7951277229 1.4924068851 1.0145997761 -0.9725318946 -1.3319470629 0.881020871 
232 3 2.0125900363 2.0902719733 1.8903005784 0.0699461025 -0.5388673196 -0.3537889966 -0.0415667842 
233 3 1.6722543877 0.372050978 0.2004567931 2.223926966 0.1208908348 0.3971763637 0.6676684446 
234 3 1.7897054217 1.5185503673 1.5749268336 0.1095682957 0.4505264756 0.3811228976 -0.0285429906 
235 3 1.7565155081 1.7677706916 0.9251979922 0.3923780463 -1.2105386453 -0.4745313046 0.1652513409 
236 3 1.6031848549 0.8972845487 1.2738744949 0.3990426356 0.8442421285 0.4253713453 0.0925640871 
237 3 1.9152282853 1.5056329607 1.2668542739 0.8956121502 0.9248382288 0.2356496014 -0.6298840674 
238 3 1.6126070095 0.1902067655 0.619600146 1.7906944558 -0.3423991767 0.3270281614 -0.6517171913 
239 3 1.8779067501 0.4440161732 0.8551192754 2.2273983136 -0.5786515539 -0.4366484938 0.9952092286 
240 3 1.4702456899 1.8591287163 0.0996161789 0.2028774933 0.2292422261 0.1096405055 -0.104860541 
241 3 0.9397249102 0.3690576636 0.2017966963 0.312228547 -0.2460204249 -0.0019141726 0.1099053498 
242 3 1.9701366023 1.2353151981 1.6900567398 0.9560662936 1.4167766029 -0.1358337921 -0.4034296729 
243 3 1.6003173239 0.5518487612 0.6767611913 1.3324055846 0.2644420956 -0.266872535 0.6856838094 
244 3 2.3069175102 2.7667570043 1.4186267833 1.1364846111 -1.8442379524 1.4549840202 -1.2349881163 
245 3 1.4310592441 0.8550604865 0.7306902511 0.4621798225 0.1121870038 0.2505193108 0.5604638703 
246 3 2.3936505332 0.704997908 4.6837073275 0.3408576396 -1.4428531279 0.0995400414 0.5483556074 
247 3 1.6154156714 0.9183782856 1.568571225 0.1226182807 -1.1543870631 -0.2117765055 0.3593197233 
248 3 2.3874393385 1.5186115989 2.3061768263 1.8750781698 -1.7545076204 -1.3899176833 1.1955779051 
249 3 1.2847315722 0.2585481524 0.3607065311 1.0312805291 -0.1970410126 0.2112218825 -0.5861742028 
250 3 2.0768448391 1.8139042752 0.6857829676 1.8135972426 0.2980023679 1.1816583759 1.0094390428 
251 3 2.3547079477 0.0430977331 1.6689745159 3.8325772702 -0.1746428649 -0.1454346308 2.3816549985 
252 3 1.8451518113 1.7704813758 1.415347415 0.218756416 0.5295753573 0.2841443501 -0.3815329581 
253 3 2.182011323 1.9442136425 2.5741115266 0.2428482445 -2.1894726322 -0.1249316002 -0.0188833793 
254 3 1.1087426864 0.0820218262 0.8609495788 0.2863389395 -0.2637462884 0.0922612393 -0.3451193439 
255 3 2.4029668485 1.6016550001 3.8761770465 0.2964176285 2.2530665696 0.3021903147 0.0137547464 
256 3 2.362546792 2.2343125889 3.2576553138 0.0896594419 -2.6356494316 -0.4245781688 0.4643186734 
257 3 2.3110473595 1.037629659 4.1508662584 0.1524439804 -1.7210347208 -0.3591184916 0.7866853881 
258 3 1.7094825466 0.6314760172 0.1460456394 2.1448089205 3.0824558053e-06 1.1499420444 0.0860723723 
259 3 1.6728361398 0.9269607581 0.1202058444 1.7512141483 0.0563932017 1.2371368025 0.1833859588 
260 3 1.3100720685 0.1408435277 0.3975445886 1.1779007083 0.1773896876 -0.3944055561 -0.3836608278 
261 3 1.3333941725 0.0362733054 1.1781900228 0.5634766911 -0.0232105874 -0.1173029237 0.5378895201 
262 3 1.6642725764 0.398404975 1.0440028474 1.327395386 -0.2716393975 -0.6446395366 -0.0546254089 
263 3 1.7761724906 0.2236114968 2.0171061267 0.9140710928 0.4617839301 -0.1929436688 0.4931974183 
264 3 1.6712441055 0.0022760091 2.4482130118 0.3425678394 -0.070698898 -0.027870125 0.8476627866 
265 3 2.0394363153 1.8579883817 0.8939067376 1.4074053646 1.07473146 0.0835720562 0.6665079779 
266 3 2.0032614787 2.9999395835 0.8860391225 0.1270778461 -1.6278462366 0.4802771792 -0.2489125292 
267 3 2.0919241417 0.945251123 2.8860313157 0.544864176 -1.5231903409 0.7089740307 -1.2176577844 
268 3 1.8688720129 1.3725720452 0.5313371576 1.5887733978 0.5295819938 0.0650834963 -0.6949802012 
269 3 1.5194862092 0.0647887721 1.8933666701 0.3506828977 0.2120632149 0.0745483999 0.8076457598 
270 3 1.7196068693 1.2440593512 1.3023911231 0.4105973106 0.5174508481 0.7037117016 0.1759515669 
271 3 2.2362091221 0.2472791925 3.5182781063 1.2350739388 -0.8399074018 0.3269769049 -1.8414757144 
272 3 1.7660876199 2.2908096428 0.743497085 0.0847587532 -0.7935101427 0.2586389517 -0.250947029 
273 3 1.2983864111 1.2420275339 0.1345682937 0.3092114451 0.0748837203 -0.6158833892 -0.0148616866 
274 3 1.2776430116 0.1340670312 0.9669286214 0.5313760125 -0.3360760359 -0.0257503859 -0.1914185677 
275 3 1.7679866719 0.1489189664 1.9049749693 1.0718829363 -0.2285791922 -0.3225101169 1.2568402823 
276 3 2.0454488837 1.5365169103 0.003122493 2.6442217324 0.0583953471 -0.7864267587 -0.0748843865 
277 3 1.4792233431 0.5951247454 0.0623406795 1.5306362739 -0.057910278 -0.3351448417 -0.2432376559 
278 3 2.3728010128 1.7475941375 3.7611162061 0.1214743029 2.516583683 0.0706545385 -0.0258108886 
279 3 2.0788335158 0.470761849 0.7456733985 3.105113539 0.2674933583 0.5418769918 -0.9058297856 
280 3 2.2517659871 0.4095439842 0.5989810814 4.061924995 -0.1375487774 1.0688496176 -1.1976441528 
281 3 1.7054618328 1.5793468386 0.1841010461 1.1451521785 0.4561962679 1.3285892061 0.4217039784 
282 3 2.3020477754 3.5268908331 1.6367089944 0.1358241328 2.1948645336 0.6525778144 0.3422149701 
283 3 2.4344667947 0.1832635623 3.2103217762 2.533043236 0.3656431586 0.6209724652 2.2704998477 
284 3 1.8818906752 2.5846842144 0.1742128035 0.7826154954 -0.4730935084 1.4170985755 -0.2816635358 
285 3 1.962770208 0.8309993904 0.0458381994 2.9756292997 0.0724838479 0.7502269598 -0.2359252656 
286 3 1.8743080079 2.3893645236 0.7963610229 0.327304962 1.378152173 -0.5115845683 -0.2772313612 
287 3 1.6711704062 0.2955103772 0.6400065432 1.8572936061 0.337578373 -0.3503375743 -1.0058446921 
288 3 1.8274019132 1.6747848405 0.369574136 1.2950387759 -0.7634740029 -0.0692365248 0.1983724077 
289 3 1.8098012919 0.2731044538 2.9856452175 0.0166310448 -0.4739915673 -0.0536219039 0.2079573809 
290 3 1.6430989921 0.2916002772 0.4940548785 1.9141191423 -0.3320170683 -0.7455786113 0.8188642591 
291 3 1.9111744612 0.0804474714 2.5418442366 1.0302961131 -0.3596545603 -0.2638390908 1.5720933158 
292 3 1.8306905947 1.8928490712 1.2233846023 0.2351943801 0.260145693 -0.6586114896 -0.1751587529 
293 3 2.1297669776 1.0951049278 1.8518213083 1.5889811428 0.2610757289 0.4011101121 1.7020781928 
294 3 2.3183643791 0.00155722 3.5524278259 1.8208283486 0.0653836596 -0.0525561174 -2.0117988537 
295 3 1.7557477692 0.8870917099 0.1628953837 2.0326631353 -0.3798203179 1.1152586179 -0.4644608788 
296 3 2.5341462148 3.5236302122 0.9937550278 1.9045117981 -1.8441999796 2.1550550562 -0.9985465878 
297 3 1.3496268074 0.9173185558 0.3566899385 0.5474840249 0.1856194193 0.6248905679 -0.0707078639 
298 3 1.6633422485 1.1908542481 0.9681747933 0.6076783944 -0.9117987513 0.2168421442 -0.5577367721 
299 3 1.7210210711 1.4798593974 0.8204245752 0.6616295545 0.6380780744 0.1744890866 -0.5160079314 
300 3 2.5874924201 0.9366531709 0.8268275302 4.9316363227 -0.4112077821 1.2068072451 -2.0071040574 
301 3 1.2796805532 0.1720376182 1.0570335724 0.4085111276 -0.0603525708 0.2188031582 -0.4440460508 
302 3 2.0880922876 1.5722233211 1.5825781234 1.2053279571 -0.8542068118 0.0125298349 1.1542354342 
303 3 1.4325197074 0.4564859827 1.2985789348 0.2970477946 -0.4213462537 -0.2249050097 -0.2040100629 
304 3 1.7835878289 0.373943346 1.5901246249 1.2171175725 -0.6800263458 -0.101481908 -0.4639036912 
305 3 2.1591674915 2.3055745594 1.1320684578 1.2243612392 -1.2312739817 -0.0768958018 -0.7203556734 
306 3 1.9982084513 1.9882429217 1.506716869 0.497877224 -1.162166065 -0.824199119 0.841280689 
307 3 1.374523188 0.9029797904 0.2645314791 0.7218027248 0.2005685773 -0.1687290358 0.3521983837 
308 3 1.6108852917 1.0955646465 0.1227979281 1.3765888485 0.3650516706 0.8276617998 0.2462683399 
309 3 1.7632852987 1.0855620803 1.6485434334 0.3750695309 1.2215356356 -0.1559862627 0.1353268496 
310 3 1.8629960536 1.8891446506 0.6909054133 0.8907042318 -0.6659696135 -0.5721372176 -0.3703606461 
311 3 2.2963925081 0.2145205294 4.222793677 0.836104345 -0.4008922086 -0.4232160743 0.8544855351 
312 3 1.8918853775 0.3497862768 2.0632211533 1.1662228516 0.5526283278 -0.6049725517 -1.333537738 
313 3 1.7657264903 1.1265290207 1.7313331494 0.2599278684 -1.2306864077 0.5193159274 -0.4782128181 
314 3 1.9834181111 1.3539821151 0.8692525277 1.7107127608 -0.9184506753 -1.3639001452 0.6371886758 
315 3 1.5357241534 1.52608913 0.0359835561 0.796375989 -0.1750117781 -0.227685425 -0.0840359562 
316 3 1.9380171118 0.7270867783 0.9109279335 2.1178956137 0.1489649105 -0.2176650362 -1.3889327059 
317 3 1.8595474213 0.4347835239 1.5555739386 1.4675591495 -0.8192665131 0.6623827876 -1.1745138081 
318 3 1.8354325526 1.1281308259 1.8307277716 0.4099540576 -0.2967150019 0.6247782923 -0.4990925311 
319 3 1.7454734651 1.6489470329 0.741876432 0.6558541526 0.8593723522 -0.8217876816 -0.1591908705 
320 3 2.1513393951 0.8744910319 1.1621934093 2.5915767516 0.8143933289 1.2758631621 0.6452279243 
321 3 1.8739693903 2.3340524835 1.115369061 0.0623397315 0.2977400055 0.3392219236 -0.0752502028 
322 3 2.2364942933 0.0558985743 0.2165820805 4.7294260691 0.0175825944 -0.3569593212 0.6067919479 
323 3 2.3492136778 0.2936510953 2.8252722986 2.3998815103 -0.6438027194 0.4285710748 -2.5234703144 
324 3 2.2664726646 1.3613177163 1.0973207553 2.6782598678 0.7228410524 1.880382317 1.2387057661 
325 3 2.1617413372 1.0706776319 1.0675968543 2.5348511229 0.540343003 -1.111799768 -1.608588461 
326 3 1.0397087687 0.5105715918 0.0366755708 0.5337471612 0.0037141663 -0.3500014946 0.1012228885 
327 3 2.5295727528 5.1616637225 0.4043706584 0.8327039308 1.4212951345 -1.5879026282 -0.5041539453 
328 3 2.201929846 0.2116171065 0.0836522354 4.5532257049 -0.1312981974 -0.2844812989 0.0809774809 
329 3 2.3404449425 3.561721765 0.8480153601 1.0679454037 -0.2459899886 1.9467111595 -0.0772144327 
330 3 1.7648265124 0.5515764449 0.9326925367 1.6303436373 0.2406266927 0.8543481956 0.8768258471 
331 3 1.4357804478 0.6676223529 0.2252443332 1.1685988081 -0.3276642681 0.3411503283 0.0856668261 
332 3 2.360928609 0.5507582761 4.859982958 0.1632426629 0.7816787146 -0.2279247545 -0.8319017122 
333 3 2.152769187 2.5649930081 1.176123748 0.8932984165 -1.2888111878 1.1656341227 -1.0240619319 
334 3 2.0363966507 0.6058676426 2.1026990023 1.438344674 -0.9899011622 0.3500481821 -1.3464808373 
335 3 2.5147830747 0.565350998 2.9761841356 2.7825987794 0.274443838 0.4066119321 2.8581011227 
336 3 1.8162184111 2.0539215215 0.5434045762 0.7013232192 -0.4097990222 0.3435559057 0.4766426916 
337 3 2.1559274386 4.3363238064 0.3042542049 0.0074451092 0.1896746904 -0.1761457716 0.001557848 
338 3 1.7881426596 0.2947349669 1.9963031533 0.9064160511 -0.7192763838 0.5077687368 -1.1518601915 
339 3 1.1734727355 0.3959447942 0.8987031682 0.0823902987 -0.4428236271 -0.0334916376 0.2166145567 
340 3 1.2603343179 1.0970898695 0.415066568 0.0762861554 -0.0266314116 0.2838261818 0.0275254433 
341 3 1.7264358774 0.6734521046 1.3103963024 0.9967324317 -0.7993629051 -0.7822457138 1.1069957858 
342 3 1.6154162774 0.4382060181 0.854614658 1.3167490731 0.4271970353 0.3737142858 -0.2969528802 
343 3 1.8623152425 1.6272412061 0.1299609127 1.7110159437 -0.3312772159 0.4507580742 0.2231374245 
344 3 2.0403873579 0.4823662176 1.6337832267 2.0470311258 0.8686662808 0.4686295652 0.5114409208 
345 3 1.7450878989 0.5715510757 0.5915756552 1.882205044 -0.467915328 -0.4910111594 0.9537913936 
346 3 2.2139303816 2.7225332526 2.0530261811 0.1259283009 -1.7944981467 0.2349711635 0.1483366495 
347 3 1.3817009335 0.2920243049 1.0675132633 0.5495599013 0.4675815533 0.1822900166 0.6646219234 
348 3 2.1891239359 1.4606229156 3.3210037595 0.0106369315 -2.0997514124 -0.0268605618 -0.0167739935 
349 3 1.8850604451 1.4684565586 1.5700082351 0.514988088 1.2107374577 0.4959220522 -0.0368609255 
350 3 1.7675538567 1.0145793042 0.1204086804 1.9892586516 0.2323532237 0.3194508737 -0.2830887609 
351 3 1.6290415628 0.4533349852 1.3007252511 0.8997161772 0.0769126134 0.4239859617 -0.7330088975 
352 3 1.6280464465 0.9410850408 0.1087139688 1.6007362223 -0.2884084204 0.4429681326 -0.3039804086 
353 3 2.023853226 0.7081921051 2.3110302768 1.0767594986 -1.2438690439 0.8705931413 -1.500405755 
354 3 1.6134400763 0.0196465433 1.0053795657 1.5781627708 0.0457135858 -0.1117659503 -1.1804810321 
355 3 2.0976923212 3.8679113746 0.0427162291 0.4896854707 -0.026042178 1.3759142338 -0.006082858 
356 3 1.6499231517 0.1659786776 0.6129777113 1.9432900176 0.3107739684 -0.0436513478 -0.3268146765 
357 3 1.7442789344 1.727749942 1.2512159671 0.0635430917 -0.2535003182 0.0730692265 0.2601870115 
358 3 1.9315196802 0.2153002229 1.2494694214 2.2659986307 -0.3952146195 0.5194041514 -0.2248919421 
359 3 1.7308282907 1.9584657033 1.021152595 0.0161482738 -1.0629505253 0.1753766538 -0.1092238148 
360 3 2.2993020215 0.7632812686 0.9971765538 3.5263319634 -0.5692259764 1.5555600776 -1.6116702616 
361 3 1.6155352666 1.6411689182 0.4333726737 0.5354126057 -0.0400861592 0.9370919228 -0.0107285493 
362 3 1.5305421627 0.1071237307 0.5134418869 1.7219936941 -0.2262374524 0.2335900986 -0.285420349 
363 3 2.202546247 1.0719432397 1.4118835863 2.367383144 -1.0631228408 -1.4863491149 1.8050997485 
364 3 0.8492392108 0.1610983123 0.5013695445 0.0587393803 0.1047727292 0.0536502127 -0.0981757843 
365 3 2.2271462264 2.6025496759 1.4763181136 0.8813125245 0.853255293 1.2568650292 -0.1608659807 
366 3 2.2257578662 0.7278319349 4.1665126576 0.0596534865 1.1749309749 -0.1933624419 -0.4492602508 
367 3 1.9653980866 0.0562416009 2.4970878079 1.3094602301 -0.1786753788 -0.2694092642 1.0470190307 
368 3 1.7474250582 1.0312671579 1.4974823469 0.5247448293 0.7465567887 0.5460004775 -0.0796501183 
369 3 1.4139237302 0.8179324221 0.5633525067 0.6178953859 0.5698521499 0.6553746213 0.5808214585 
370 3 2.4387135755 0.1707571991 1.070280144 4.7062865603 0.4274275111 -0.7859430103 -1.9471538803 
371 3 1.7707789722 0.0690517825 1.3464371354 1.7201692506 0.0598654471 0.2563617633 1.2196138558 
372 3 1.9424874117 0.705142042 0.8324004246 2.235714878 -0.0655600301 1.2553055553 -0.1454438349 
373 3 2.0247975351 0.1509589799 2.3960687782 1.5527773001 0.45514336 -0.1143030442 0.8805823429 
374 3 2.0104261304 0.2823808909 2.3557300638 1.4037022712 -0.5980068132 0.3323318628 0.3464579329 
375 3 2.3041028761 4.8976254469 0.1795683409 0.2316962756 0.9081959563 -1.0538870856 -0.1880218813 
376 3 2.2039589834 1.1441567218 2.7506404894 0.9626379891 1.6010539332 -0.4486558126 0.0057486011 
377 3 2.0418322994 0.2585390362 3.5636556302 0.3468844727 -0.0324967932 -0.2878220865 0.3430905482 
378 3 1.7137293025 0.8669070224 0.0849251261 1.9850359739 -0.0910527767 1.2171699317 0.0164018343 
379 3 1.7419921762 0.4950406689 1.9714249736 0.5680710993 0.8471588662 -0.1247644647 -0.7426137086 
380 3 2.2171882397 0.2664678757 0.2796501135 4.3698057011 -0.1313033691 -1.0617224446 0.3500383824 
381 3 2.0967927438 0.9182213667 1.4329517827 2.0453666609 1.1044030411 -0.7362960966 -0.4954470114 
382 3 1.8664038128 0.7819167171 0.4965145579 2.2050319173 -0.6104808573 -1.0303542012 0.934241149 
383 3 1.6126232564 0.1168588488 2.2083472931 0.2753476253 0.5073148037 -0.0479411868 -0.2471655091 
384 3 1.8074146727 0.3779457628 1.0759529706 1.8128490655 0.6375584346 0.8272154305 1.3964562579 
385 3 1.4414521647 1.1468086642 0.7042333083 0.2267423706 0.7574314569 -0.4458092308 -0.1900394802 
386 3 1.4518554086 0.903434139 1.131798794 0.0726511944 0.0516053967 0.0828820344 0.2757120905 
387 3 1.7144601536 0.0617029648 1.936471092 0.9411995617 0.3084368791 -0.065945243 -0.9158619087 
388 3 1.6934711816 1.3764092556 0.2257551934 1.2656801941 -0.0995195094 0.6505724012 -0.5046627398 
389 3 1.8522993399 0.1820231817 1.5297984991 1.7191911637 0.4643809882 0.5577397607 1.4822804653 
390 3 2.3617588069 3.1353104642 2.1892604602 0.2533337374 -2.2449742043 -0.8646595946 0.7121553671 
391 3 1.762153988 1.3333792966 0.4378053985 1.3340019822 0.0785355644 -1.1035035257 -0.4919122433 
392 3 1.6498548503 0.135910627 0.7776592718 1.8084511283 0.2283036804 -0.487206481 -0.6621705742 
393 3 1.6856140724 1.0573348821 0.6469950431 1.1369648758 -0.4810766439 -0.6706626141 0.8570766115 
394 3 2.0709487948 1.4951163415 1.6670705361 1.1266420333 1.568638108 -0.0774644187 -0.2358914955 
395 3 1.9260939768 0.969122314 2.5039692658 0.2367464276 -0.905305003 -0.3278098058 0.7630784047 
396 3 2.5366420242 0.2106672782 3.4435275939 2.7803578865 0.8334174286 0.6458080013 2.8972973924 
397 3 1.2720138283 0.3794334451 0.7175359572 0.5210497771 0.5173325077 0.1609954488 0.1452261477 
398 3 1.9560375446 0.9052099009 0.5532681789 2.367604796 -0.5203968738 -0.9013793491 -0.0929782352 
399 3 2.4385135734 0.5790622182 0.05658507 5.3107011595 -0.110702013 -1.1944497187 -0.0892061025 
400 3 2.099290113 1.5548217523 0.6403470738 2.2118501524 -0.9928756047 1.5163754768 -1.0363761994 
401 3 1.9835026429 1.5379196581 2.3437182871 0.0526447894 -1.7475757974 -0.2829293597 0.3360874815 
402 3 2.2475276371 1.6883218238 0.5987354363 2.7643232192 -0.2279770494 1.5799850289 -1.0678820241 
403 3 2.1430230164 2.1817051751 1.7892411768 0.6216012967 -1.7087570698 -0.9846864488 1.0538741019 
404 3 1.3060834309 1.1271133808 0.2192125512 0.3595279963 0.4700024208 0.2529201963 0.1893200449 
405 3 1.7139081522 2.0517533193 0.1657586851 0.7199691498 0.4587100523 0.9831003613 0.3452215389 
406 3 2.1879516921 1.7037607455 0.4229822163 2.6603896451 -0.6725517351 -1.9558659189 0.5163765396 
407 3 2.141192588 0.3385884103 3.551904087 0.6942132017 -0.9627537918 -0.44513628 0.9677771095 
408 3 1.6411835384 0.5361387676 1.4864541083 0.6708905309 -0.7106191825 -0.4882679031 0.9981572958 
409 3 2.2510142522 0.6818261124 1.2396772337 3.1455618175 0.8876140653 1.4611500733 1.8674309993 
410 3 2.3313838062 0.5525271963 1.0274892807 3.855333975 -0.628498638 -1.393800762 1.2597624539 
411 3 1.895818463 1.7996268109 1.28466586 0.5098349736 -1.2500396077 0.9295993781 -0.5346003282 
412 3 2.3329480494 1.3781373592 3.7589171743 0.3055920678 -1.5648949001 0.4141650627 0.1288605438 
413 3 1.9522442763 0.9755930277 0.276525407 2.5591392796 -0.0420025091 -1.365234392 0.480907975 
414 3 1.3162660017 0.8140819136 0.3586307019 0.5598435718 0.3034168199 -0.3108527171 -0.4449793543 
415 3 1.4148330343 0.6454789531 0.2108280132 1.1454455487 -0.2676082171 0.7956154743 -0.4581401519 
416 3 1.5798902846 0.5021958465 0.6990180624 1.2948394025 0.2235429616 -0.1116155533 -0.9222657994 
417 3 2.3952110693 0.5488815686 0.3719909862 4.8161635117 -0.1630932253 -0.5977776307 1.338460289 
418 3 1.3767157393 0.8048190355 0.9367883868 0.1537388047 -0.6841500641 0.0875362435 -0.3007485191 
419 3 2.5093752769 0.1267040512 0.1539414434 6.0163187858 -0.1009392724 -0.8616038063 0.5788542355 
420 3 0.7806683314 0.4391111181 0.0349027075 0.135429218 0.0238603819 -0.0179285032 -0.0682546505 
421 3 2.5256056403 2.3887277546 0.5421066069 3.447849489 0.7306384601 2.6298327991 1.2239866079 
422 3 1.4274332054 1.7725957422 0.0236354734 0.2413343402 0.0404969606 -0.089589644 0.0712876425 
423 3 1.6175605786 0.1916397575 2.3759238 0.0489386678 -0.6041401603 -0.0790472223 0.1614488367 
424 3 1.3232850699 0.856201979 0.109060389 0.7858210083 -0.2906880403 0.7163566102 -0.1992372677 
425 3 1.7124001514 0.7635448384 0.9896152103 1.1791542297 -0.0174358919 -0.9488559951 0.0251621671 
426 3 2.0795414456 2.7061782784 0.7990515649 0.8192627807 -1.3473749546 -1.0255828477 0.7455842758 
427 3 1.8995712477 2.5394878233 0.9984782879 0.0704048137 -1.5583015468 -0.1723821473 0.0559706456 
428 3 1.5619061423 0.1104917616 1.867012083 0.4620469527 0.2005175985 -0.1946304 0.0700888922 
429 3 1.7696250171 1.1976434767 0.2436322958 1.6902969287 0.3352827837 0.1999845615 -0.4421635146 
430 3 1.9195634844 1.1045967816 2.036749486 0.5433777029 -1.353850759 -0.2606717917 0.7459372804 
431 3 1.9309528965 1.7851400635 0.5733144027 1.3701246225 0.8350450608 -0.306203314 -0.6338735512 
432 3 2.0309262 1.8874732518 1.4875489886 0.7496389894 -1.0455835281 1.1823164549 -0.5643689722 
433 3 2.027377598 2.6342576525 0.1754062775 1.3005959948 -0.1896608463 -1.6723663146 -0.0761653772 
434 3 2.4344980746 4.4783422794 1.2755422194 0.1728963762 2.0920020619 0.8294506165 0.4632847704 
435 3 2.2425027882 1.5157599515 2.4244859868 1.0885728169 1.8236996642 -1.2832615675 -1.5662045595 
436 3 1.9652248916 0.7170978316 0.0477099757 3.0973010673 -0.1427633197 0.1518403945 -0.2733761794 
437 2 0.9708092697 0.0323484603 6.714113988e-05 0.9100550368 -0.001473741 -0.1715776187 0.0078167853 
438 2 1.6026838006 2.5384282044 2.0305684666e-04 0.0299641034 0.0227034188 -0.2757929027 -0.002466661 
439 2 1.6333911748 0.0521052583 2.2243585985 0.391502873 -0.340442035 -0.1428263222 0.9331895745 
440 2 1.7169318564 2.7263679309 0.2065535263 0.0149335422 -0.7504271518 0.201777924 -0.0555389576 
441 2 1.3885681349 1.1932097845 0.44345487 0.2914568108 0.7274164487 0.5897195252 0.3595106982 
442 2 1.6499927441 1.9253700888 0.7788966087 0.0182093581 -1.2246077873 -0.1872424992 0.1190932714 
443 2 1.3382518767 0.2904305747 0.0233628407 1.4771246701 -0.0823728308 -0.6549825699 0.1857682114 
444 2 1.7275617932 1.8673636814 0.9932515792 0.1238544888 1.3618964445 0.4809172218 0.3507401697 
445 2 1.5269709944 0.7348959147 0.5982793294 0.9984651737 0.6630784532 0.8566025783 0.7728913731 
446 2 1.5553920964 0.5510404884 0.09935756 1.7688465252 0.2339872611 0.9872720259 0.4192234186 
447 2 1.4399045893 1.0708259519 0.0616006064 0.9408986679 0.2568336582 1.0037622785 0.2407486833 
448 2 1.7068001208 1.7359234049 1.1759630425 0.001280205 -1.4287693196 0.0471416789 -0.0388004357 
449 2 1.3588354984 1.5996854478 0.239382539 0.0073659249 0.618818846 -0.1085502778 -0.0419913538 
450 2 1.3463044448 1.4133499744 0.3923602258 0.0068254578 0.74467598 0.0982179244 0.0517497651 
451 2 1.3963608954 0.0064805006 1.8857972486 0.0575460011 -0.1105482255 -0.0193113152 0.3294238768 
452 2 1.409906468 0.0061470952 1.8860748998 0.0956142537 0.1076748903 -0.0242435542 -0.4246594446 
453 2 1.5582294226 2.2791273224 0.069944434 0.0790071769 0.3992646623 -0.4243435113 -0.0743378253 
454 2 1.7473848338 1.575967358 0.0146453401 1.4627410595 0.1519229341 1.5182991019 0.1463637259 
455 2 1.4821381094 0.7960523102 0.2840747594 1.1166063056 -0.4755400808 -0.942802752 0.5632048185 
456 2 1.39413532 1.0799600703 0.1156711253 0.7479820948 -0.3534405135 -0.8987718263 0.2941427045 
457 2 1.1945250248 0.8999917888 0.1566973663 0.3702008799 0.3755347427 0.5772155161 0.24085162 
458 2 0.8512780676 0.4765050213 0.028956554 0.2192127731 0.1174646474 0.3231965147 0.0796721188 
459 2 0.5925351571 0.0235077031 0.3213853584 0.0062048509 0.0869196847 -0.0120773256 -0.0446558868 
460 2 1.0358373514 0.4271720496 0.0322752607 0.6135117084 -0.1174184366 0.5119326654 -0.1407169155 
461 2 1.255125818 0.115993428 1.1702623183 0.2890850725 0.3684328134 -0.1831173628 -0.5816402386 
462 2 1.6573858898 2.2528104016 0.0962002123 0.397917374 -0.4655328547 0.9468011402 -0.1956520786 
463 2 1.5659362614 0.05132927 1.1464059988 1.254421106 -0.2425781999 0.2537489304 -1.1991980157 
464 2 0.8225584503 0.1700920547 0.2784194274 0.228090922 0.2176164802 0.1969681537 0.2520018728 
465 2 1.1196727097 0.1221587082 1.1263744737 0.0051337949 0.3709399556 0.0250427185 0.0760432476 
466 2 1.429927509 1.3521372101 0.4305939703 0.2619615005 0.7630348155 -0.5951536713 -0.3358556871 
467 2 1.0070235964 0.1327205792 0.0142593266 0.8671166181 0.0435029434 -0.3392406517 -0.1111957689 
468 2 1.4258614047 1.9636001319 0.0123795164 0.0571010972 0.1559115776 0.3348488047 0.0265872896 
469 2 1.3234487249 0.5641921352 0.4639009597 0.7234234325 0.5115948329 -0.6388660353 -0.5793071937 
470 2 1.1736665157 1.0094943225 0.1175694301 0.2504293376 0.3445078695 0.5027991592 0.1715891445 
471 2 1.5329551752 1.469600339 0.0045749528 0.8757762773 0.0819960496 1.1344783445 0.0632979866 
472 2 1.5587090313 0.2967527952 1.2875067573 0.8453142919 -0.6181191059 0.5008486588 -1.0432391206 
473 2 0.8723910907 0.0970539824 0.0770015712 0.5870106616 0.0864483033 -0.2386874996 -0.2126046642 
474 2 1.7447666848 2.1474606904 0.0039852039 0.8927648902 -0.0925098304 1.3846217922 -0.0596477168 
475 2 1.3945265305 1.3568024746 0.3885677792 0.1993339905 0.7260920909 -0.5200546621 -0.2783069636 
476 2 1.5689912848 0.8929631412 1.417046778 0.1517237327 1.1248869019 -0.3680811064 -0.463680522 
477 2 1.2261798645 0.9657446073 0.1417430123 0.3960294406 0.369983175 -0.6184361702 -0.2369270054 
478 2 1.542883391 0.6863052468 1.3970928161 0.2970910954 -0.9791997395 0.4515475363 -0.6442544801 
479 2 1.4171877059 1.0347161978 0.7963144043 0.1773903915 -0.907722101 -0.4284258529 0.3758437494 
480 2 1.1294683796 0.093736265 0.1025118347 1.0794507209 -0.0980258971 0.3180938208 -0.3326506785 
481 2 1.5895905901 1.9168786146 0.5589023127 0.0510173167 -1.0350593658 0.3127203278 -0.1688599902 
482 2 1.0893985773 0.5006972504 0.5089108245 0.1771811852 0.504787332 0.297849177 0.300282239 
483 2 1.7253129225 0.5619597541 1.0844959911 1.3302489352 0.7806683678 -0.8646076361 -1.2011035082 
484 2 0.9779985235 0.5424804007 0.2361283952 0.177872316 -0.3579036553 -0.3106320094 0.2049407342 
485 2 1.0830935332 0.0865665135 0.0507201665 1.0358049217 -0.0662621157 -0.2994428506 0.2292077619 
486 2 1.5096745536 1.4511814424 0.82066518 0.0072706353 1.0912992622 -0.1027181147 -0.0772447879 
487 2 1.5327365354 0.6508875896 0.7010869652 0.9973067323 0.6755211358 0.8056888823 0.8361810511 
488 2 1.3978446898 1.6350654435 0.2560481066 0.0628562267 -0.6470358653 -0.3205839112 0.1268629884 
489 2 0.6201496399 0.1025897118 0.2786302496 0.0033656145 -0.1690697992 0.0185816419 -0.0306228998 
490 2 1.0783681552 0.1196373669 0.952564503 0.0906760083 0.3375830401 -0.1041548793 -0.2938958094 
491 2 1.3112700534 0.4940415025 0.0209759327 1.2044117177 0.1017987295 -0.7713814715 -0.1589454598 
492 2 1.6099418056 0.0981127578 2.047105294 0.4466945658 0.4481597326 0.2093476433 0.956258757 
493 2 1.7304344097 0.6163265789 0.5352546749 1.8428219925 -0.5743619788 1.0657298786 -0.9931661928 
494 2 1.4863974786 0.9025014496 0.7191615041 0.5877145106 -0.8056328568 -0.728294719 0.6501243354 
495 2 1.5685779078 0.0181057811 0.1131996323 2.3291312394 -0.0452721522 0.2053551566 -0.5134752185 
496 2 1.7400940832 3.0047602376 0.0090747674 0.0140924135 -0.1651287388 0.2057773643 -0.0113086416 
497 2 1.0108257186 0.1101757322 0.6856757153 0.2259171859 -0.2748541867 -0.1577675232 0.3935809041 
498 2 1.4194016498 1.5974210162 0.03922655 0.3780534771 0.2503224228 -0.7771168313 -0.1217773937 
499 2 1.1368282534 0.1550737615 1.1215446595 0.0157600567 0.4170397452 -0.0494365378 -0.1329496424 
500 2 1.1573544582 0.0045589695 0.6444153958 0.6904949765 -0.0542021231 -0.0561065553 0.667057414 
501 2 1.4133705124 0.5987987498 0.3466814545 1.0521360009 0.4556231135 0.793736557 0.6039503615 
502 2 1.2737604373 1.2231662684 0.0205193297 0.3787800534 0.1584252251 0.6806695119 0.0881607214 
503 2 1.7294613817 0.1604562574 1.0635370472 1.7670433662 -0.4130994725 -0.5324783237 1.3708814988 
504 2 1.3724121429 1.0501404034 0.673641909 0.1597327777 0.8410817951 -0.409562991 -0.3280284946 
505 2 1.3183866802 1.5341435828 0.2021630831 0.0018367725 0.5569086071 0.0530836387 0.0192698621 
506 2 1.431530526 0.0639917603 0.0903357389 1.8949521477 0.0760311972 -0.3482259663 -0.4137413472 
507 2 1.0004354232 0.9025068855 0.0546825062 0.0436816442 -0.2221516113 -0.1985522215 0.0488735284 
508 2 1.7492332872 0.4260474113 0.8058521484 1.8279175332 -0.5859447258 -0.8824848628 1.2136849967 
509 2 1.1326319601 0.1647706342 1.1898723096e-04 1.1179655355 -0.0044278213 0.4291944667 -0.0115335868 
510 2 1.3956780437 1.0139769136 0.2705691121 0.6633711761 0.5237851021 0.8201481925 0.4236599463 
511 2 1.3965357275 0.962413287 0.7179424289 0.2699563223 0.8312384332 -0.509715167 -0.4402420899 
512 2 1.112343146 0.1976505979 0.0614482679 0.9782084087 -0.1102056572 0.4397083998 -0.2451718017 
513 2 0.693747049 0.0562293583 0.2178761742 0.2071794355 -0.1106844048 0.1079331586 -0.212460497 
514 2 1.5255600021 1.7808478141 0.3071970289 0.2392884769 0.7396425876 -0.6527912078 -0.2711248959 
515 2 1.5179239805 0.5812201804 1.1901261515 0.5327468788 -0.8317002684 -0.5564559614 0.7962637707 
516 2 1.4206130842 0.6166620404 0.0419671197 1.359512375 -0.1608711586 -0.9156198311 0.238861505 
517 2 1.3552276928 4.2501502321e-05 0.821501686 1.0150979119 0.0059088963 -0.0065683473 -0.9131837964 
518 2 1.3667475753 1.0128008678 0.0019299544 0.8532681124 -0.0442115307 -0.9296185695 0.0405803957 
519 2 1.7010532935 3.0651441557e-04 2.7669397949 0.1263359981 0.0291222756 -0.0062228454 -0.5912394613 
520 2 1.2977077701 0.9036070974 0.0188351919 0.7616031674 0.130459239 -0.8295721955 -0.119770371 
521 2 0.675317072 0.2955347477 0.1451323287 0.0153860714 -0.2071029844 -0.0674323269 0.0472548026 
522 2 1.2597716157 0.0393392989 1.0953922379 0.452292987 -0.2075860368 -0.1333899884 0.7038737296 
523 2 1.5856359935 1.2747437105 1.0059454335 0.23355236 1.1323968449 -0.5456366941 -0.4847070559 
524 2 1.5159103748 1.3286523107 0.8474533243 0.1218786295 1.0611177209 -0.4024106395 -0.3213820931 
525 2 1.0384513316 0.0083048975 0.9689378151 0.1011384555 -0.0897046779 0.0289817961 -0.3130445241 
526 2 1.0471382954 0.0434722118 0.3123045846 0.7407218133 -0.1165185438 -0.1794458569 0.4809686249 
527 2 1.7478438199 2.3611868006 0.0508554596 0.6429157585 -0.3465245156 1.2320893648 -0.1808197345 
528 2 1.2809423398 0.2028355652 0.1305962661 1.3073814466 -0.1627561595 0.5149596632 -0.4132059237 
529 2 1.6536966186 0.0690825014 1.2101314485 1.4554985564 0.2891347567 0.3170953817 1.3271565757 
530 2 1.1264919886 0.0083705565 0.1285082355 1.1321054084 -0.032797644 -0.0973465578 0.3814247874 
531 2 1.1041746721 0.0053264352 0.0633467011 1.1505285703 -0.0183687805 0.0782829217 -0.2699670155 
532 2 1.7164519774 0.8682830235 1.0160974383 1.0618269289 -0.9392870466 -0.9601907604 1.0387105575 
533 2 1.1400181266 0.1108560967 1.1884615881 3.2364414074e-04 0.3629713663 0.0059898185 0.0196122061 
534 2 1.5470123482 2.339243373 0.0469974736 0.0070063587 -0.3315697947 -0.1280217882 0.0181461059 
535 2 1.296230856 0.0272158615 0.1402404557 1.5127581149 0.061779971 0.2029064202 0.4605973158 
536 2 1.1374825865 0.6017897907 0.0578708606 0.6342059833 -0.1866175048 0.6177853073 -0.1915777807 
537 2 1.0679716285 0.7147847685 0.424538911 0.0012397199 -0.5508665421 -0.029767984 0.0229414324 
538 2 1.4038826558 0.6984989577 1.1925202536 0.0798672999 0.9126741774 0.2361931957 0.3086152503 
539 2 1.4075259955 0.5754974674 0.731604891 0.6740270695 -0.648873456 -0.6228168844 0.7022261037 
540 2 1.2080900765 0.1574661667 0.1351088317 1.1669066346 -0.1458597607 0.4286587391 -0.397063461 
541 2 0.7717676715 0.0408956134 0.1939699092 0.3607598161 0.0890646867 -0.1214639617 -0.2645308087 
542 2 1.578445918 0.0405891592 0.0027024181 2.4481999387 0.0104732458 0.3152306728 0.0813391651 
543 2 1.0491756945 0.0929344566 0.2996618969 0.7081732846 0.1668799435 -0.2565418082 -0.4606653338 
544 2 1.5397936722 1.4105367917 0.0432886769 0.9171390844 -0.2471037664 1.1373910592 -0.1992529484 
545 2 0.9092945358 0.2349407582 0.2388937902 0.3529820045 -0.2369090294 -0.2879754499 0.2903880316 
546 2 1.2263829654 0.702569003 0.7530424904 0.0484036843 -0.7273680717 -0.184409675 0.190918912 
547 2 1.649800629 1.249476301 1.1484981702 0.3238676442 1.1979237227 0.6361328054 0.6098863802 
548 2 1.4556792145 1.4913387309 0.5375543784 0.0901088662 0.8953634259 0.366582654 0.2200872908 
549 2 0.8177547409 0.1094873637 0.1235827807 0.4356526719 0.1163217643 0.2183997768 0.2320326887 
550 2 1.4986862004 1.9142519682 0.1902763877 0.1415319715 -0.6035204634 -0.5205073054 0.1641042116 
551 2 1.3733181157 0.596984712 0.0228306816 1.2661872534 0.1167457402 0.8694218957 0.1700232866 
552 2 1.0116624276 3.4459501421e-04 0.9836111009 0.0395051715 0.0184105264 -0.0036896186 -0.1971236293 
553 2 0.9738835131 0.0772213762 0.0450062474 0.8262214735 0.0589528995 0.252590497 0.1928344575 
554 2 0.604861599 0.1487124366 0.0712845226 0.1458605947 -0.1029606481 -0.1472796131 0.1019686367 
555 2 1.5133562201 0.0134434323 0.3441166992 1.9326869174 -0.0680155095 0.1611891611 -0.8155181437 
556 2 1.2157935911 0.4775692875 0.8032910038 0.1972937648 0.6193763899 0.3069551151 0.3981008747 
557 2 1.5975997202 0.1141958549 0.0589091251 2.3792198859 0.0820193752 0.5212456704 0.3743764974 
558 2 0.7527413565 0.2575088442 0.0484635004 0.2606472052 0.1117129356 -0.2590732726 -0.1123916186 
559 2 1.3395621655 1.490716883 0.2598211296 0.0438887827 0.6223501784 -0.2557845761 -0.1067859218 
560 2 1.195220845 0.3778705497 1.0504951899 1.8712884048e-04 0.6300406295 0.0084089522 0.0140206258 
561 2 1.6828174874 1.1065435797 0.0733221135 1.6520090026 -0.2848405061 -1.3520428822 0.3480356183 
562 2 0.9669557913 0.0195850786 0.5562631883 0.3591552355 -0.1043765216 0.0838694433 -0.4469729705 
563 2 1.5284151365 1.4188944345 0.7265757085 0.1905826864 1.0153493138 0.5200160699 0.372119269 
564 2 1.1342239187 0.137133961 0.0355834749 1.1137464617 -0.06985487 0.39081001 -0.1990752854 
565 2 1.6524809939 2.3610988755 0.3176346176 0.051959942 0.8660062 -0.3502607038 -0.1284689702 
566 2 1.3037317414 1.164867746 0.5185981574 0.0162505502 -0.777237587 0.1375853981 -0.0918014455 
567 2 0.7944627964 0.2186647994 0.371382059 0.0411242765 -0.2849704957 -0.0948284328 0.1235832451 
568 2 1.1912268436 0.2611362672 0.961586412 0.1962987136 -0.5011038677 -0.226408289 0.434463089 
569 2 1.5800460982 0.4286362019 1.9135263283 0.1543831422 -0.9056526142 -0.2572434717 0.5435220394 
570 2 0.6884102204 0.3977669921 1.0390431271e-07 0.0761415355 2.0329708786e-04 -0.1740304271 -8.8946241704e-05 
571 2 1.7149331878 1.5002661347 0.0023481874 1.4383815166 -0.0593540734 1.4689979844 -0.0581170315 
572 2 1.2800654121 0.0996343118 0.1201102795 1.4188228679 -0.1093942642 -0.3759832975 0.412813773 
573 2 1.2535825666 0.2164087728 0.896291632 0.4587688466 0.4404149999 0.3150898334 0.6412415132 
574 2 1.3594399193 0.218981541 1.3111013944 0.3179939587 -0.5358236685 -0.2638840789 0.6456952243 
575 2 1.3605934994 0.6099835593 1.2066273763 0.0346037349 -0.8579177477 -0.1452849248 0.2043374998 
576 2 1.3292671461 0.9935996752 0.5449015016 0.2284499689 -0.7358083684 0.4764323822 -0.3528211035 
577 2 1.6043680188 1.5305877921 0.2714657484 0.7719431992 -0.6445945706 1.0869806056 -0.4577730205 
578 2 0.931533661 0.3774931088 0.3810381384 0.1092237143 -0.3792614816 -0.2030546711 0.2040058842 
579 2 0.9080033153 0.756758759 0.0675148492 1.9641240237e-04 -0.2260363986 0.0121916695 -0.0036415318 
580 2 0.7364900854 0.1554502922 0.2946348913 0.0923324625 -0.2140118687 0.1198044585 -0.164937458 
581 2 0.9062117877 0.1388141181 0.0987899233 0.5836157627 -0.1171043811 0.2846297726 -0.2401152982 
582 2 1.333798144 0.0927185704 0.2668909693 1.4194079491 0.1573078165 -0.3627746902 -0.615489369 
583 2 0.7455840011 0.1391967033 0.1347118265 0.2819869729 -0.1369359052 -0.1981203094 0.1949024888 
584 2 1.4245860462 0.8861164498 0.8687202944 0.274608659 -0.8773752578 0.493290229 -0.488424114 
585 2 1.3162673944 1.0855986657 0.0468806314 0.6000805563 -0.2255959905 0.8071224512 -0.1677264302 
586 2 1.5711366807 1.0472818214 0.8303976281 0.5907910201 0.9325558109 0.7865905514 0.7004223453 
587 2 1.4907853321 0.1657045622 1.7392132443 0.3175230998 0.5368384946 -0.2293796553 -0.7431287779 
588 2 1.3428898246 0.2899646087 1.5044415295 0.0089469427 -0.6604807335 0.0509342392 -0.1160178956 
589 2 1.6771360391 1.8110760411 0.6485107737 0.3531984787 -1.0837445846 -0.7997932874 0.4785948377 
590 2 1.4288984809 0.3910256459 0.9045483373 0.7461768857 -0.5947281714 -0.5401613635 0.8215552698 
591 2 1.3047687205 1.0202333898 0.6788555788 0.0033324454 0.8322206008 -0.0583084221 -0.0475631072 
592 2 0.9844092655 0.1643582521 0.6604228289 0.1442805209 -0.3294631115 -0.1539925136 0.3086845474 
593 2 0.7087760782 0.0465092767 0.0240397384 0.431814514 -0.0334375664 -0.1417158449 0.1018857593 
594 2 1.1140508276 0.0451552773 1.0563171411 0.1396368282 -0.2183993896 0.0794061691 -0.3840582965 
595 2 1.2578231953 1.3403941958 0.2401076322 0.0016173625 -0.5673084493 0.0465607489 -0.0197063717 
596 2 0.6314288668 0.0287174386 0.3663510854 0.0036338898 0.102570292 -0.0102154788 -0.0364867027 
597 2 1.6149011822 0.6936216144 1.9136054823 6.7873145235e-04 -1.152092932 0.0216975299 -0.036039204 
598 2 1.5720631885 1.8397705465 0.5956885525 0.0359235697 1.0468668749 -0.257081943 -0.1462848564 
599 2 1.5356257503 0.4138282142 0.8344897704 1.1098284603 0.587652458 0.6777007671 0.9623619366 
600 2 1.2574811532 0.0578170743 0.6353905623 0.888051214 0.1916674811 0.2265932986 0.7511719911 
601 2 1.4000853118 0.1274015903 1.3423768241 0.4904604658 -0.4135467836 0.249970885 -0.8114078891 
602 2 1.7280195416 0.3912715773 0.0175280334 2.5772519254 0.0828143784 1.0041939185 0.2125421317 
603 2 1.603986432 1.6059275514 0.7845696326 0.1822752901 1.1224802844 0.5410368845 0.3781635326 
604 2 1.3849947901 6.4062223828e-06 1.5815837196e-04 1.9180460041 -3.1830766602e-05 0.003505343 -0.0174170903 
605 2 1.5582307264 0.9029472524 0.7103916508 0.8147440935 -0.8009033582 -0.8577126212 0.7607807842 
606 2 1.5952391748 0.9891956022 0.7187862939 0.8368061288 0.8432201616 0.9098158839 0.7755544959 
607 2 1.3799803052 0.0904049746 0.7183368175 1.0956038506 0.2548356759 0.314718983 0.8871372967 
608 2 1.2318673433 0.5559701797 0.3840309892 0.5774959825 0.4620711829 -0.5666308721 -0.470931368 
609 2 1.6519270681 0.2893887053 0.6345022143 1.8049721189 0.428506446 0.722729925 1.0701676533 
610 2 1.4161271199 1.7156563725 0.0662348964 0.2235247507 0.3370998696 0.6192670369 0.1216763687 
611 2 1.3073041896 0.7197730476 2.7856458564e-04 0.9889926319 -0.0141599181 -0.8437121788 0.0165981421 
612 2 1.2379274119 0.0905898763 1.4418288884 4.5512457291e-05 0.3614071122 0.0020305093 0.0081006898 
613 2 1.6348588999 1.3725222233 0.1674732857 1.1327681134 0.4794380111 -1.2468959097 -0.4355552754 
614 2 1.5981773541 2.5523775087 2.0682491595e-04 0.0015865214 0.0229759714 0.0636349087 5.7282821217e-04 
615 2 0.9131917042 7.1732852666e-04 0.7416463018 0.0915554583 0.023065213 0.0081040325 0.2605796751 
616 2 0.9600934491 0.1408274902 0.7633952663 0.0175566746 0.327882661 -0.0497238616 -0.1157699541 
617 2 0.9354847207 0.3306521994 0.0527003741 0.4917790892 0.1320056612 -0.4032466211 -0.1609873969 
618 2 1.2971117514 0.0161146746 0.5574196177 1.1089646032 -0.094776768 -0.1336809774 0.7862306438 
619 2 1.329196372 0.3261228006 0.5691283756 0.8715118191 0.4308198461 -0.5331227581 -0.7042741696 
620 2 1.6716331272 0.7099375753 0.0202885653 2.0641311712 0.1200150609 -1.2105388382 -0.2046417847 
621 2 1.4945872218 1.8430343161 0.082546559 0.3082100885 -0.3900463318 0.753685458 -0.1595044898 
622 2 1.2106685384 0.8839560356 0.5639070716 0.0178552028 0.7060234128 -0.125631263 -0.100342788 
623 2 1.0699659452 0.8167234511 0.2158033968 0.1123002759 0.4198234093 0.3028502417 0.1556752421 
624 2 1.0611020042 0.6886768723 0.0054680108 0.4317925803 0.0613652391 0.5453123542 0.0485906008 
625 2 1.6983633567 0.0470277668 0.7826212163 2.0547891083 -0.1918461052 -0.3108571103 1.2681173255 
626 2 1.4325999504 1.1767801881 0.6380928536 0.2374695763 0.8665419945 0.5286298257 0.389265513 
627 2 1.282926527 1.2004817441 0.2784274788 0.1669912508 -0.5781410774 -0.4477387051 0.2156268836 
628 2 1.7156180924 1.1214931516 1.3650778914 0.4567743961 1.237305745 -0.715729947 -0.7896408231 
629 2 1.213399523 0.0663424423 1.1509472453 0.2550487148 -0.2763270729 -0.1300790323 0.5418003467 
630 2 1.4485464982 1.5423072379 0.5418084004 0.0141713192 0.9141307442 0.1478395354 0.0876249953 
631 2 1.0618466155 1.0773308796 0.0455480598 0.0046392954 0.2215182415 0.070696932 0.0145365369 
632 2 0.9136246949 0.0125913596 0.4291345968 0.3929841268 0.0735077411 0.0703434748 0.4106617644 
633 2 0.7700534435 0.2339082984 0.0734962682 0.2855777393 -0.1311159297 -0.258455031 0.1448754572 
634 2 1.0299490839 0.3319846071 0.4317292891 0.2970812191 0.3785861572 -0.3140483909 -0.3581321872 
635 2 0.9515007897 0.4613452616 0.0446363622 0.399372129 -0.1435018265 0.4292417027 -0.1335159879 
636 2 1.2074771695 1.350950413 0.0948525989 0.012198103 -0.3579680958 -0.1283706832 0.0340150227 
637 2 1.4347183678 0.6251717381 0.9234943563 0.5097507005 -0.7598306205 -0.5645190266 0.6861136167 
638 2 0.5675656209 0.038064316 0.2501774149 0.0338890032 -0.0975849998 0.0359160372 -0.0920774848 
639 2 0.6569253386 0.190447818 0.0639210944 0.1771819881 -0.1103341876 0.1836951905 -0.1064221151 
640 2 1.3131875621 0.0074920731 1.6302064609 0.0867630392 -0.110515275 -0.0254957846 0.3760873132 
641 2 1.6187953415 1.5360152157 1.077198737 0.0072844049 -1.2863100911 -0.1057778653 0.088581893 
642 2 0.6736810737 0.3825112766 6.6175653046e-05 0.0712687369 0.005031196 -0.1651093441 -0.0021716941 
643 2 1.1913828567 0.8308200385 0.5871809208 0.0013921521 0.698456638 -0.0340092315 -0.0285909973 
644 2 1.644479997 1.3794311816 1.0052922466 0.3195910324 1.1775956316 -0.6639682488 -0.5668177722 
645 2 1.257343481 0.6328002097 0.9311457481 0.0169666714 -0.7676126788 -0.1036171473 0.125691861 
646 2 1.4594405521 1.0195389874 0.6445646899 0.4658630478 0.8106533361 -0.6891774372 -0.5479770715 
647 2 1.3556211043 0.2778752196 0.0786050625 1.4812282964 0.147791742 0.6415579772 0.3412213985 
648 2 1.6929267126 0.3591243734 0.0640573963 2.4428190844 -0.1516725826 0.936630062 -0.3955763267 
649 2 1.717219354 0.0965590476 0.9676710398 1.8846122225 -0.305675308 0.4265868742 -1.350438695 
650 2 1.1981543415 0.0717038651 1.3603442531 0.0035257077 0.3123170518 0.0158999016 0.0692544312 
651 2 1.5986679327 0.0970563593 2.3279979462 0.1306848536 0.4753388319 0.1126223606 0.5515741752 
652 2 0.6369766069 0.0645323256 0.0375621259 0.3036447463 -0.0492338434 0.1399817904 -0.106796733 
653 2 1.2380873927 1.1775934778 0.3552577256 9.1884996891e-06 -0.6467991811 -0.0032894251 0.0018067334 
654 2 1.5591796822 1.7990140862 0.4586025303 0.1734246649 0.9083129482 0.5585637072 0.2820159395 
655 2 1.2969876819 0.1523458428 0.2388331977 1.2909980063 0.1907491672 0.4434841365 0.5552775722 
656 2 1.6867259463 0.7853300701 0.1524109906 1.9073033572 0.345966666 1.2238720028 0.539160453 
657 2 1.4839130521 0.1288318514 2.0719978438 0.001168251 0.516661706 -0.0122681679 -0.049199732 
658 2 0.7008826438 9.0072799139e-04 0.1636495753 0.326686177 0.0121409947 0.0171538737 0.2312186284 
659 2 1.3693449043 0.7630736661 0.3919188944 0.7201129064 0.5468665171 -0.7412821294 -0.5312493333 
660 2 1.7071075947 1.9119963388 0.970885752 0.0313342492 -1.3624720192 -0.2447671747 0.1744189672 
661 2 1.6764562947 2.2918781764 0.451223651 0.0674038809 -1.0169314816 -0.3930413255 0.1743967466 
662 2 1.6982402162 0.5627703992 1.5204813613 0.8007680714 -0.9250307577 0.6713036326 -1.1034278079 
663 2 1.5941013266 0.6181892425 1.1733743602 0.7495954369 0.8516850397 -0.6807289 -0.9378465046 
664 2 0.9248759814 0.6880175782 0.1672739136 1.0408912567e-04 0.3392453285 0.0084625734 0.0041726964 
665 2 1.7105371132 0.8793300901 1.1717287836 0.8748783418 1.0150548639 0.8771013916 1.0124821654 
666 2 1.4506354082 1.4661017183 4.9079326345e-06 0.6382364613 -0.0026824482 0.9673259908 -0.0017698648 
667 2 1.7469202472 0.0639356525 0.9508163692 2.0369783285 -0.2465584413 -0.3608816129 1.3916868679 
668 2 1.5429776136 0.8220428765 1.0861725762 0.4725644633 0.9449235043 0.6232722124 0.7164402002 
669 2 1.6665531093 0.2850461154 0.2129839453 2.2793692053 -0.2463944932 -0.8060554184 0.6967560881 
670 2 1.0427141015 0.1089717159 0.1241889982 0.8540919835 0.1163318023 0.3050768247 0.3256820962 
671 2 1.6725292372 2.598848362 0.1957995993 0.002706088 0.7133396582 0.0838612684 0.0230184913 
672 2 1.0119287439 0.1080562724 0.0732593755 0.8426841349 -0.0889726645 0.3017570321 -0.2484643102 
673 2 1.3784358735 0.0584720011 0.1169777042 1.7246357521 0.0827038116 0.317557717 0.4491591376 
674 2 0.99568291 0.0076581026 0.3919684497 0.5917579049 -0.0547880882 -0.0673182202 0.4816123219 
675 2 1.2436440487 0.1029085522 0.1283728892 1.3153690783 -0.1149376708 0.3679167399 -0.4109230208 
676 2 1.5531129373 1.2732431744 1.1061824598 0.0327341618 -1.1867768394 0.2041532465 -0.1902891369 
677 2 1.4675932019 1.4694315516 0.6574485705 0.0269496841 -0.9828914859 0.1989992868 -0.1331090955 
678 2 1.6841373579 1.8949731526 0.5043018528 0.4370436349 -0.9775676303 0.9100472266 -0.4694698231 
679 2 1.0977105299 0.2247089786 0.0316105296 0.9486488993 -0.0842803051 0.4617032869 -0.1731683982 
680 2 1.651867932 0.7077680569 1.1178073551 0.9030922526 -0.8894651987 -0.7994872412 1.0047303928 
681 2 1.4570333628 0.2719002013 0.07521151 1.7758345089 0.1430035828 0.6948739169 0.365462987 
682 2 1.3821796824 0.6680959539 0.1615062138 1.0808185067 -0.3284838625 0.8497590666 -0.417802471 
683 2 1.2500240441 0.9417054961 0.4895705783 0.1312840365 -0.6789928603 0.351611858 -0.2535208111 
684 2 1.2332246332 0.1211243837 0.9082491208 0.4914694915 0.3316792351 -0.2439855308 -0.6681143117 
685 2 1.0369738098 0.2297243974 0.748917704 0.0966725808 -0.4147826759 0.149023657 -0.2690721227 
686 2 1.5975186727 1.6074936039 0.9422025337 0.0023697721 -1.2306845845 0.0617202848 -0.0472525694 
687 2 1.5718064507 0.7750990209 0.0107558003 1.6847206974 0.091306135 1.1427271604 0.1346124786 
688 2 1.6984727916 0.0184197282 2.0725332549 0.7938568408 0.1953855144 -0.1209240557 -1.2826904156 
689 2 1.3657992328 0.6609406416 0.0524515252 1.1520153775 0.1861916882 -0.872590272 -0.2458148971 
690 2 1.6214731249 2.3959747312 0.1377700333 0.0954303303 -0.5745376564 0.4781722074 -0.1146622858 
691 2 1.4432738468 0.1329242521 1.516431721 0.4336834238 0.4489660927 0.2400979899 0.8109570277 
692 2 1.0952943074 0.351744504 0.1319885109 0.7159366049 -0.2154674762 0.501823441 -0.3074010514 
693 2 1.1477871057 0.3122166534 1.0051985417 4.4823536882e-08 -0.560213999 -1.1829900541e-04 2.1226529134e-04 
694 2 1.6025109192 1.9493536385 0.5492833871 0.0694042206 1.0347693314 0.3678224706 0.1952500585 
695 2 1.4394721949 1.4790365904 0.377969923 0.2150736863 0.7476839882 0.5640051877 0.2851164405 
696 2 1.3732991119 0.854233888 1.0114212048 0.0202953578 -0.9295107682 -0.1316699754 0.1432730096 
697 2 0.8693747614 0.2260005987 0.3995686278 0.1302432492 -0.3005041582 0.1715664661 -0.2281252208 
698 2 1.5948286349 2.4968216822 0.0286986947 0.0179579977 -0.2676854929 0.2117496589 -0.0227017861 
699 2 0.854064512 0.1589995242 0.5484256635 0.0220010029 0.2952954784 -0.059145152 -0.1098449573 
700 2 1.7380729984 0.0302003047 0.1430991284 2.8475983146 0.0657391609 -0.2932547301 -0.638348523 
701 2 1.3683536557 0.8704046368 0.4844453438 0.5175417465 -0.6493561993 -0.6711711674 0.5007201707 
702 2 1.2427129568 0.216024745 0.2693798641 1.058930884 0.2412316656 0.4782836755 0.5340923681 
703 2 1.7335149601 1.7078979373 0.7728400137 0.5243361659 -1.1488828771 0.9463153048 -0.6365751877 
704 2 1.7019028129 0.0046901655 0.5069438479 2.384839171 -0.0487611583 -0.1057605336 1.0995360594 
705 2 1.1654937566 0.4725644633 0.0035454414 0.8822657918 0.0409322566 -0.6456992027 -0.0559287199 
706 2 1.6631845793 0.6663011789 0.9418035974 1.1580781686 -0.7921646592 0.8784240713 -1.0443573073 
707 2 1.6716118534 0.3614943148 2.2167556039 0.2160362698 -0.8951785007 0.2794564068 -0.6920257305 
708 2 1.2207401556 0.9437203736 0.062681807 0.483804347 0.2432161555 -0.6757040914 -0.1741428457 
709 2 1.4353500376 0.3328581818 0.3950275153 1.3323440334 0.3626129348 0.6659441512 0.7254740195 
710 2 1.5287174271 0.0622894157 0.4003660813 1.8743214749 0.1579195025 0.3416875611 0.8662648233 
711 2 1.461008229 0.465783964 0.6081749567 1.0605861244 0.5322388018 -0.7028541877 -0.8031325671 
712 2 1.3438549687 1.2475012198 0.0924188389 0.4660261181 0.3395476612 0.7624750165 0.2075321487 
713 2 1.6520235255 2.0958256941 0.6326348379 7.2119699338e-04 -1.1514739894 -0.0388780554 0.021360111 
714 2 0.8104862565 0.3281825138 0.1226578649 0.2060475932 0.2006344099 0.260040799 0.1589759663 
715 2 1.3155760791 1.4465621771 0.0051183636 0.2790598793 -0.0860466805 0.6353561729 -0.0377932525 
716 2 1.1942468684 0.3276647941 0.0119583015 1.0866024872 0.0625964408 0.5966920313 0.1139908775 
717 2 1.1589709172 0.3927904493 0.739427186 0.2109959517 -0.5389247968 0.2878839952 -0.3949887882 
718 2 1.5411156637 0.0686425448 2.0759257983 0.2304691458 -0.3774875225 0.1257775364 -0.6916912935 
719 2 1.4274818253 0.3283573638 1.1905173707 0.5188296269 -0.6252320733 0.4127487475 -0.7859234589 
720 2 1.6851608089 0.1440782773 2.4648586157 0.2308300589 0.5959300153 0.182366656 0.7542966654 
721 2 1.3861276646 1.2784288265 0.0960440969 0.5468769792 0.3504076798 -0.8361478905 -0.2291818177 
722 2 1.6657398106 1.1868116959 0.1667419265 1.4211354942 -0.4448497145 1.2986994363 -0.4867883216 
723 2 1.6693455357 0.3492760221 0.3215500063 2.1158884893 -0.3351264047 0.8596680259 -0.8248417769 
724 2 1.6749328869 0.0033077724 0.361088468 2.4410039352 0.0345600706 0.0898570282 0.938838842 
725 2 1.4329222864 0.0230874626 1.4309386773 0.599240139 -0.1817601255 -0.1176219976 0.9259999416 
726 2 0.8043688741 0.0090772205 0.4182895371 0.219642528 0.0616190423 0.0446513568 0.3031075244 
727 2 1.6487668443 0.1177984924 0.0140308934 2.5866027211 -0.0406548655 0.5519944754 -0.1905055039 
728 2 1.2431717987 0.5943695385 0.3073746566 0.643731926 -0.4274273421 0.6185585241 -0.4448223013 
729 2 1.6639530758 1.2677491272 0.5142975864 0.9866931248 0.8074653653 1.1184271759 0.7123579806 
730 2 1.4550820988 0.4954434633 0.0043499576 1.6174704933 -0.0464236799 0.8951900261 -0.0838804391 
731 2 0.6248502104 0.001835838 0.0710321603 0.3175697871 0.0114194368 -0.0241455311 -0.1501921038 
732 2 1.4557232687 0.0796039307 1.799080602 0.2404457024 0.3784361076 0.1383489177 0.6577090534 
733 2 1.397203154 0.0109369608 0.4067842504 1.5344554424 -0.0667007002 0.1295464359 -0.7900584199 
734 2 0.9839020749 0.078575119 0.730443774 0.1590443999 -0.2395719234 0.1117896804 -0.3408415932 
735 2 0.9837741042 0.0077907842 0.3502084442 0.6098122596 0.0522340733 -0.0689268867 -0.4621270417 
736 2 1.225435854 0.0149827633 1.4060234354 0.0806868336 -0.1451417113 -0.034769408 0.3368198019 
737 2 0.684571202 0.2831676686 0.1801221156 0.0053479463 0.2258423334 0.0389148491 0.0310368072 
738 2 1.5586908831 0.0549151016 2.192230368 0.1823717996 0.3469676546 0.1000748015 0.632298187 
739 2 1.333704138 0.2356420556 0.0652650619 1.4778596102 0.1240128757 0.5901236111 0.3105681872 
740 2 1.5600316927 0.3281366234 1.9400707557 0.1654915032 -0.7978773508 0.233031807 -0.5666261781 
741 2 1.6701807246 1.4449889022 1.0136321895 0.3308825613 -1.210242647 -0.6914633967 0.5791314316 
742 2 1.6641498159 0.4702831566 1.8238762973 0.4752351557 0.9261416211 0.4727526723 0.9310049066 
743 2 1.669851803 2.0804626755 4.2725620006e-05 0.7078996429 -0.0094280994 1.2135727358 -0.0054995865 
744 2 1.7190858989 2.5827995623 0.0303230707 0.3421336947 0.2798542724 -0.9400333807 -0.1018555066 
745 2 1.6383506609 1.89083088 0.1906026709 0.6027593371 0.6003310886 1.0675748067 0.3389506447 
746 2 1.7474741361 0.4638489972 0.0470716213 2.5427452377 -0.1477637451 1.0860247827 -0.3459640747 
747 2 1.2168543649 0.0726846281 1.3021090498 0.1059408674 0.3076415318 -0.0877511969 -0.3714115806 
748 2 1.2992465142 0.0090711112 1.0364514403 0.6425189532 -0.0969627053 -0.0763437021 0.8160512818 
749 2 1.3543192086 1.7049746894 0.0452269437 0.0839788858 0.2776883043 0.3783938091 0.0616287947 
750 2 1.4893098713 0.455259692 1.7001682757 0.0626159251 -0.8797829764 -0.1688387005 0.3262784232 
751 2 1.2818483105 2.4668464903e-05 0.6241481584 1.0189622643 -0.0039238727 -0.005013605 0.7974856869 
752 2 1.5615153971 1.1209882352 0.9869015435 0.3304405565 1.0518103534 0.6086213735 0.5710624268 
753 2 1.3511361213 1.3351128808 0.1179222511 0.3725336865 0.3967864871 0.7052478453 0.2095948733 
754 2 0.7556343017 0.1132618887 0.4223978486 0.0353234606 0.2187271774 0.0632518922 0.1221497186 
755 2 1.1794697299 0.0437769708 0.7688260088 0.5785458642 -0.1834580981 -0.1591445425 0.6669341104 
756 2 1.1076019534 0.3662344942 0.656882659 0.2036649339 0.4904825057 -0.2731100951 -0.3657649017 
757 2 1.6591374958 0.0609853184 0.4090439876 2.2827079238 0.1579420078 -0.3731108006 -0.9662959959 
758 2 1.1049985271 0.1148089963 0.9325067869 0.1737059617 -0.3272005016 0.1412197122 -0.40246986 
759 2 1.303675754 1.0680369047 0.2916586699 0.3398748969 -0.5581238421 0.6024939276 -0.3148451371 
760 2 0.7850462671 0.1430773032 0.0210658769 0.4521544613 -0.0549003539 0.2543482671 -0.0975962613 
761 2 1.5352425429 1.148588111 0.6663541151 0.5420274394 0.8748522243 -0.7890286894 -0.6009843714 
762 2 1.4057565711 1.9749153918 3.2660182114e-06 0.0012328793 0.0025397066 -0.0493440199 -6.3455545387e-05 
763 2 1.253927776 0.2591652913 1.123482618 0.189686958 0.5395995738 -0.2217211666 -0.4616383868 
764 2 0.9575688653 0.657733938 0.0465438356 0.2126603583 0.1749670262 0.3739972392 0.0994888373 
765 2 1.7137348594 0.1659857459 2.7680789138 0.0028225088 0.6778360002 -0.0216447738 -0.0883907639 
766 2 0.9723681146 0.596969975 0.3283524455 0.0201773299 0.4427375647 0.1097509003 0.081395796 
767 2 1.6268984092 0.2747361113 1.7016831969 0.6703791258 0.6837498258 0.4291588915 1.0680697046 
768 2 0.7394951558 0.4611949938 0.0040990689 0.0815590227 -0.0434795362 0.1939448709 -0.0182843117 
769 2 1.6527711068 0.0392833295 2.4536793309 0.238689671 -0.3104652858 0.0968324584 -0.7652894303 
770 2 1.1494210899 7.9471064964e-06 1.0910487199 0.2301121749 -0.0029446019 -0.0013523039 0.501062465 
771 2 1.3016103705 0.2283503825 0.6068919589 0.8589472151 0.3722687349 -0.4428780025 -0.7220028795 
772 2 0.819354885 0.1629674291 0.0479801564 0.4603948421 0.0884262559 -0.2739148842 -0.1486264328 
773 2 1.1252563442 0.5376875873 0.0168640953 0.7116501576 -0.0952240239 0.6185834271 -0.1095506097 
774 2 1.6126823435 0.1013029055 0.1211309182 2.3783105172 -0.1107741575 -0.4908459694 0.5367373069 
775 2 1.0516793558 0.3711763498 0.637019165 0.0978339526 0.4862575947 0.1905614059 0.2496439521 
776 2 1.3752179004 1.3369868408 0.5510603107 0.0031771222 -0.8583474727 -0.065174923 0.0418423942 
777 2 1.0087262584 0.6090945524 0.3288931316 0.0795409805 0.4475790598 0.2201090136 0.1617420235 
778 2 0.8157429398 0.0821237727 0.2012366606 0.3820761105 0.1285547112 0.1771370421 0.2772863512 
779 2 0.9753371409 0.4688258604 0.0596409719 0.4228157061 0.1672161175 -0.4452268379 -0.1587990543 
780 2 1.6383967022 1.3701345304 1.2683945532 0.0458146701 1.31828342 -0.2505439312 -0.2410623944 
781 2 1.7144045637 1.2793131828 0.9996376366 0.6602321885 -1.1308623287 0.9190450166 -0.8123994981 
782 2 1.4918078021 0.4860144546 0.7127881944 1.0266878695 -0.5885791073 0.7063888058 -0.8554595213 
783 2 1.0730131633 1.0432023866 0.0016329715 0.1065218906 0.0412737174 -0.3333525019 -0.0131889048 
784 2 0.7349375709 0.0184715374 0.0325594356 0.4891022602 0.0245239237 0.0950498326 0.1261938729 
785 2 1.2651300042 0.760684618 0.7572665712 0.0826027385 -0.7589736704 0.2506683717 -0.2501045632 
786 2 1.7120247372 0.1671721275 2.7393192719 0.0245373012 -0.6767110391 -0.0640464897 0.2592595266 
787 2 1.2380936446 0.9342721213 0.5013250293 0.0972787221 -0.6843785492 -0.3014710568 0.2208353645 
788 2 1.6678154715 2.4963455142 0.123145991 0.1621169417 -0.554450126 0.6361602786 -0.1412942017 
789 2 1.3494671677 0.5032120788 1.2749030732 0.0429464846 -0.8009660578 0.1470074481 -0.2339927461 
790 2 1.7306678845 2.6453041283 0.1969905832 0.1529166148 0.721872567 -0.6360117549 -0.1735601715 
791 2 1.1189644813 0.0356111844 0.6574624895 0.5590078364 -0.1530131301 0.1410919245 -0.6062397906 
792 2 1.6591397076 0.1722518821 2.5772359455 0.0032567419 -0.6662835299 -0.0236850147 0.091615459 
793 2 1.5965881515 1.556780813 0.7808049923 0.2115079202 -1.1025163176 0.573821812 -0.4063821354 
794 2 0.9926085489 0.0440917051 0.6248038162 0.31637621 -0.1659779071 0.1181082832 -0.4446043897 
795 2 1.3233565323 0.8183635346 0.6625709819 0.2703379949 -0.7363585612 -0.4703559897 0.4232234761 
796 2 1.1709191573 0.0861629327 0.4177250548 0.8671636855 0.1897166724 0.2733447755 0.6018604473 
797 2 1.7059611141 0.002602812 0.0429243523 2.8647761584 0.0105699583 0.0863508752 0.3506688769 
798 2 0.5500943608 0.0926996959 0.1650506856 0.0448534242 -0.1236937685 -0.064481771 0.0860412019 
799 2 1.1783732794 0.0795205404 1.3088517711 1.9127401538e-04 -0.322615251 0.0039000273 -0.0158224313 
800 2 1.526294264 0.0805024594 0.7867550857 1.4623166353 -0.2516658883 -0.3431036076 1.0726066612 
801 2 0.9453054131 0.4720978003 0.3722915804 0.0492129434 0.4192350608 0.1524248087 0.1353571737 
802 2 1.213312527 0.1211385524 1.1590754214 0.1919133143 -0.3747115139 -0.1524732799 0.4716375787 
803 2 1.2588071213 0.3022285689 0.8132744819 0.4690923178 0.4957769486 -0.3765276881 -0.6176575198 
804 2 1.5258688902 1.2814779094 0.221410628 0.8253873326 -0.5326657758 -1.0284530293 0.4274921375 
805 2 1.5993841378 0.0215841453 1.4703276231 1.0661178518 -0.178145348 0.1516945701 -1.2520153861 
806 2 0.7108891823 0.3661444662 0.091367114 0.0478518493 -0.1829031525 -0.1323657427 0.0661217466 
807 2 1.442383624 0.8875965255 1.0180864194 0.1747875739 0.9506050539 -0.3938792242 -0.4218398455 
808 2 1.3281168262 0.5278792084 1.1485390519 0.0874760435 -0.7786461877 0.214887842 -0.3169694814 
809 2 1.5440181276 0.0607622575 1.6775007095 0.6457290114 -0.3192627916 0.1980806717 -1.0407741709 
810 2 1.2375769823 0.4447583647 0.0185018795 1.0683365429 -0.0907130953 -0.689312421 0.1405924393 
811 2 1.6225266324 0.3647907662 1.4086345965 0.8591673102 0.7168381224 -0.5598359593 -1.1001149019 
812 2 1.4807352722 0.1512908699 0.0535898904 1.987696186 0.0900425518 -0.5483796906 -0.3263746631 
813 2 1.4775414182 0.5898888314 1.5713937119 0.0218460993 0.9627811799 0.1135199102 0.1852803906 
814 2 1.6631110497 0.0575710547 0.5737335491 2.1346337599 -0.1817428005 0.3505611457 -1.1066666179 
815 2 1.2928299861 0.9934779999 0.0082036974 0.6697276757 -0.0902784187 0.8156958451 -0.0741231623 
816 2 1.1475676402 0.2331262363 0.8377311216 0.2460541309 -0.4419243186 -0.2395029717 0.454012338 
817 2 1.6830449178 1.5015840536 0.0388182169 1.2922379248 0.2414307674 -1.392983798 -0.2239695784 
818 2 1.3560167726 0.1055932641 0.6339918285 1.0991963948 0.2587378337 0.3406871515 0.8347943054 
819 2 0.947785712 3.4629662787e-04 0.4640796032 0.433871856 0.0126771133 -0.0122575838 -0.448721605 
820 2 1.6726683526 0.96051967 1.6146290519 0.2226706958 -1.2453445162 -0.4624711702 0.5996086844 
821 2 1.4305676054 0.0711707516 1.1511385772 0.8242143448 0.2862296241 0.2421981717 0.9740559164 
822 2 1.7236168369 1.6120849396 0.1813152553 1.1774548055 0.5406436834 -1.3777362444 -0.4620503422 
823 2 1.7175938086 1.8566861473 1.0359252792 0.0575170648 -1.3868626881 0.326789133 -0.2440970737 
824 2 1.0643748592 0.2111449196 0.7186989745 0.2030499468 0.389550558 -0.2070578776 -0.3820101943 
825 2 1.073220355 0.0090869452 1.1101540007 0.0325609844 0.1004385812 0.0172011593 0.1901255035 
826 2 1.5547135421 0.0670196667 2.1402247696 0.2098897616 -0.3787309741 0.1186032962 -0.6702322484 
827 2 1.1030880645 0.9761419497 0.0346154667 0.2060458617 -0.1838195015 -0.4484752046 0.0844533816 
828 2 1.7308024406 0.0310168418 2.8433706208 0.1212896258 0.2969720135 0.0613353172 0.5872574891 
829 2 1.7305035917 0.7167469946 2.14973648 0.1281592062 1.2412965646 -0.3030803951 -0.5248890558 
830 2 1.2901456844 0.1693063313 1.4021360794 0.0930334762 0.4872273757 0.1255036117 0.361172526 
831 2 0.9757429067 0.5708304441 0.0383902482 0.3428535278 -0.148034869 0.4423926214 -0.1147267712 
832 2 0.7958815359 0.1905885151 0.2826359647 0.1602029394 -0.2320930176 0.1747364883 -0.2127888915 
833 2 1.682994823 1.1946165451 1.5874684002 0.050386629 1.3771042138 -0.2453420076 -0.2828200512 
834 2 1.4628574966 1.6596125554 3.008638887e-04 0.480038636 -0.0223454131 0.8925682872 -0.012017749 
835 2 1.0424408204 0.0434145671 1.0374186824 0.0058496145 0.2122241338 -0.0159360749 -0.0779005739 
836 2 1.3809291738 0.1274342707 1.0927084286 0.6868226838 -0.3731601555 0.2958458176 -0.8663122621 
837 2 1.3986079864 0.577107594 1.3731613786 0.0058353271 0.8902032686 0.058031126 0.0895145005 
838 2 1.3084219381 0.1110675113 0.3754263983 1.2254740586 0.2042000875 -0.3689313674 -0.6782885168 
839 2 1.5837475237 1.2710015533 0.384773045 0.8524816206 0.699319053 -1.0409156853 -0.5727232744 
840 2 1.3749270353 0.8445323516 0.0811814313 0.9647105694 -0.2618403046 0.9026235571 -0.2798510047 
841 2 0.8908792319 0.554719362 0.1859992654 0.0529471785 0.3212123812 0.171379185 0.0992377766 
842 2 1.2391975356 0.6454271062 0.8590462102 0.0311372158 -0.7446151419 0.1417631937 -0.1635490973 
843 2 0.9756600359 0.0022078283 0.4977297548 0.4519749225 0.0331496884 0.0315892866 0.4743009249 
844 2 0.9497110054 0.068705524 0.8163890829 0.0168563868 0.236834203 0.0340312634 0.1173088665 
845 2 0.4479519405 0.0160459843 0.178730864 0.0058840927 -0.0535528956 -0.0097167926 0.0324294461 
846 2 0.8266851051 0.3378240686 0.1394608373 0.2061233571 0.2170558165 0.2638814717 0.1695468548 
847 2 1.6641824415 0.2398269499 2.5295738264 1.0242233111e-04 0.778883801 -0.0049561714 -0.0160961128 
848 2 1.6341315808 0.1788478056 0.2730471516 2.2184910661 0.2209838996 -0.62989861 -0.7783011412 
849 2 0.844827424 0.0017777499 0.6915176354 0.0204379911 -0.0350620227 -0.006027739 0.1188832674 
850 2 1.3283816926 0.0340473687 0.1770527512 1.5534978013 0.0776413569 0.2299837221 0.5244531053 
851 2 1.5056265068 0.2023874058 2.0609043553 0.003619417 -0.6458336365 0.0270651882 -0.0863670783 
852 2 0.9521161262 0.4097505998 0.4618039886 0.0349705294 0.4349993808 0.1197046173 0.127080801 
853 2 1.4468459497 0.8165872826 0.706492949 0.5702829706 0.7595479954 -0.6824117681 -0.63474475 
854 2 1.4865336195 2.1776859775 0.0269240929 0.0051721317 -0.2421409083 -0.1061285948 0.0118006336 
855 2 0.8102868739 0.3911735552 0.2640047983 0.0013864646 0.3213591379 -0.0232883722 -0.0191319969 
856 2 1.031876507 0.0053020157 1.0547318364 0.0047352736 0.0747810454 0.0050106382 0.0706713787 
857 2 0.6703640316 0.0833879523 0.0076361693 0.3583638133 0.0252341934 -0.1728676505 -0.0523118222 
858 2 1.6968406578 3.0658120522e-06 2.0491143151 0.8301508371 -0.0025064316 -0.0015953327 1.3042522624 
859 2 1.2000616517 0.4020452676 0.8905567821 0.1475459182 -0.5983678967 -0.2435572585 0.3624886455 
860 2 1.0022922358 0.8310468242 0.0590916632 0.1144512386 0.2216031116 -0.3084061256 -0.0822381544 
861 2 0.8665774367 0.0836012422 0.0446452784 0.6227099332 -0.0610933772 0.2281651243 -0.1667364937 
862 2 1.2250405775 0.3840691092 0.3383275611 0.7783277461 0.3604735289 0.5467464167 0.5131566311 
863 2 1.7165738075 2.2368186023 0.7076027894 0.0022042449 -1.258085483 -0.0702174907 0.0394934152 
864 2 1.4665488928 0.2806500816 1.8696554281 4.6014524651e-04 0.7243748673 -0.0113639694 -0.0293310937 
865 2 1.5043735372 0.2346311511 0.1846559354 1.8438526529 0.2081490684 -0.6577425563 -0.5835052153 
866 2 1.4103894013 1.9178795898 0.02728072 0.0440379537 0.2287381387 -0.2906191537 -0.0346610312 
867 2 0.8396926678 0.0041282913 0.6476539739 0.0533015112 0.0517078743 -0.0148338857 -0.1857981043 
868 2 1.3127603123 0.037244889 0.283628905 1.4024658437 -0.1027799936 0.2285490858 -0.6306979083 
869 2 1.7312256747 0.2671472256 2.7195349569 0.0104601541 -0.8523592076 0.0528620955 -0.1686616575 
870 2 1.6318418428 2.4969482662 0.0317565169 0.1342030169 0.2815925777 0.5788764897 0.0652826192 
871 2 0.6685777953 0.1720421689 0.2608868078 0.0140672916 0.2118573394 0.0491951965 0.0605802839 
872 2 1.6575037852 1.0282500304 0.1545701812 1.5644985864 0.3986687767 -1.2683436912 -0.4917568809 
873 2 1.7414378482 1.4954900304 0.0373717145 1.4997440344 -0.2364086006 1.4976155219 -0.2367446005 
874 2 1.7281065531 1.4620594734 1.0037877597 0.5205050257 -1.211444346 -0.872358472 0.7228254102 
875 2 1.2633349498 0.0190499259 0.3934260574 1.183539212 -0.0865721506 -0.1501543683 0.6823746521 
876 2 1.6881982496 1.4648340939 0.0214336507 1.3637455854 0.1771912592 -1.4133863693 -0.1709679694 
877 2 0.8442062335 0.164833014 0.5278390213 0.0200121293 0.2949666028 0.0574339585 0.1027773456 
878 2 1.554473016 0.1528420612 1.3158656944 0.9476786019 -0.4484636272 -0.3805852741 1.1166994947 
879 2 0.8361600192 0.0236227721 0.6700679984 0.0054728072 0.1258128117 0.0113702629 0.0605570226 
880 2 1.4168022219 0.0019899691 1.0579644526 0.9473741143 -0.0458837289 -0.0434194107 1.0011434144 
881 2 1.2459742086 0.6099016304 0.7182737727 0.2242763254 -0.6618733603 -0.3698465851 0.4013624327 
882 2 1.6161957618 2.4720251933 0.0533334415 0.0867301056 0.3631000016 -0.4630324029 -0.0680118741 
883 2 1.6065262741 1.3147489869 0.0418023906 1.2243752919 0.2344347472 1.2687577289 0.2262339811 
884 2 1.6690045861 1.19538801 0.2006253534 1.3895629449 -0.4897194523 -1.2888238372 0.5279976865 
885 2 1.0946556394 0.0777778444 0.0092355484 1.1112575759 -0.0268015121 0.2939918687 -0.1013068269 
886 2 1.5045281684 1.1723110834 0.8265175322 0.2647763939 0.984345297 -0.5571358014 -0.4678058696 
887 2 0.6076903207 0.1221453757 0.2470855322 5.6617955124e-05 -0.1737249411 -0.0026297569 0.003740251 
888 2 1.5092723776 1.9812999649 0.0558014101 0.2408017348 -0.3325046342 0.6907245969 -0.1159184038 
889 2 1.4989218384 0.6177859016 0.3794938148 1.2494869612 -0.4841961674 0.8785871777 -0.6886018976 
890 2 1.6696740537 1.1274030448 0.0552880566 1.6051203443 -0.2496636205 -1.3452202658 0.2978992858 
891 2 1.6752313933 0.5956149494 1.7784509236 0.4323343482 -1.0292093843 0.5074493087 -0.8768611183 
892 2 1.5244725699 0.5199595544 1.7952221634 0.0088348985 0.9661484959 -0.0677775027 -0.1259388961 
893 2 1.0889776059 0.3168570215 0.5273690147 0.3416461899 -0.4087793723 0.3290182277 -0.4244686261 
894 2 0.9219908059 0.3980121292 0.4440698354 0.0079850815 -0.4204107285 0.0563751657 -0.0595477442 
895 2 1.4072485559 0.7087929855 0.2454357586 1.0261197541 -0.4170888923 0.8528226568 -0.5018430833 
896 2 1.1480733406 0.2849099939 0.2090153176 0.8241470839 -0.2440298196 -0.4845696448 0.415041401 
897 2 0.6449817802 0.3118746392 0.006003495 0.0981233626 -0.0432705191 -0.1749348116 0.0242710344 
898 2 1.4571547316 0.6987372945 0.3364087617 1.0881538557 0.4848312572 0.871971147 0.6050326364 
899 2 1.3655216585 0.0279951091 1.0632189072 0.7734353836 0.1725251557 -0.1471475721 -0.9068247479 
900 2 0.8213832911 0.1887519044 0.0386223011 0.4472963053 0.0853816894 0.2905650176 0.1314367247 
901 2 1.2592677034 0.246286931 0.7098612406 0.6296069773 -0.4181262326 -0.3937816275 0.6685309193 
902 2 1.5490820972 0.5829718959 1.5657728149 0.250910633 -0.9554064823 -0.3824576414 0.6267926676 
903 2 1.6996770499 0.1584926417 0.0038430881 2.7265663442 0.0246799753 0.6573740965 0.1023642251 
904 2 1.1980804066 1.1676991799 0.2667136331 9.8384780358e-04 -0.5580692526 -0.0338945169 0.0161989389 
905 2 1.2653101847 0.800800501 0.7032100392 0.0969993232 0.7504205166 0.2787061295 0.2611721614 
906 2 0.7971050931 0.5436294526 0.0121606349 0.079586442 0.0813073138 0.2080036873 0.0311098322 
907 2 1.3133578362 0.1759525409 1.1949167613 0.3540395038 0.4585287781 0.249587961 0.6504211999 
908 2 1.4345909092 1.54801404 0.2165037236 0.2935333132 0.5789221052 -0.6740873015 -0.2520933465 
909 2 1.5480126457 2.0130059457 0.0208548375 0.3624823682 -0.2048924398 0.8542125979 -0.0869454478 
910 2 1.7306137123 0.0673934822 1.9963240568 0.9313062823 -0.3667958968 -0.2505273905 1.36352086 
911 2 1.6532995111 0.0724960309 0.1946774425 2.4662258 -0.118799587 -0.4228375358 0.6929058604 
912 2 1.5887048351 0.7312093227 0.0302608271 1.7625129034 -0.1487514668 1.1352382421 -0.2309439287 
913 2 1.5856540531 0.7533942529 0.0239996468 1.7369048765 -0.1344663376 1.1439292599 -0.2041693011 
914 2 1.6702803295 0.0847955898 0.6817498535 2.0232909359 -0.2404358146 -0.4142054421 1.1744693692 
915 2 0.7504842409 0.5040174503 7.5746243965e-05 0.0591333994 0.0061787886 -0.1726391183 -0.0021163962 
916 2 1.3064677439 0.126533696 0.0360965791 1.5442276909 -0.0675827904 0.4420371445 -0.2360960333 
917 2 1.476734674 1.8024617339 0.1841792255 0.194104338 0.5761735903 -0.5914944139 -0.1890766687 
918 2 1.6097562277 0.3638778031 2.200956186 0.0264811235 -0.8949184889 -0.0981625848 0.241420365 
919 2 1.5776900477 1.4537812902 0.7781750469 0.2571495496 -1.0636241459 0.6114239151 -0.4473336147 
920 2 1.4394367485 0.6292736865 1.2042924064 0.2384120599 -0.8705340443 0.3873324616 -0.535833774 
921 2 1.2193525661 1.0674259306 0.3025350915 0.1168596584 0.5682726472 0.3531841299 0.1880269859 
922 2 1.1383437208 0.1984336218 0.857089243 0.2403035618 0.4124018946 -0.218367365 -0.4538299218 
923 2 1.6159439381 0.236768347 1.9187434379 0.4557630262 0.6740161067 0.3284969685 0.9351429387 
924 2 1.533783191 1.462187475 0.5716831524 0.3186202498 -0.9142800146 -0.6825558867 0.4267901461 
925 2 1.2187109106 0.2646726153 0.1100364939 1.1105471744 0.1706565165 0.5421544292 0.349572192 
926 2 0.8638666797 0.1535490342 0.3618407259 0.2308758802 -0.2357123119 -0.1882837445 0.2890333823 
927 2 1.0939616034 0.5828422915 0.52278975 0.0911199482 0.5519999782 0.230452944 0.2182580467 
928 2 0.9041148125 0.0587151988 0.5975802388 0.1611281566 0.1873153559 0.0972659846 0.31030147 
929 2 1.4668548698 0.0908587434 1.1406073614 0.9201971041 -0.3219225864 -0.2891503979 1.0244918696 
930 2 1.2300503568 0.2284116814 0.9895029428 0.295109256 -0.4754093298 0.2596274279 -0.5403808631 
931 2 0.7474028729 0.0560905927 0.1973751046 0.3051453571 0.1052182808 -0.1308273058 -0.2454141332 
932 2 1.3515711241 0.9441248121 0.1800347009 0.7025849904 0.4122805212 0.8144494595 0.3556538747 
933 2 1.7347711204 0.182236205 2.0153196958 0.8118749393 0.6060232778 0.3846466013 1.279135472 
934 2 0.6182464926 0.0034866308 0.3762479851 0.0024941098 -0.0362193014 0.0029489049 -0.0306333768 
935 2 0.9364191952 0.4545019975 0.0518634668 0.3705154448 0.1535319161 -0.4103657025 -0.1386225648 
936 2 1.2238176286 0.8340742803 0.030761403 0.6328939047 0.160178947 -0.7265538714 -0.1395302994 
937 2 1.4333836604 0.0050753341 0.0884782436 1.9610351403 0.0211909566 0.0997642643 0.416544049 
938 2 1.2793762623 0.8922423339 0.004389295 0.7401719917 -0.0625804668 0.8126578525 -0.0569985371 
939 2 1.6255119234 0.0756066953 1.4708029409 1.095879377 0.3334704632 -0.2878468658 -1.2695757601 
940 2 1.0803317219 0.0225190584 0.2844744203 0.8601231506 -0.0800380915 0.1391731422 -0.4946544598 
941 2 1.6091342552 0.4975925096 1.6540689252 0.4376516166 0.9072223033 -0.4666606543 -0.850826621 
942 2 1.4681060769 1.2880133739 0.412474116 0.454847963 -0.7288842005 -0.7654085572 0.4331431766 
943 2 0.7210737312 0.0120050682 0.1069593441 0.4009829136 -0.0358337023 -0.06938175 0.2070962806 
944 2 1.5131343177 0.7953266707 1.4941852808 6.3511958448e-05 -1.0901217385 -0.0071072325 0.009741593 
945 2 1.572778744 0.3777369 0.9864051642 1.1094909133 0.6104110327 -0.647375979 -1.0461393629 
946 2 0.6964283239 0.1419843943 0.01121881 0.3318092059 0.0399111006 0.217052365 0.0610123303 
947 2 0.6565230913 0.4225683145 2.2220095184e-04 0.008232054 0.0096899475 -0.0589797013 -0.0013524682 
948 2 1.1147012767 0.0930824966 1.0865428413 0.0629335984 0.3180222009 -0.07653768 -0.261495795 
949 2 0.6670967813 0.2500572237 0.1669616338 0.027999258 -0.2043280759 0.0836744688 -0.0683725227 
950 2 1.6050153433 0.0169538789 0.5838766153 1.975243758 -0.099493585 -0.1829973867 1.0739174269 
951 2 1.0854192664 0.9611319692 0.1908267361 0.0261762784 -0.4282635598 -0.1586154407 0.0706762603 
952 2 0.9594468114 0.0646331468 0.0560327867 0.7998722504 -0.0601795258 -0.2273725149 0.2117051516 
953 2 0.6788006551 0.0153591121 0.2805146983 0.164896519 0.0656388352 -0.0503255811 -0.2150718421 
954 2 1.5736040566 1.0631677733 0.1475635509 1.2654984029 -0.396086874 -1.1599297906 0.4321359022 
955 2 1.4978336785 0.0334557066 0.0037694252 2.2062805966 0.0112298168 -0.2716848843 -0.0911943516 
956 2 1.7437996772 1.0628757432 0.3658548358 1.6121067351 0.6235849826 1.3089954714 0.7679824509 
957 2 1.0490823014 0.2212950317 0.8570497335 0.0222289099 0.4355006865 -0.0701366332 -0.138026379 
958 2 0.5970314109 0.1523316983 0.2037919176 3.2288968578e-04 0.1761929877 0.007013297 0.0081118622 
959 2 0.6627234168 0.1422835328 0.2859351076 0.0109836867 -0.2017023978 -0.0395322368 0.0560412494 
960 2 1.459816711 0.2815096169 1.8491250442 4.3016871496e-04 -0.7214890732 -0.0110043914 0.0282034704 
961 2 1.5453124651 0.0583410892 1.3079070909 1.0217424346 -0.2762330977 -0.2441507046 1.156003536 
962 2 0.5721056637 0.2364222945 0.0598808684 0.0310017275 0.1189839161 0.0856124965 0.0430860809 
963 2 1.4550717944 0.596392428 0.0043076045 1.5165338945 0.0506855275 -0.9510254105 -0.0808246757 
964 2 1.0721910783 0.2589109522 0.8851220447 0.0055607116 0.4787147286 0.0379437628 0.0701563142 
965 2 1.2675374107 0.0806323928 0.4879257837 1.038092911 0.1983497504 -0.2893162896 -0.7116967733 
966 2 1.5224485191 1.0111967867 0.0780760129 1.2285766939 0.280980806 1.1145998407 0.3097133672 
967 2 1.6677455608 0.7958804407 0.0881053234 1.8973894914 -0.2648042741 -1.2288593022 0.408864421 
968 2 1.3402635831 0.2695254062 0.0640617411 1.462719325 0.1314011674 -0.627885356 -0.3061116572 
969 2 0.967500488 0.1160148659 0.4297558095 0.390286519 -0.2232891905 0.2127887172 -0.4095459668 
970 2 1.5328975482 0.2847109931 0.5895012395 1.4755626605 0.4096797327 -0.6481580907 -0.9326553583 
971 2 1.4502885402 0.6604941323 0.4978939357 0.9449487819 -0.5734596961 0.7900209654 -0.6859185579 
972 2 0.8363739656 0.2470333895 0.3038807472 0.1486072736 -0.2739866621 0.1916010399 -0.2125062101 
973 2 1.6739747604 4.7061690225e-04 2.7778901006 0.0238307808 -0.0361569085 -0.0033489055 0.2572922273 
974 2 1.1505735629 0.9939324192 0.0247543908 0.3051327138 0.1568572329 -0.5507098114 -0.0869101515 
975 2 1.314081499 0.0882146241 1.6031418542 0.0354537077 0.3760592455 0.055924373 0.2384057941 
976 2 0.6387430216 0.1104088365 0.2303926941 0.067191117 -0.159491032 -0.0861306743 0.1244200244 
977 2 1.1793883894 0.5760040093 0.6327501407 0.1822028231 -0.6037107072 0.3239591897 -0.3395421357 
978 2 1.0204296671 0.1284179968 0.7770998466 0.1357588621 0.3159012592 -0.1320374231 -0.3248048505 
979 2 0.6871643542 7.3718265412e-04 0.4360965564 0.0353611107 0.0179299419 0.0051056437 0.1241807498 
980 2 1.5218087603 2.0934465067 0.1514938782 0.0709615181 -0.5631556891 -0.3854272203 0.1036833428 
981 2 1.4826299686 0.8929739555 1.2149742026 0.0902434658 1.0416046849 0.2838750863 0.3311245731 
982 2 1.6686935487 0.3718169087 1.6482407089 0.764480542 0.7828433849 0.5331480019 1.1225185747 
983 2 0.8803423304 0.6045283612 0.0479519595 0.1225222979 -0.1702595651 -0.2721547427 0.0766497506 
984 2 1.4796033873 0.7610789273 0.0362888954 1.3918583611 0.1661887891 1.0292298423 0.22474208 
985 2 1.2724660064 0.8751221587 0.6503212409 0.0937263379 -0.7543941464 -0.2863948239 0.2468850509 
986 2 1.4561786756 0.6830138722 0.5150823454 0.9223601176 -0.5931343754 0.7937157901 -0.6892687521 
987 2 1.1739451624 1.319600971 0.0019667558 0.0565795177 -0.0509444097 0.2732441883 -0.0105488433 
988 2 1.0265615087 0.0625968354 0.1097943029 0.8814373928 0.0829022069 -0.2348940004 -0.3110897043 
989 2 1.2830125119 0.6273573719 0.4538464389 0.5649172948 -0.5335952672 -0.5953192668 0.506345438 
990 2 0.7342505911 0.1932590522 0.1394437429 0.2064211354 -0.1641607919 -0.1997317025 0.1696588805 
991 2 1.3583189108 0.1664173052 0.2427463404 1.4358666178 0.2009905267 0.488828245 0.5903823903 
992 2 1.6295552805 0.0835946244 2.5283613028 0.0434944849 0.4597362435 0.060298467 0.3316169061 
993 2 1.5381710972 0.1797564102 0.3584691526 1.8277447614 -0.2538446927 -0.5731917978 0.8094381482 
994 2 1.164540586 0.1695705242 0.1211063577 1.0654778947 -0.1433041121 0.4250572257 -0.3592160172 
995 2 1.7258078598 0.4025842328 0.470814357 2.1050141789 0.4353647169 0.9205680411 0.9955254378 
996 2 1.6665552991 1.4339656856 0.9293617084 0.4140791712 1.1544144833 -0.7705681816 -0.620346134 
997 2 1.7470957745 2.0945170601 0.2617272595 0.6960993256 -0.7404000339 1.2074733591 -0.4268350605 
998 2 1.5364276135 0.9174519193 0.3378268401 1.1053310521 -0.5567224469 1.0070194115 -0.6110732334 
999 2 1.25775717 1.1159171153 0.0702873658 0.3957486176 0.280062269 -0.6645469552 -0.1667816772 
1000 2 1.1850604628 0.4364285155 0.4705840462 0.4973557389 0.4531846166 0.4658972277 0.4837847414 
1001 2 1.5501203758 0.1591113448 0.4758651893 1.7678966454 -0.2751645875 -0.5303700714 0.9172134277 
1002 2 1.0835111631 0.3392312374 0.3917039921 0.4430612111 -0.364524663 -0.3876857011 0.4165919408 
1003 2 1.3979352799 0.6463621688 0.1076466152 1.2002142626 -0.2637777467 -0.8807798215 0.3594426281 
1004 2 0.9203344776 0.2942291879 0.3384833148 0.2143030479 0.3155814805 0.2511059771 0.2693288065 
1005 2 0.9667262493 0.091733291 0.5959484079 0.2468779421 0.2338125505 0.1504889568 0.3835707452 
1006 2 0.8025311397 0.5776351385 0.0381229483 0.0282981434 -0.1483952645 -0.127851484 0.0328452227 
1007 2 1.4532862376 0.0013241849 1.0883448698 1.0223718337 -0.0379627422 -0.0367941477 1.0548427088 
1008 2 1.147791233 0.0607613172 1.0470319907 0.2096314067 0.2522281565 -0.1128604466 -0.4684984408 
1009 2 0.6851340235 0.2416312162 0.1905627028 0.0372147111 -0.2145830787 -0.0948274005 0.0842124452 
1010 1 0.0 0.0 0.0 0.0 0.0 0.0 0.0 
1011 1 0.0 0.0 0.0 0.0 0.0 0.0 0.0 
1012 1 0.0 0.0 0.0 0.0 0.0 0.0 0.0 
1013 1 0.0 0.0 0.0 0.0 0.0 0.0 0.0 
1014 1 0.0 0.0 0.0 0.0 0.0 0.0 0.0 
1015 1 0.0 0.0 0.0 0.0 0.0 0.0 0.0 
1016 1 0.0 0.0 0.0 0.0 0.0 0.0 0.0 
1017 1 0.0 0.0 0.0 0.0 0.0 0.0 0.0 
1018 1 0.0 0.0 0.0 0.0 0.0 0.0 0.0 
1019 1 0.0 0.0 0.0 0.0 0.0 0.0 0.0 
1020 1 0.0 0.0 0.0 0.0 0.0 0.0 0.0 
1021 1 0.0 0.0 0.0 0.0 0.0 0.0 0.0 
1022 1 0.0 0.0 0.0 0.0 0.0 0.0 0.0 
1023 1 0.0 0.0 0.0 0.0 0.0 0.0 0.0 
1024 1 0.0 0.0 0.0 0.0 0.0 0.0 0.0 
1025 1 0.0 0.0 0.0 0.0 0.0 0.0 0.0 
1026 1 0.0 0.0 0.0 0.0 0.0 0.0 0.0 
1027 1 0.0 0.0 0.0 0.0 0.0 0.0 0.0 
1028 1 0.0 0.0 0.0 0.0 0.0 0.0 0.0 
1029 1 0.0 0.0 0.0 0.0 0.0 0.0 0.0 
1030 1 0.0 0.0 0.0 0.0 0.0 0.0 0.0 
1031 1 0.0 0.0 0.0 0.0 0.0 0.0 0.0 
1032 1 0.0 0.0 0.0 0.0 0.0 0.0 0.0 
1033 1 0.0 0.0 0.0 0.0 0.0 0.0 0.0 
1034 1 0.0 0.0 0.0 0.0 0.0 0.0 0.0 
1035 1 0.0 0.0 0.0 0.0 0.0 0.0 0.0 
1036 1 0.0 0.0 0.0 0.0 0.0 0.0 0.0 
1037 1 0.0 0.0 0.0 0.0 0.0 0.0 0.0 
1038 1 0.0 0.0 0.0 0.0 0.0 0.0 0.0 
1039 1 0.0 0.0 0.0 0.0 0.0 0.0 0.0 
1040 1 0.0 0.0 0.0 0.0 0.0 0.0 0.0 
1041 1 0.0 0.0 0.0 0.0 0.0 0.0 0.0 
1042 1 0.0 0.0 0.0 0.0 0.0 0.0 0.0 
1043 1 0.0 0.0 0.0 0.0 0.0 0.0 0.0 
1044 1 0.0 0.0 0.0 0.0 0.0 0.0 0.0 
1045 1 0.0 0.0 0.0 0.0 0.0 0.0 0.0 
1046 1 0.0 0.0 0.0 0.0 0.0 0.0 0.0 
1047 1 0.0 0.0 0.0 0.0 0.0 0.0 0.0 
1048 1 0.0 0.0 0.0 0.0 0.0 0.0 0.0 
1049 1 0.0 0.0 0.0 0.0 0.0 0.0 0.0 
1050 1 0.0 0.0 0.0 0.0 0.0 0.0 0.0 
1051 1 0.0 0.0 0.0 0.0 0.0 0.0 0.0 
1052 1 0.0 0.0 0.0 0.0 0.0 0.0 0.0 
1053 1 0.0 0.0 0.0 0.0 0.0 0.0 0.0 
1054 1 0.0 0.0 0.0 0.0 0.0 0.0 0.0 
1055 1 0.0 0.0 0.0 0.0 0.0 0.0 0.0 
1056 1 0.0 0.0 0.0 0.0 0.0 0.0 0.0 
1057 1 0.0 0.0 0.0 0.0 0.0 0.0 0.0 
1058 1 0.0 0.0 0.0 0.0 0.0 0.0 0.0 
1059 1 0.0 0.0 0.0 0.0 0.0 0.0 0.0 
1060 1 0.0 0.0 0.0 0.0 0.0 0.0 0.0 
1061 1 0.0 0.0 0.0 0.0 0.0 0.0 0.0 
1062 1 0.0 0.0 0.0 0.0 0.0 0.0 0.0 
1063 1 0.0 0.0 0.0 0.0 0.0 0.0 0.0 
1064 1 0.0 0.0 0.0 0.0 0.0 0.0 0.0 
1065 1 0.0 0.0 0.0 0.0 0.0 0.0 0.0 
1066 1 0.0 0.0 0.0 0.0 0.0 0.0 0.0 
1067 1 0.0 0.0 0.0 0.0 0.0 0.0 0.0 
1068 1 0.0 0.0 0.0 0.0 0.0 0.0 0.0 
1069 1 0.0 0.0 0.0 0.0 0.0 0.0 0.0 
1070 1 0.0 0.0 0.0 0.0 0.0 0.0 0.0 
1071 1 0.0 0.0 0.0 0.0 0.0 0.0 0.0 
1072 1 0.0 0.0 0.0 0.0 0.0 0.0 0.0 
1073 1 0.0 0.0 0.0 0.0 0.0 0.0 0.0 
1074 1 0.0 0.0 0.0 0.0 0.0 0.0 0.0 
1075 1 0.0 0.0 0.0 0.0 0.0 0.0 0.0 
1076 1 0.0 0.0 0.0 0.0 0.0 0.0 0.0 
1077 1 0.0 0.0 0.0 0.0 0.0 0.0 0.0 
1078 1 0.0 0.0 0.0 0.0 0.0 0.0 0.0 
1079 1 0.0 0.0 0.0 0.0 0.0 0.0 0.0 
1080 1 0.0 0.0 0.0 0.0 0.0 0.0 0.0 
1081 1 0.0 0.0 0.0 0.0 0.0 0.0 0.0 
1082 1 0.0 0.0 0.0 0.0 0.0 0.0 0.0 
1083 1 0.0 0.0 0.0 0.0 0.0 0.0 0.0 
1084 1 0.0 0.0 0.0 0.0 0.0 0.0 0.0 
1085 1 0.0 0.0 0.0 0.0 0.0 0.0 0.0 
1086 1 0.0 0.0 0.0 0.0 0.0 0.0 0.0 
1087 1 0.0 0.0 0.0 0.0 0.0 0.0 0.0 
1088 1 0.0 0.0 0.0 0.0 0.0 0.0 0.0 
1089 1 0.0 0.0 0.0 0.0 0.0 0.0 0.0 
1090 1 0.0 0.0 0.0 0.0 0.0 0.0 0.0 
1091 1 0.0 0.0 0.0 0.0 0.0 0.0 0.0 
1092 1 0.0 0.0 0.0 0.0 0.0 0.0 0.0 
1093 1 0.0 0.0 0.0 0.0 0.0 0.0 0.0 
1094 1 0.0 0.0 0.0 0.0 0.0 0.0 0.0 
1095 1 0.0 0.0 0.0 0.0 0.0 0.0 0.0 
1096 1 0.0 0.0 0.0 0.0 0.0 0.0 0.0 
1097 1 0.0 0.0 0.0 0.0 0.0 0.0 0.0 
1098 1 0.0 0.0 0.0 0.0 0.0 0.0 0.0 
1099 1 0.0 0.0 0.0 0.0 0.0 0.0 0.0 
1100 1 0.0 0.0 0.0 0.0 0.0 0.0 0.0 
1101 1 0.0 0.0 0.0 0.0 0.0 0.0 0.0 
1102 1 0.0 0.0 0.0 0.0 0.0 0.0 0.0 
1103 1 0.0 0.0 0.0 0.0 0.0 0.0 0.0 
1104 1 0.0 0.0 0.0 0.0 0.0 0.0 0.0 
1105 1 0.0 0.0 0.0 0.0 0.0 0.0 0.0 
1106 1 0.0 0.0 0.0 0.0 0.0 0.0 0.0 
1107 1 0.0 0.0 0.0 0.0 0.0 0.0 0.0 
1108 1 0.0 0.0 0.0 0.0 0.0 0.0 0.0 
1109 1 0.0 0.0 0.0 0.0 0.0 0.0 0.0 
1110 1 0.0 0.0 0.0 0.0 0.0 0.0 0.0 
1111 1 0.0 0.0 0.0 0.0 0.0 0.0 0.0 
1112 1 0.0 0.0 0.0 0.0 0.0 0.0 0.0 
1113 1 0.0 0.0 0.0 0.0 0.0 0.0 0.0 
1114 1 0.0 0.0 0.0 0.0 0.0 0.0 0.0 
1115 1 0.0 0.0 0.0 0.0 0.0 0.0 0.0 
1116 1 0.0 0.0 0.0 0.0 0.0 0.0 0.0 
1117 1 0.0 0.0 0.0 0.0 0.0 0.0 0.0 
1118 1 0.0 0.0 0.0 0.0 0.0 0.0 0.0 
1119 1 0.0 0.0 0.0 0.0 0.0 0.0 0.0 
1120 1 0.0 0.0 0.0 0.0 0.0 0.0 0.0 
1121 1 0.0 0.0 0.0 0.0 0.0 0.0 0.0 
1122 1 0.0 0.0 0.0 0.0 0.0 0.0 0.0 
1123 1 0.0 0.0 0.0 0.0 0.0 0.0 0.0 
1124 1 0.0 0.0 0.0 0.0 0.0 0.0 0.0 
1125 1 0.0 0.0 0.0 0.0 0.0 0.0 0.0 
1126 1 0.0 0.0 0.0 0.0 0.0 0.0 0.0 
1127 1 0.0 0.0 0.0 0.0 0.0 0.0 0.0 
1128 1 0.0 0.0 0.0 0.0 0.0 0.0 0.0 
1129 1 0.0 0.0 0.0 0.0 0.0 0.0 0.0 
1130 1 0.0 0.0 0.0 0.0 0.0 0.0 0.0 
1131 1 0.0 0.0 0.0 0.0 0.0 0.0 0.0 
1132 1 0.0 0.0 0.0 0.0 0.0 0.0 0.0 
1133 1 0.0 0.0 0.0 0.0 0.0 0.0 0.0 
1134 1 0.0 0.0 0.0 0.0 0.0 0.0 0.0 
1135 1 0.0 0.0 0.0 0.0 0.0 0.0 0.0 
1136 1 0.0 0.0 0.0 0.0 0.0 0.0 0.0 
1137 1 0.0 0.0 0.0 0.0 0.0 0.0 0.0 
1138 1 0.0 0.0 0.0 0.0 0.0 0.0 0.0 
1139 1 0.0 0.0 0.0 0.0 0.0 0.0 0.0 
1140 1 0.0 0.0 0.0 0.0 0.0 0.0 0.0 
1141 1 0.0 0.0 0.0 0.0 0.0 0.0 0.0 
1142 1 0.0 0.0 0.0 0.0 0.0 0.0 0.0 
1143 1 0.0 0.0 0.0 0.0 0.0 0.0 0.0 
1144 1 0.0 0.0 0.0 0.0 0.0 0.0 0.0 
1145 1 0.0 0.0 0.0 0.0 0.0 0.0 0.0 
1146 1 0.0 0.0 0.0 0.0 0.0 0.0 0.0 
1147 1 0.0 0.0 0.0 0.0 0.0 0.0 0.0 
1148 1 0.0 0.0 0.0 0.0 0.0 0.0 0.0 
1149 1 0.0 0.0 0.0 0.0 0.0 0.0 0.0 
1150 1 0.0 0.0 0.0 0.0 0.0 0.0 0.0 
1151 1 0.0 0.0 0.0 0.0 0.0 0.0 0.0 
1152 1 0.0 0.0 0.0 0.0 0.0 0.0 0.0 
1153 1 0.0 0.0 0.0 0.0 0.0 0.0 0.0 
1154 1 0.0 0.0 0.0 0.0 0.0 0.0 0.0 
1155 1 0.0 0.0 0.0 0.0 0.0 0.0 0.0 
1156 1 0.0 0.0 0.0 0.0 0.0 0.0 0.0 
1157 1 0.0 0.0 0.0 0.0 0.0 0.0 0.0 
1158 1 0.0 0.0 0.0 0.0 0.0 0.0 0.0 
1159 1 0.0 0.0 0.0 0.0 0.0 0.0 0.0 
1160 1 0.0 0.0 0.0 0.0 0.0 0.0 0.0 
1161 1 0.0 0.0 0.0 0.0 0.0 0.0 0.0 
1162 1 0.0 0.0 0.0 0.0 0.0 0.0 0.0 
1163 1 0.0 0.0 0.0 0.0 0.0 0.0 0.0 
1164 1 0.0 0.0 0.0 0.0 0.0 0.0 0.0 
1165 1 0.0 0.0 0.0 0.0 0.0 0.0 0.0 
1166 1 0.0 0.0 0.0 0.0 0.0 0.0 0.0 
1167 1 0.0 0.0 0.0 0.0 0.0 0.0 0.0 
1168 1 0.0 0.0 0.0 0.0 0.0 0.0 0.0 
1169 1 0.0 0.0 0.0 0.0 0.0 0.0 0.0 
1170 1 0.0 0.0 0.0 0.0 0.0 0.0 0.0 
1171 1 0.0 0.0 0.0 0.0 0.0 0.0 0.0 
1172 1 0.0 0.0 0.0 0.0 0.0 0.0 0.0 
1173 1 0.0 0.0 0.0 0.0 0.0 0.0 0.0 
1174 1 0.0 0.0 0.0 0.0 0.0 0.0 0.0 
1175 1 0.0 0.0 0.0 0.0 0.0 0.0 0.0 
1176 1 0.0 0.0 0.0 0.0 0.0 0.0 0.0 
1177 1 0.0 0.0 0.0 0.0 0.0 0.0 0.0 
1178 1 0.0 0.0 0.0 0.0 0.0 0.0 0.0 
1179 1 0.0 0.0 0.0 0.0 0.0 0.0 0.0 
1180 1 0.0 0.0 0.0 0.0 0.0 0.0 0.0 
1181 1 0.0 0.0 0.0 0.0 0.0 0.0 0.0 
1182 1 0.0 0.0 0.0 0.0 0.0 0.0 0.0 
1183 1 0.0 0.0 0.0 0.0 0.0 0.0 0.0 
1184 1 0.0 0.0 0.0 0.0 0.0 0.0 0.0 
1185 1 0.0 0.0 0.0 0.0 0.0 0.0 0.0 
1186 1 0.0 0.0 0.0 0.0 0.0 0.0 0.0 
1187 1 0.0 0.0 0.0 0.0 0.0 0.0 0.0 
1188 1 0.0 0.0 0.0 0.0 0.0 0.0 0.0 
1189 1 0.0 0.0 0.0 0.0 0.0 0.0 0.0 
1190 1 0.0 0.0 0.0 0.0 0.0 0.0 0.0 
1191 1 0.0 0.0 0.0 0.0 0.0 0.0 0.0 
1192 1 0.0 0.0 0.0 0.0 0.0 0.0 0.0 
1193 1 0.0 0.0 0.0 0.0 0.0 0.0 0.0 
1194 1 0.0 0.0 0.0 0.0 0.0 0.0 0.0 
1195 1 0.0 0.0 0.0 0.0 0.0 0.0 0.0 
1196 1 0.0 0.0 0.0 0.0 0.0 0.0 0.0 
1197 1 0.0 0.0 0.0 0.0 0.0 0.0 0.0 
1198 1 0.0 0.0 0.0 0.0 0.0 0.0 0.0 
1199 1 0.0 0.0 0.0 0.0 0.0 0.0 0.0 
1200 1 0.0 0.0 0.0 0.0 0.0 0.0 0.0 
1201 1 0.0 0.0 0.0 0.0 0.0 0.0 0.0 
1202 1 0.0 0.0 0.0 0.0 0.0 0.0 0.0 
1203 1 0.0 0.0 0.0 0.0 0.0 0.0 0.0 
1204 1 0.0 0.0 0.0 0.0 0.0 0.0 0.0 
1205 1 0.0 0.0 0.0 0.0 0.0 0.0 0.0 
1206 1 0.0 0.0 0.0 0.0 0.0 0.0 0.0 
1207 1 0.0 0.0 0.0 0.0 0.0 0.0 0.0 
1208 1 0.0 0.0 0.0 0.0 0.0 0.0 0.0 
1209 1 0.0 0.0 0.0 0.0 0.0 0.0 0.0 
1210 1 0.0 0.0 0.0 0.0 0.0 0.0 0.0 
1211 1 0.0 0.0 0.0 0.0 0.0 0.0 0.0 
1212 1 0.0 0.0 0.0 0.0 0.0 0.0 0.0 
1213 1 0.0 0.0 0.0 0.0 0.0 0.0 0.0 
1214 1 0.0 0.0 0.0 0.0 0.0 0.0 0.0 
1215 1 0.0 0.0 0.0 0.0 0.0 0.0 0.0 
1216 1 0.0 0.0 0.0 0.0 0.0 0.0 0.0 
1217 1 0.0 0.0 0.0 0.0 0.0 0.0 0.0 
1218 1 0.0 0.0 0.0 0.0 0.0 0.0 0.0 
1219 1 0.0 0.0 0.0 0.0 0.0 0.0 0.0 
1220 1 0.0 0.0 0.0 0.0 0.0 0.0 0.0 
1221 1 0.0 0.0 0.0 0.0 0.0 0.0 0.0 
1222 1 0.0 0.0 0.0 0.0 0.0 0.0 0.0 
1223 1 0.0 0.0 0.0 0.0 0.0 0.0 0.0 
1224 1 0.0 0.0 0.0 0.0 0.0 0.0 0.0 
1225 1 0.0 0.0 0.0 0.0 0.0 0.0 0.0 
1226 1 0.0 0.0 0.0 0.0 0.0 0.0 0.0 
1227 1 0.0 0.0 0.0 0.0 0.0 0.0 0.0 
1228 1 0.0 0.0 0.0 0.0 0.0 0.0 0.0 
1229 1 0.0 0.0 0.0 0.0 0.0 0.0 0.0 
1230 1 0.0 0.0 0.0 0.0 0.0 0.0 0.0 
1231 1 0.0 0.0 0.0 0.0 0.0 0.0 0.0 
1232 1 0.0 0.0 0.0 0.0 0.0 0.0 0.0 
1233 1 0.0 0.0 0.0 0.0 0.0 0.0 0.0 
1234 1 0.0 0.0 0.0 0.0 0.0 0.0 0.0 
1235 1 0.0 0.0 0.0 0.0 0.0 0.0 0.0 
1236 1 0.0 0.0 0.0 0.0 0.0 0.0 0.0 
1237 1 0.0 0.0 0.0 0.0 0.0 0.0 0.0 
1238 1 0.0 0.0 0.0 0.0 0.0 0.0 0.0 
1239 1 0.0 0.0 0.0 0.0 0.0 0.0 0.0 
1240 1 0.0 0.0 0.0 0.0 0.0 0.0 0.0 
1241 1 0.0 0.0 0.0 0.0 0.0 0.0 0.0 
1242 1 0.0 0.0 0.0 0.0 0.0 0.0 0.0 
1243 1 0.0 0.0 0.0 0.0 0.0 0.0 0.0 
1244 1 0.0 0.0 0.0 0.0 0.0 0.0 0.0 
1245 1 0.0 0.0 0.0 0.0 0.0 0.0 0.0 
1246 1 0.0 0.0 0.0 0.0 0.0 0.0 0.0 
1247 1 0.0 0.0 0.0 0.0 0.0 0.0 0.0 
1248 1 0.0 0.0 0.0 0.0 0.0 0.0 0.0 
1249 1 0.0 0.0 0.0 0.0 0.0 0.0 0.0 
1250 1 0.0 0.0 0.0 0.0 0.0 0.0 0.0 
1251 1 0.0 0.0 0.0 0.0 0.0 0.0 0.0 
1252 1 0.0 0.0 0.0 0.0 0.0 0.0 0.0 
1253 1 0.0 0.0 0.0 0.0 0.0 0.0 0.0 
1254 1 0.0 0.0 0.0 0.0 0.0 0.0 0.0 
1255 1 0.0 0.0 0.0 0.0 0.0 0.0 0.0 
1256 1 0.0 0.0 0.0 0.0 0.0 0.0 0.0 
1257 1 0.0 0.0 0.0 0.0 0.0 0.0 0.0 
1258 1 0.0 0.0 0.0 0.0 0.0 0.0 0.0 
1259 1 0.0 0.0 0.0 0.0 0.0 0.0 0.0 
1260 1 0.0 0.0 0.0 0.0 0.0 0.0 0.0 
1261 1 0.0 0.0 0.0 0.0 0.0 0.0 0.0 
1262 1 0.0 0.0 0.0 0.0 0.0 0.0 0.0 
1263 1 0.0 0.0 0.0 0.0 0.0 0.0 0.0 
1264 1 0.0 0.0 0.0 0.0 0.0 0.0 0.0 
1265 1 0.0 0.0 0.0 0.0 0.0 0.0 0.0 
1266 1 0.0 0.0 0.0 0.0 0.0 0.0 0.0 
1267 1 0.0 0.0 0.0 0.0 0.0 0.0 0.0 
1268 1 0.0 0.0 0.0 0.0 0.0 0.0 0.0 
1269 1 0.0 0.0 0.0 0.0 0.0 0.0 0.0 
1270 1 0.0 0.0 0.0 0.0 0.0 0.0 0.0 
1271 1 0.0 0.0 0.0 0.0 0.0 0.0 0.0 
1272 1 0.0 0.0 0.0 0.0 0.0 0.0 0.0 
1273 1 0.0 0.0 0.0 0.0 0.0 0.0 0.0 
1274 1 0.0 0.0 0.0 0.0 0.0 0.0 0.0 
1275 1 0.0 0.0 0.0 0.0 0.0 0.0 0.0 
1276 1 0.0 0.0 0.0 0.0 0.0 0.0 0.0 
1277 1 0.0 0.0 0.0 0.0 0.0 0.0 0.0 
1278 1 0.0 0.0 0.0 0.0 0.0 0.0 0.0 
1279 1 0.0 0.0 0.0 0.0 0.0 0.0 0.0 
1280 1 0.0 0.0 0.0 0.0 0.0 0.0 0.0 
1281 1 0.0 0.0 0.0 0.0 0.0 0.0 0.0 
1282 1 0.0 0.0 0.0 0.0 0.0 0.0 0.0 
1283 1 0.0 0.0 0.0 0.0 0.0 0.0 0.0 
1284 1 0.0 0.0 0.0 0.0 0.0 0.0 0.0 
1285 1 0.0 0.0 0.0 0.0 0.0 0.0 0.0 
1286 1 0.0 0.0 0.0 0.0 0.0 0.0 0.0 
1287 1 0.0 0.0 0.0 0.0 0.0 0.0 0.0 
1288 1 0.0 0.0 0.0 0.0 0.0 0.0 0.0 
1289 1 0.0 0.0 0.0 0.0 0.0 0.0 0.0 
1290 1 0.0 0.0 0.0 0.0 0.0 0.0 0.0 
1291 1 0.0 0.0 0.0 0.0 0.0 0.0 0.0 
1292 1 0.0 0.0 0.0 0.0 0.0 0.0 0.0 
1293 1 0.0 0.0 0.0 0.0 0.0 0.0 0.0 
1294 1 0.0 0.0 0.0 0.0 0.0 0.0 0.0 
1295 1 0.0 0.0 0.0 0.0 0.0 0.0 0.0 
1296 1 0.0 0.0 0.0 0.0 0.0 0.0 0.0 
1297 1 0.0 0.0 0.0 0.0 0.0 0.0 0.0 
1298 1 0.0 0.0 0.0 0.0 0.0 0.0 0.0 
1299 1 0.0 0.0 0.0 0.0 0.0 0.0 0.0 
1300 1 0.0 0.0 0.0 0.0 0.0 0.0 0.0 
1301 1 0.0 0.0 0.0 0.0 0.0 0.0 0.0 
1302 1 0.0 0.0 0.0 0.0 0.0 0.0 0.0 
1303 1 0.0 0.0 0.0 0.0 0.0 0.0 0.0 
1304 1 0.0 0.0 0.0 0.0 0.0 0.0 0.0 
1305 1 0.0 0.0 0.0 0.0 0.0 0.0 0.0 
1306 1 0.0 0.0 0.0 0.0 0.0 0.0 0.0 
1307 1 0.0 0.0 0.0 0.0 0.0 0.0 0.0 
1308 1 0.0 0.0 0.0 0.0 0.0 0.0 0.0 
1309 1 0.0 0.0 0.0 0.0 0.0 0.0 0.0 
1310 1 0.0 0.0 0.0 0.0 0.0 0.0 0.0 
1311 1 0.0 0.0 0.0 0.0 0.0 0.0 0.0 
1312 1 0.0 0.0 0.0 0.0 0.0 0.0 0.0 
1313 1 0.0 0.0 0.0 0.0 0.0 0.0 0.0 
1314 1 0.0 0.0 0.0 0.0 0.0 0.0 0.0 
1315 1 0.0 0.0 0.0 0.0 0.0 0.0 0.0 
1316 1 0.0 0.0 0.0 0.0 0.0 0.0 0.0 
1317 1 0.0 0.0 0.0 0.0 0.0 0.0 0.0 
1318 1 0.0 0.0 0.0 0.0 0.0 0.0 0.0 
1319 1 0.0 0.0 0.0 0.0 0.0 0.0 0.0 
1320 1 0.0 0.0 0.0 0.0 0.0 0.0 0.0 
1321 1 0.0 0.0 0.0 0.0 0.0 0.0 0.0 
1322 1 0.0 0.0 0.0 0.0 0.0 0.0 0.0 
1323 1 0.0 0.0 0.0 0.0 0.0 0.0 0.0 
1324 1 0.0 0.0 0.0 0.0 0.0 0.0 0.0 
1325 1 0.0 0.0 0.0 0.0 0.0 0.0 0.0 
1326 1 0.0 0.0 0.0 0.0 0.0 0.0 0.0 
1327 1 0.0 0.0 0.0 0.0 0.0 0.0 0.0 
1328 1 0.0 0.0 0.0 0.0 0.0 0.0 0.0 
1329 1 0.0 0.0 0.0 0.0 0.0 0.0 0.0 
1330 1 0.0 0.0 0.0 0.0 0.0 0.0 0.0 
1331 1 0.0 0.0 0.0 0.0 0.0 0.0 0.0 
1332 1 0.0 0.0 0.0 0.0 0.0 0.0 0.0 
1333 1 0.0 0.0 0.0 0.0 0.0 0.0 0.0 
1334 1 0.0 0.0 0.0 0.0 0.0 0.0 0.0 
1335 1 0.0 0.0 0.0 0.0 0.0 0.0 0.0 
1336 1 0.0 0.0 0.0 0.0 0.0 0.0 0.0 
1337 1 0.0 0.0 0.0 0.0 0.0 0.0 0.0 
1338 1 0.0 0.0 0.0 0.0 0.0 0.0 0.0 
1339 1 0.0 0.0 0.0 0.0 0.0 0.0 0.0 
1340 1 0.0 0.0 0.0 0.0 0.0 0.0 0.0 
1341 1 0.0 0.0 0.0 0.0 0.0 0.0 0.0 
1342 1 0.0 0.0 0.0 0.0 0.0 0.0 0.0 
1343 1 0.0 0.0 0.0 0.0 0.0 0.0 0.0 
1344 1 0.0 0.0 0.0 0.0 0.0 0.0 0.0 
1345 1 0.0 0.0 0.0 0.0 0.0 0.0 0.0 
1346 1 0.0 0.0 0.0 0.0 0.0 0.0 0.0 
1347 1 0.0 0.0 0.0 0.0 0.0 0.0 0.0 
1348 1 0.0 0.0 0.0 0.0 0.0 0.0 0.0 
1349 1 0.0 0.0 0.0 0.0 0.0 0.0 0.0 
1350 1 0.0 0.0 0.0 0.0 0.0 0.0 0.0 
1351 1 0.0 0.0 0.0 0.0 0.0 0.0 0.0 
1352 1 0.0 0.0 0.0 0.0 0.0 0.0 0.0 
1353 1 0.0 0.0 0.0 0.0 0.0 0.0 0.0 
1354 1 0.0 0.0 0.0 0.0 0.0 0.0 0.0 
1355 1 0.0 0.0 0.0 0.0 0.0 0.0 0.0 
1356 1 0.0 0.0 0.0 0.0 0.0 0.0 0.0 
1357 1 0.0 0.0 0.0 0.0 0.0 0.0 0.0 
1358 1 0.0 0.0 0.0 0.0 0.0 0.0 0.0 
1359 1 0.0 0.0 0.0 0.0 0.0 0.0 0.0 
1360 1 0.0 0.0 0.0 0.0 0.0 0.0 0.0 
1361 1 0.0 0.0 0.0 0.0 0.0 0.0 0.0 
1362 1 0.0 0.0 0.0 0.0 0.0 0.0 0.0 
1363 1 0.0 0.0 0.0 0.0 0.0 0.0 0.0 
1364 1 0.0 0.0 0.0 0.0 0.0 0.0 0.0 
1365 1 0.0 0.0 0.0 0.0 0.0 0.0 0.0 
1366 1 0.0 0.0 0.0 0.0 0.0 0.0 0.0 
1367 1 0.0 0.0 0.0 0.0 0.0 0.0 0.0 
1368 1 0.0 0.0 0.0 0.0 0.0 0.0 0.0 
1369 1 0.0 0.0 0.0 0.0 0.0 0.0 0.0 
1370 1 0.0 0.0 0.0 0.0 0.0 0.0 0.0 
1371 1 0.0 0.0 0.0 0.0 0.0 0.0 0.0 
1372 1 0.0 0.0 0.0 0.0 0.0 0.0 0.0 
1373 1 0.0 0.0 0.0 0.0 0.0 0.0 0.0 
1374 1 0.0 0.0 0.0 0.0 0.0 0.0 0.0 
1375 1 0.0 0.0 0.0 0.0 0.0 0.0 0.0 
1376 1 0.0 0.0 0.0 0.0 0.0 0.0 0.0 
1377 1 0.0 0.0 0.0 0.0 0.0 0.0 0.0 
1378 1 0.0 0.0 0.0 0.0 0.0 0.0 0.0 
1379 1 0.0 0.0 0.0 0.0 0.0 0.0 0.0 
1380 1 0.0 0.0 0.0 0.0 0.0 0.0 0.0 
1381 1 0.0 0.0 0.0 0.0 0.0 0.0 0.0 
1382 1 0.0 0.0 0.0 0.0 0.0 0.0 0.0 
1383 1 0.0 0.0 0.0 0.0 0.0 0.0 0.0 
1384 1 0.0 0.0 0.0 0.0 0.0 0.0 0.0 
1385 1 0.0 0.0 0.0 0.0 0.0 0.0 0.0 
1386 1 0.0 0.0 0.0 0.0 0.0 0.0 0.0 
1387 1 0.0 0.0 0.0 0.0 0.0 0.0 0.0 
1388 1 0.0 0.0 0.0 0.0 0.0 0.0 0.0 
1389 1 0.0 0.0 0.0 0.0 0.0 0.0 0.0 
1390 1 0.0 0.0 0.0 0.0 0.0 0.0 0.0 
1391 1 0.0 0.0 0.0 0.0 0.0 0.0 0.0 
1392 1 0.0 0.0 0.0 0.0 0.0 0.0 0.0 
1393 1 0.0 0.0 0.0 0.0 0.0 0.0 0.0 
1394 1 0.0 0.0 0.0 0.0 0.0 0.0 0.0 
1395 1 0.0 0.0 0.0 0.0 0.0 0.0 0.0 
1396 1 0.0 0.0 0.0 0.0 0.0 0.0 0.0 
1397 1 0.0 0.0 0.0 0.0 0.0 0.0 0.0 
1398 1 0.0 0.0 0.0 0.0 0.0 0.0 0.0 
1399 1 0.0 0.0 0.0 0.0 0.0 0.0 0.0 
1400 1 0.0 0.0 0.0 0.0 0.0 0.0 0.0 
1401 1 0.0 0.0 0.0 0.0 0.0 0.0 0.0 
1402 1 0.0 0.0 0.0 0.0 0.0 0.0 0.0 
1403 1 0.0 0.0 0.0 0.0 0.0 0.0 0.0 
1404 1 0.0 0.0 0.0 0.0 0.0 0.0 0.0 
1405 1 0.0 0.0 0.0 0.0 0.0 0.0 0.0 
1406 1 0.0 0.0 0.0 0.0 0.0 0.0 0.0 
1407 1 0.0 0.0 0.0 0.0 0.0 0.0 0.0 
1408 1 0.0 0.0 0.0 0.0 0.0 0.0 0.0 
1409 1 0.0 0.0 0.0 0.0 0.0 0.0 0.0 
1410 1 0.0 0.0 0.0 0.0 0.0 0.0 0.0 
1411 1 0.0 0.0 0.0 0.0 0.0 0.0 0.0 
1412 1 0.0 0.0 0.0 0.0 0.0 0.0 0.0 
1413 1 0.0 0.0 0.0 0.0 0.0 0.0 0.0 
1414 1 0.0 0.0 0.0 0.0 0.0 0.0 0.0 
1415 1 0.0 0.0 0.0 0.0 0.0 0.0 0.0 
1416 1 0.0 0.0 0.0 0.0 0.0 0.0 0.0 
1417 1 0.0 0.0 0.0 0.0 0.0 0.0 0.0 
1418 1 0.0 0.0 0.0 0.0 0.0 0.0 0.0 
1419 1 0.0 0.0 0.0 0.0 0.0 0.0 0.0 
1420 1 0.0 0.0 0.0 0.0 0.0 0.0 0.0 
1421 1 0.0 0.0 0.0 0.0 0.0 0.0 0.0 
1422 1 0.0 0.0 0.0 0.0 0.0 0.0 0.0 
1423 1 0.0 0.0 0.0 0.0 0.0 0.0 0.0 
1424 1 0.0 0.0 0.0 0.0 0.0 0.0 0.0 
1425 1 0.0 0.0 0.0 0.0 0.0 0.0 0.0 
1426 1 0.0 0.0 0.0 0.0 0.0 0.0 0.0 
1427 1 0.0 0.0 0.0 0.0 0.0 0.0 0.0 
1428 1 0.0 0.0 0.0 0.0 0.0 0.0 0.0 
1429 1 0.0 0.0 0.0 0.0 0.0 0.0 0.0 
1430 1 0.0 0.0 0.0 0.0 0.0 0.0 0.0 
1431 1 0.0 0.0 0.0 0.0 0.0 0.0 0.0 
1432 1 0.0 0.0 0.0 0.0 0.0 0.0 0.0 
1433 1 0.0 0.0 0.0 0.0 0.0 0.0 0.0 
1434 1 0.0 0.0 0.0 0.0 0.0 0.0 0.0 
1435 1 0.0 0.0 0.0 0.0 0.0 0.0 0.0 
1436 1 0.0 0.0 0.0 0.0 0.0 0.0 0.0 
1437 1 0.0 0.0 0.0 0.0 0.0 0.0 0.0 
1438 1 0.0 0.0 0.0 0.0 0.0 0.0 0.0 
1439 1 0.0 0.0 0.0 0.0 0.0 0.0 0.0 
1440 1 0.0 0.0 0.0 0.0 0.0 0.0 0.0 
1441 1 0.0 0.0 0.0 0.0 0.0 0.0 0.0 
1442 1 0.0 0.0 0.0 0.0 0.0 0.0 0.0 
1443 1 0.0 0.0 0.0 0.0 0.0 0.0 0.0 
1444 1 0.0 0.0 0.0 0.0 0.0 0.0 0.0 
1445 1 0.0 0.0 0.0 0.0 0.0 0.0 0.0 
1446 1 0.0 0.0 0.0 0.0 0.0 0.0 0.0 
1447 1 0.0 0.0 0.0 0.0 0.0 0.0 0.0 
1448 1 0.0 0.0 0.0 0.0 0.0 0.0 0.0 
1449 1 0.0 0.0 0.0 0.0 0.0 0.0 0.0 
1450 1 0.0 0.0 0.0 0.0 0.0 0.0 0.0 
1451 1 0.0 0.0 0.0 0.0 0.0 0.0 0.0 
1452 1 0.0 0.0 0.0 0.0 0.0 0.0 0.0 
1453 1 0.0 0.0 0.0 0.0 0.0 0.0 0.0 
1454 1 0.0 0.0 0.0 0.0 0.0 0.0 0.0 
1455 1 0.0 0.0 0.0 0.0 0.0 0.0 0.0 
1456 1 0.0 0.0 0.0 0.0 0.0 0.0 0.0 
1457 1 0.0 0.0 0.0 0.0 0.0 0.0 0.0 
1458 1 0.0 0.0 0.0 0.0 0.0 0.0 0.0 
1459 1 0.0 0.0 0.0 0.0 0.0 0.0 0.0 
1460 1 0.0 0.0 0.0 0.0 0.0 0.0 0.0 
1461 1 0.0 0.0 0.0 0.0 0.0 0.0 0.0 
1462 1 0.0 0.0 0.0 0.0 0.0 0.0 0.0 
1463 1 0.0 0.0 0.0 0.0 0.0 0.0 0.0 
1464 1 0.0 0.0 0.0 0.0 0.0 0.0 0.0 
1465 1 0.0 0.0 0.0 0.0 0.0 0.0 0.0 
1466 1 0.0 0.0 0.0 0.0 0.0 0.0 0.0 
1467 1 0.0 0.0 0.0 0.0 0.0 0.0 0.0 
1468 1 0.0 0.0 0.0 0.0 0.0 0.0 0.0 
1469 1 0.0 0.0 0.0 0.0 0.0 0.0 0.0 
1470 1 0.0 0.0 0.0 0.0 0.0 0.0 0.0 
1471 1 0.0 0.0 0.0 0.0 0.0 0.0 0.0 
1472 1 0.0 0.0 0.0 0.0 0.0 0.0 0.0 
1473 1 0.0 0.0 0.0 0.0 0.0 0.0 0.0 
1474 1 0.0 0.0 0.0 0.0 0.0 0.0 0.0 
1475 1 0.0 0.0 0.0 0.0 0.0 0.0 0.0 
1476 1 0.0 0.0 0.0 0.0 0.0 0.0 0.0 
1477 1 0.0 0.0 0.0 0.0 0.0 0.0 0.0 
1478 1 0.0 0.0 0.0 0.0 0.0 0.0 0.0 
1479 1 0.0 0.0 0.0 0.0 0.0 0.0 0.0 
1480 1 0.0 0.0 0.0 0.0 0.0 0.0 0.0 
1481 1 0.0 0.0 0.0 0.0 0.0 0.0 0.0 
1482 1 0.0 0.0 0.0 0.0 0.0 0.0 0.0 
1483 1 0.0 0.0 0.0 0.0 0.0 0.0 0.0 
1484 1 0.0 0.0 0.0 0.0 0.0 0.0 0.0 
1485 1 0.0 0.0 0.0 0.0 0.0 0.0 0.0 
1486 1 0.0 0.0 0.0 0.0 0.0 0.0 0.0 
1487 1 0.0 0.0 0.0 0.0 0.0 0.0 0.0 
1488 1 0.0 0.0 0.0 0.0 0.0 0.0 0.0 
1489 1 0.0 0.0 0.0 0.0 0.0 0.0 0.0 
1490 1 0.0 0.0 0.0 0.0 0.0 0.0 0.0 
1491 1 0.0 0.0 0.0 0.0 0.0 0.0 0.0 
1492 1 0.0 0.0 0.0 0.0 0.0 0.0 0.0 
1493 1 0.0 0.0 0.0 0.0 0.0 0.0 0.0 
1494 1 0.0 0.0 0.0 0.0 0.0 0.0 0.0 
1495 1 0.0 0.0 0.0 0.0 0.0 0.0 0.0 
1496 1 0.0 0.0 0.0 0.0 0.0 0.0 0.0 
1497 1 0.0 0.0 0.0 0.0 0.0 0.0 0.0 
1498 1 0.0 0.0 0.0 0.0 0.0 0.0 0.0 
1499 1 0.0 0.0 0.0 0.0 0.0 0.0 0.0 
1500 1 0.0 0.0 0.0 0.0 0.0 0.0 0.0 
1501 1 0.0 0.0 0.0 0.0 0.0 0.0 0.0 
1502 1 0.0 0.0 0.0 0.0 0.0 0.0 0.0 
1503 1 0.0 0.0 0.0 0.0 0.0 0.0 0.0 
1504 1 0.0 0.0 0.0 0.0 0.0 0.0 0.0 
1505 1 0.0 0.0 0.0 0.0 0.0 0.0 0.0 
1506 1 0.0 0.0 0.0 0.0 0.0 0.0 0.0 
1507 1 0.0 0.0 0.0 0.0 0.0 0.0 0.0 
1508 1 0.0 0.0 0.0 0.0 0.0 0.0 0.0 
1509 1 0.0 0.0 0.0 0.0 0.0 0.0 0.0 
1510 1 0.0 0.0 0.0 0.0 0.0 0.0 0.0 
1511 1 0.0 0.0 0.0 0.0 0.0 0.0 0.0 
1512 1 0.0 0.0 0.0 0.0 0.0 0.0 0.0 
1513 1 0.0 0.0 0.0 0.0 0.0 0.0 0.0 
1514 1 0.0 0.0 0.0 0.0 0.0 0.0 0.0 
1515 1 0.0 0.0 0.0 0.0 0.0 0.0 0.0 
1516 1 0.0 0.0 0.0 0.0 0.0 0.0 0.0 
1517 1 0.0 0.0 0.0 0.0 0.0 0.0 0.0 
1518 1 0.0 0.0 0.0 0.0 0.0 0.0 0.0 
1519 1 0.0 0.0 0.0 0.0 0.0 0.0 0.0 
1520 1 0.0 0.0 0.0 0.0 0.0 0.0 0.0 
1521 1 0.0 0.0 0.0 0.0 0.0 0.0 0.0 
1522 1 0.0 0.0 0.0 0.0 0.0 0.0 0.0 
1523 1 0.0 0.0 0.0 0.0 0.0 0.0 0.0 
1524 1 0.0 0.0 0.0 0.0 0.0 0.0 0.0 
1525 1 0.0 0.0 0.0 0.0 0.0 0.0 0.0 
1526 1 0.0 0.0 0.0 0.0 0.0 0.0 0.0 
1527 1 0.0 0.0 0.0 0.0 0.0 0.0 0.0 
1528 1 0.0 0.0 0.0 0.0 0.0 0.0 0.0 
1529 1 0.0 0.0 0.0 0.0 0.0 0.0 0.0 
1530 1 0.0 0.0 0.0 0.0 0.0 0.0 0.0 
1531 1 0.0 0.0 0.0 0.0 0.0 0.0 0.0 
1532 1 0.0 0.0 0.0 0.0 0.0 0.0 0.0 
1533 1 0.0 0.0 0.0 0.0 0.0 0.0 0.0 
1534 1 0.0 0.0 0.0 0.0 0.0 0.0 0.0 
1535 1 0.0 0.0 0.0 0.0 0.0 0.0 0.0 
1536 1 0.0 0.0 0.0 0.0 0.0 0.0 0.0 
1537 1 0.0 0.0 0.0 0.0 0.0 0.0 0.0 
1538 1 0.0 0.0 0.0 0.0 0.0 0.0 0.0 
1539 1 0.0 0.0 0.0 0.0 0.0 0.0 0.0 
1540 1 0.0 0.0 0.0 0.0 0.0 0.0 0.0 
1541 1 0.0 0.0 0.0 0.0 0.0 0.0 0.0 
1542 1 0.0 0.0 0.0 0.0 0.0 0.0 0.0 
1543 1 0.0 0.0 0.0 0.0 0.0 0.0 0.0 
1544 1 0.0 0.0 0.0 0.0 0.0 0.0 0.0 
1545 1 0.0 0.0 0.0 0.0 0.0 0.0 0.0 
1546 1 0.0 0.0 0.0 0.0 0.0 0.0 0.0 
1547 1 0.0 0.0 0.0 0.0 0.0 0.0 0.0 
1548 1 0.0 0.0 0.0 0.0 0.0 0.0 0.0 
1549 1 0.0 0.0 0.0 0.0 0.0 0.0 0.0 
1550 1 0.0 0.0 0.0 0.0 0.0 0.0 0.0 
1551 1 0.0 0.0 0.0 0.0 0.0 0.0 0.0 
1552 1 0.0 0.0 0.0 0.0 0.0 0.0 0.0 
1553 1 0.0 0.0 0.0 0.0 0.0 0.0 0.0 
1554 1 0.0 0.0 0.0 0.0 0.0 0.0 0.0 
1555 1 0.0 0.0 0.0 0.0 0.0 0.0 0.0 
1556 1 0.0 0.0 0.0 0.0 0.0 0.0 0.0 
1557 1 0.0 0.0 0.0 0.0 0.0 0.0 0.0 
1558 1 0.0 0.0 0.0 0.0 0.0 0.0 0.0 
1559 1 0.0 0.0 0.0 0.0 0.0 0.0 0.0 
1560 1 0.0 0.0 0.0 0.0 0.0 0.0 0.0 
1561 1 0.0 0.0 0.0 0.0 0.0 0.0 0.0 
1562 1 0.0 0.0 0.0 0.0 0.0 0.0 0.0 
1563 1 0.0 0.0 0.0 0.0 0.0 0.0 0.0 
1564 1 0.0 0.0 0.0 0.0 0.0 0.0 0.0 
1565 1 0.0 0.0 0.0 0.0 0.0 0.0 0.0 
1566 1 0.0 0.0 0.0 0.0 0.0 0.0 0.0 
1567 1 0.0 0.0 0.0 0.0 0.0 0.0 0.0 
1568 1 0.0 0.0 0.0 0.0 0.0 0.0 0.0 
1569 1 0.0 0.0 0.0 0.0 0.0 0.0 0.0 
1570 1 0.0 0.0 0.0 0.0 0.0 0.0 0.0 
1571 1 0.0 0.0 0.0 0.0 0.0 0.0 0.0 
1572 1 0.0 0.0 0.0 0.0 0.0 0.0 0.0 
1573 1 0.0 0.0 0.0 0.0 0.0 0.0 0.0 
1574 1 0.0 0.0 0.0 0.0 0.0 0.0 0.0 
1575 1 0.0 0.0 0.0 0.0 0.0 0.0 0.0 
1576 1 0.0 0.0 0.0 0.0 0.0 0.0 0.0 
1577 1 0.0 0.0 0.0 0.0 0.0 0.0 0.0 
1578 1 0.0 0.0 0.0 0.0 0.0 0.0 0.0 
1579 1 0.0 0.0 0.0 0.0 0.0 0.0 0.0 
1580 1 0.0 0.0 0.0 0.0 0.0 0.0 0.0 
1581 1 0.0 0.0 0.0 0.0 0.0 0.0 0.0 
1582 1 0.0 0.0 0.0 0.0 0.0 0.0 0.0 
1583 1 0.0 0.0 0.0 0.0 0.0 0.0 0.0 
1584 1 0.0 0.0 0.0 0.0 0.0 0.0 0.0 
1585 1 0.0 0.0 0.0 0.0 0.0 0.0 0.0 
1586 1 0.0 0.0 0.0 0.0 0.0 0.0 0.0 
1587 1 0.0 0.0 0.0 0.0 0.0 0.0 0.0 
1588 1 0.0 0.0 0.0 0.0 0.0 0.0 0.0 
1589 1 0.0 0.0 0.0 0.0 0.0 0.0 0.0 
1590 1 0.0 0.0 0.0 0.0 0.0 0.0 0.0 
1591 1 0.0 0.0 0.0 0.0 0.0 0.0 0.0 
1592 1 0.0 0.0 0.0 0.0 0.0 0.0 0.0 
1593 1 0.0 0.0 0.0 0.0 0.0 0.0 0.0 
1594 1 0.0 0.0 0.0 0.0 0.0 0.0 0.0 
1595 1 0.0 0.0 0.0 0.0 0.0 0.0 0.0 
1596 1 0.0 0.0 0.0 0.0 0.0 0.0 0.0 
1597 1 0.0 0.0 0.0 0.0 0.0 0.0 0.0 
1598 1 0.0 0.0 0.0 0.0 0.0 0.0 0.0 
1599 1 0.0 0.0 0.0 0.0 0.0 0.0 0.0 
1600 1 0.0 0.0 0.0 0.0 0.0 0.0 0.0 
1601 1 0.0 0.0 0.0 0.0 0.0 0.0 0.0 
1602 1 0.0 0.0 0.0 0.0 0.0 0.0 0.0 
1603 1 0.0 0.0 0.0 0.0 0.0 0.0 0.0 
1604 1 0.0 0.0 0.0 0.0 0.0 0.0 0.0 
1605 1 0.0 0.0 0.0 0.0 0.0 0.0 0.0 
1606 1 0.0 0.0 0.0 0.0 0.0 0.0 0.0 
1607 1 0.0 0.0 0.0 0.0 0.0 0.0 0.0 
1608 1 0.0 0.0 0.0 0.0 0.0 0.0 0.0 
1609 1 0.0 0.0 0.0 0.0 0.0 0.0 0.0 
1610 1 0.0 0.0 0.0 0.0 0.0 0.0 0.0 
1611 1 0.0 0.0 0.0 0.0 0.0 0.0 0.0 
1612 1 0.0 0.0 0.0 0.0 0.0 0.0 0.0 
1613 1 0.0 0.0 0.0 0.0 0.0 0.0 0.0 
1614 1 0.0 0.0 0.0 0.0 0.0 0.0 0.0 
1615 1 0.0 0.0 0.0 0.0 0.0 0.0 0.0 
1616 1 0.0 0.0 0.0 0.0 0.0 0.0 0.0 
1617 1 0.0 0.0 0.0 0.0 0.0 0.0 0.0 
1618 1 0.0 0.0 0.0 0.0 0.0 0.0 0.0 
1619 1 0.0 0.0 0.0 0.0 0.0 0.0 0.0 
1620 1 0.0 0.0 0.0 0.0 0.0 0.0 0.0 
1621 1 0.0 0.0 0.0 0.0 0.0 0.0 0.0 
1622 1 0.0 0.0 0.0 0.0 0.0 0.0 0.0 
1623 1 0.0 0.0 0.0 0.0 0.0 0.0 0.0 
1624 1 0.0 0.0 0.0 0.0 0.0 0.0 0.0 
1625 1 0.0 0.0 0.0 0.0 0.0 0.0 0.0 
1626 1 0.0 0.0 0.0 0.0 0.0 0.0 0.0 
1627 1 0.0 0.0 0.0 0.0 0.0 0.0 0.0 
1628 1 0.0 0.0 0.0 0.0 0.0 0.0 0.0 
1629 1 0.0 0.0 0.0 0.0 0.0 0.0 0.0 
1630 1 0.0 0.0 0.0 0.0 0.0 0.0 0.0 
1631 1 0.0 0.0 0.0 0.0 0.0 0.0 0.0 
1632 1 0.0 0.0 0.0 0.0 0.0 0.0 0.0 
1633 1 0.0 0.0 0.0 0.0 0.0 0.0 0.0 
1634 1 0.0 0.0 0.0 0.0 0.0 0.0 0.0 
1635 1 0.0 0.0 0.0 0.0 0.0 0.0 0.0 
1636 1 0.0 0.0 0.0 0.0 0.0 0.0 0.0 
1637 1 0.0 0.0 0.0 0.0 0.0 0.0 0.0 
1638 1 0.0 0.0 0.0 0.0 0.0 0.0 0.0 
1639 1 0.0 0.0 0.0 0.0 0.0 0.0 0.0 
1640 1 0.0 0.0 0.0 0.0 0.0 0.0 0.0 
1641 1 0.0 0.0 0.0 0.0 0.0 0.0 0.0 
1642 1 0.0 0.0 0.0 0.0 0.0 0.0 0.0 
1643 1 0.0 0.0 0.0 0.0 0.0 0.0 0.0 
1644 1 0.0 0.0 0.0 0.0 0.0 0.0 0.0 
1645 1 0.0 0.0 0.0 0.0 0.0 0.0 0.0 
1646 1 0.0 0.0 0.0 0.0 0.0 0.0 0.0 
1647 1 0.0 0.0 0.0 0.0 0.0 0.0 0.0 
1648 1 0.0 0.0 0.0 0.0 0.0 0.0 0.0 
1649 1 0.0 0.0 0.0 0.0 0.0 0.0 0.0 
1650 1 0.0 0.0 0.0 0.0 0.0 0.0 0.0 
1651 1 0.0 0.0 0.0 0.0 0.0 0.0 0.0 
1652 1 0.0 0.0 0.0 0.0 0.0 0.0 0.0 
1653 1 0.0 0.0 0.0 0.0 0.0 0.0 0.0 
1654 1 0.0 0.0 0.0 0.0 0.0 0.0 0.0 
1655 1 0.0 0.0 0.0 0.0 0.0 0.0 0.0 
1656 1 0.0 0.0 0.0 0.0 0.0 0.0 0.0 
1657 1 0.0 0.0 0.0 0.0 0.0 0.0 0.0 
1658 1 0.0 0.0 0.0 0.0 0.0 0.0 0.0 
1659 1 0.0 0.0 0.0 0.0 0.0 0.0 0.0 
1660 1 0.0 0.0 0.0 0.0 0.0 0.0 0.0 
1661 1 0.0 0.0 0.0 0.0 0.0 0.0 0.0 
1662 1 0.0 0.0 0.0 0.0 0.0 0.0 0.0 
1663 1 0.0 0.0 0.0 0.0 0.0 0.0 0.0 
1664 1 0.0 0.0 0.0 0.0 0.0 0.0 0.0 
1665 1 0.0 0.0 0.0 0.0 0.0 0.0 0.0 
1666 1 0.0 0.0 0.0 0.0 0.0 0.0 0.0 
1667 1 0.0 0.0 0.0 0.0 0.0 0.0 0.0 
1668 1 0.0 0.0 0.0 0.0 0.0 0.0 0.0 
1669 1 0.0 0.0 0.0 0.0 0.0 0.0 0.0 
1670 1 0.0 0.0 0.0 0.0 0.0 0.0 0.0 
1671 1 0.0 0.0 0.0 0.0 0.0 0.0 0.0 
1672 1 0.0 0.0 0.0 0.0 0.0 0.0 0.0 
1673 1 0.0 0.0 0.0 0.0 0.0 0.0 0.0 
1674 1 0.0 0.0 0.0 0.0 0.0 0.0 0.0 
1675 1 0.0 0.0 0.0 0.0 0.0 0.0 0.0 
1676 1 0.0 0.0 0.0 0.0 0.0 0.0 0.0 
1677 1 0.0 0.0 0.0 0.0 0.0 0.0 0.0 
1678 1 0.0 0.0 0.0 0.0 0.0 0.0 0.0 
1679 1 0.0 0.0 0.0 0.0 0.0 0.0 0.0 
1680 1 0.0 0.0 0.0 0.0 0.0 0.0 0.0 
1681 1 0.0 0.0 0.0 0.0 0.0 0.0 0.0 
1682 1 0.0 0.0 0.0 0.0 0.0 0.0 0.0 
1683 1 0.0 0.0 0.0 0.0 0.0 0.0 0.0 
1684 1 0.0 0.0 0.0 0.0 0.0 0.0 0.0 
1685 1 0.0 0.0 0.0 0.0 0.0 0.0 0.0 
1686 1 0.0 0.0 0.0 0.0 0.0 0.0 0.0 
1687 1 0.0 0.0 0.0 0.0 0.0 0.0 0.0 
1688 1 0.0 0.0 0.0 0.0 0.0 0.0 0.0 
1689 1 0.0 0.0 0.0 0.0 0.0 0.0 0.0 
1690 1 0.0 0.0 0.0 0.0 0.0 0.0 0.0 
1691 1 0.0 0.0 0.0 0.0 0.0 0.0 0.0 
1692 1 0.0 0.0 0.0 0.0 0.0 0.0 0.0 
1693 1 0.0 0.0 0.0 0.0 0.0 0.0 0.0 
1694 1 0.0 0.0 0.0 0.0 0.0 0.0 0.0 
1695 1 0.0 0.0 0.0 0.0 0.0 0.0 0.0 
1696 1 0.0 0.0 0.0 0.0 0.0 0.0 0.0 
1697 1 0.0 0.0 0.0 0.0 0.0 0.0 0.0 
1698 1 0.0 0.0 0.0 0.0 0.0 0.0 0.0 
1699 1 0.0 0.0 0.0 0.0 0.0 0.0 0.0 
1700 1 0.0 0.0 0.0 0.0 0.0 0.0 0.0 
1701 1 0.0 0.0 0.0 0.0 0.0 0.0 0.0 
1702 1 0.0 0.0 0.0 0.0 0.0 0.0 0.0 
1703 1 0.0 0.0 0.0 0.0 0.0 0.0 0.0 
1704 1 0.0 0.0 0.0 0.0 0.0 0.0 0.0 
1705 1 0.0 0.0 0.0 0.0 0.0 0.0 0.0 
1706 1 0.0 0.0 0.0 0.0 0.0 0.0 0.0 
1707 1 0.0 0.0 0.0 0.0 0.0 0.0 0.0 
1708 1 0.0 0.0 0.0 0.0 0.0 0.0 0.0 
1709 1 0.0 0.0 0.0 0.0 0.0 0.0 0.0 
1710 1 0.0 0.0 0.0 0.0 0.0 0.0 0.0 
1711 1 0.0 0.0 0.0 0.0 0.0 0.0 0.0 
1712 1 0.0 0.0 0.0 0.0 0.0 0.0 0.0 
1713 1 0.0 0.0 0.0 0.0 0.0 0.0 0.0 
1714 1 0.0 0.0 0.0 0.0 0.0 0.0 0.0 
1715 1 0.0 0.0 0.0 0.0 0.0 0.0 0.0 
1716 1 0.0 0.0 0.0 0.0 0.0 0.0 0.0 
1717 1 0.0 0.0 0.0 0.0 0.0 0.0 0.0 
1718 1 0.0 0.0 0.0 0.0 0.0 0.0 0.0 
1719 1 0.0 0.0 0.0 0.0 0.0 0.0 0.0 
1720 1 0.0 0.0 0.0 0.0 0.0 0.0 0.0 
1721 1 0.0 0.0 0.0 0.0 0.0 0.0 0.0 
1722 1 0.0 0.0 0.0 0.0 0.0 0.0 0.0 
1723 1 0.0 0.0 0.0 0.0 0.0 0.0 0.0 
1724 1 0.0 0.0 0.0 0.0 0.0 0.0 0.0 
1725 1 0.0 0.0 0.0 0.0 0.0 0.0 0.0 
1726 1 0.0 0.0 0.0 0.0 0.0 0.0 0.0 
1727 1 0.0 0.0 0.0 0.0 0.0 0.0 0.0 
1728 1 0.0 0.0 0.0 0.0 0.0 0.0 0.0 
1729 1 0.0 0.0 0.0 0.0 0.0 0.0 0.0 
1730 1 0.0 0.0 0.0 0.0 0.0 0.0 0.0 
1731 1 0.0 0.0 0.0 0.0 0.0 0.0 0.0 
1732 1 0.0 0.0 0.0 0.0 0.0 0.0 0.0 
1733 1 0.0 0.0 0.0 0.0 0.0 0.0 0.0 
1734 1 0.0 0.0 0.0 0.0 0.0 0.0 0.0 
1735 1 0.0 0.0 0.0 0.0 0.0 0.0 0.0 
1736 1 0.0 0.0 0.0 0.0 0.0 0.0 0.0 
1737 1 0.0 0.0 0.0 0.0 0.0 0.0 0.0 
1738 1 0.0 0.0 0.0 0.0 0.0 0.0 0.0 
1739 1 0.0 0.0 0.0 0.0 0.0 0.0 0.0 
1740 1 0.0 0.0 0.0 0.0 0.0 0.0 0.0 
1741 1 0.0 0.0 0.0 0.0 0.0 0.0 0.0 
1742 1 0.0 0.0 0.0 0.0 0.0 0.0 0.0 
1743 1 0.0 0.0 0.0 0.0 0.0 0.0 0.0 
1744 1 0.0 0.0 0.0 0.0 0.0 0.0 0.0 
1745 1 0.0 0.0 0.0 0.0 0.0 0.0 0.0 
1746 1 0.0 0.0 0.0 0.0 0.0 0.0 0.0 
1747 1 0.0 0.0 0.0 0.0 0.0 0.0 0.0 
1748 1 0.0 0.0 0.0 0.0 0.0 0.0 0.0 
1749 1 0.0 0.0 0.0 0.0 0.0 0.0 0.0 
1750 1 0.0 0.0 0.0 0.0 0.0 0.0 0.0 
1751 1 0.0 0.0 0.0 0.0 0.0 0.0 0.0 
1752 1 0.0 0.0 0.0 0.0 0.0 0.0 0.0 
1753 1 0.0 0.0 0.0 0.0 0.0 0.0 0.0 
1754 1 0.0 0.0 0.0 0.0 0.0 0.0 0.0 
1755 1 0.0 0.0 0.0 0.0 0.0 0.0 0.0 
1756 1 0.0 0.0 0.0 0.0 0.0 0.0 0.0 
1757 1 0.0 0.0 0.0 0.0 0.0 0.0 0.0 
1758 1 0.0 0.0 0.0 0.0 0.0 0.0 0.0 
1759 1 0.0 0.0 0.0 0.0 0.0 0.0 0.0 
1760 1 0.0 0.0 0.0 0.0 0.0 0.0 0.0 
1761 1 0.0 0.0 0.0 0.0 0.0 0.0 0.0 
1762 1 0.0 0.0 0.0 0.0 0.0 0.0 0.0 
1763 1 0.0 0.0 0.0 0.0 0.0 0.0 0.0 
1764 1 0.0 0.0 0.0 0.0 0.0 0.0 0.0 
1765 1 0.0 0.0 0.0 0.0 0.0 0.0 0.0 
1766 1 0.0 0.0 0.0 0.0 0.0 0.0 0.0 
1767 1 0.0 0.0 0.0 0.0 0.0 0.0 0.0 
1768 1 0.0 0.0 0.0 0.0 0.0 0.0 0.0 
1769 1 0.0 0.0 0.0 0.0 0.0 0.0 0.0 
1770 1 0.0 0.0 0.0 0.0 0.0 0.0 0.0 
1771 1 0.0 0.0 0.0 0.0 0.0 0.0 0.0 
1772 1 0.0 0.0 0.0 0.0 0.0 0.0 0.0 
1773 1 0.0 0.0 0.0 0.0 0.0 0.0 0.0 
1774 1 0.0 0.0 0.0 0.0 0.0 0.0 0.0 
1775 1 0.0 0.0 0.0 0.0 0.0 0.0 0.0 
1776 1 0.0 0.0 0.0 0.0 0.0 0.0 0.0 
1777 1 0.0 0.0 0.0 0.0 0.0 0.0 0.0 
1778 1 0.0 0.0 0.0 0.0 0.0 0.0 0.0 
1779 1 0.0 0.0 0.0 0.0 0.0 0.0 0.0 
1780 1 0.0 0.0 0.0 0.0 0.0 0.0 0.0 
1781 1 0.0 0.0 0.0 0.0 0.0 0.0 0.0 
1782 1 0.0 0.0 0.0 0.0 0.0 0.0 0.0 
1783 1 0.0 0.0 0.0 0.0 0.0 0.0 0.0 
1784 1 0.0 0.0 0.0 0.0 0.0 0.0 0.0 
1785 1 0.0 0.0 0.0 0.0 0.0 0.0 0.0 
1786 1 0.0 0.0 0.0 0.0 0.0 0.0 0.0 
1787 1 0.0 0.0 0.0 0.0 0.0 0.0 0.0 
1788 1 0.0 0.0 0.0 0.0 0.0 0.0 0.0 
1789 1 0.0 0.0 0.0 0.0 0.0 0.0 0.0 
1790 1 0.0 0.0 0.0 0.0 0.0 0.0 0.0 
1791 1 0.0 0.0 0.0 0.0 0.0 0.0 0.0 
1792 1 0.0 0.0 0.0 0.0 0.0 0.0 0.0 
1793 1 0.0 0.0 0.0 0.0 0.0 0.0 0.0 
1794 1 0.0 0.0 0.0 0.0 0.0 0.0 0.0 
1795 1 0.0 0.0 0.0 0.0 0.0 0.0 0.0 
1796 1 0.0 0.0 0.0 0.0 0.0 0.0 0.0 
1797 1 0.0 0.0 0.0 0.0 0.0 0.0 0.0 
1798 1 0.0 0.0 0.0 0.0 0.0 0.0 0.0 
1799 1 0.0 0.0 0.0 0.0 0.0 0.0 0.0 
1800 1 0.0 0.0 0.0 0.0 0.0 0.0 0.0 
1801 1 0.0 0.0 0.0 0.0 0.0 0.0 0.0 
1802 1 0.0 0.0 0.0 0.0 0.0 0.0 0.0 
1803 1 0.0 0.0 0.0 0.0 0.0 0.0 0.0 
1804 1 0.0 0.0 0.0 0.0 0.0 0.0 0.0 
1805 1 0.0 0.0 0.0 0.0 0.0 0.0 0.0 
1806 1 0.0 0.0 0.0 0.0 0.0 0.0 0.0 
1807 1 0.0 0.0 0.0 0.0 0.0 0.0 0.0 
1808 1 0.0 0.0 0.0 0.0 0.0 0.0 0.0 
1809 1 0.0 0.0 0.0 0.0 0.0 0.0 0.0 
1810 1 0.0 0.0 0.0 0.0 0.0 0.0 0.0 
1811 1 0.0 0.0 0.0 0.0 0.0 0.0 0.0 
1812 1 0.0 0.0 0.0 0.0 0.0 0.0 0.0 
1813 1 0.0 0.0 0.0 0.0 0.0 0.0 0.0 
1814 1 0.0 0.0 0.0 0.0 0.0 0.0 0.0 
1815 1 0.0 0.0 0.0 0.0 0.0 0.0 0.0 
1816 1 0.0 0.0 0.0 0.0 0.0 0.0 0.0 
1817 1 0.0 0.0 0.0 0.0 0.0 0.0 0.0 
1818 1 0.0 0.0 0.0 0.0 0.0 0.0 0.0 
1819 1 0.0 0.0 0.0 0.0 0.0 0.0 0.0 
1820 1 0.0 0.0 0.0 0.0 0.0 0.0 0.0 
1821 1 0.0 0.0 0.0 0.0 0.0 0.0 0.0 
1822 1 0.0 0.0 0.0 0.0 0.0 0.0 0.0 
1823 1 0.0 0.0 0.0 0.0 0.0 0.0 0.0 
1824 1 0.0 0.0 0.0 0.0 0.0 0.0 0.0 
1825 1 0.0 0.0 0.0 0.0 0.0 0.0 0.0 
1826 1 0.0 0.0 0.0 0.0 0.0 0.0 0.0 
1827 1 0.0 0.0 0.0 0.0 0.0 0.0 0.0 
1828 1 0.0 0.0 0.0 0.0 0.0 0.0 0.0 
1829 1 0.0 0.0 0.0 0.0 0.0 0.0 0.0 
1830 1 0.0 0.0 0.0 0.0 0.0 0.0 0.0 
1831 1 0.0 0.0 0.0 0.0 0.0 0.0 0.0 
1832 1 0.0 0.0 0.0 0.0 0.0 0.0 0.0 
1833 1 0.0 0.0 0.0 0.0 0.0 0.0 0.0 
1834 1 0.0 0.0 0.0 0.0 0.0 0.0 0.0 
1835 1 0.0 0.0 0.0 0.0 0.0 0.0 0.0 
1836 1 0.0 0.0 0.0 0.0 0.0 0.0 0.0 
1837 1 0.0 0.0 0.0 0.0 0.0 0.0 0.0 
1838 1 0.0 0.0 0.0 0.0 0.0 0.0 0.0 
1839 1 0.0 0.0 0.0 0.0 0.0 0.0 0.0 
1840 1 0.0 0.0 0.0 0.0 0.0 0.0 0.0 
1841 1 0.0 0.0 0.0 0.0 0.0 0.0 0.0 
1842 1 0.0 0.0 0.0 0.0 0.0 0.0 0.0 
1843 1 0.0 0.0 0.0 0.0 0.0 0.0 0.0 
1844 1 0.0 0.0 0.0 0.0 0.0 0.0 0.0 
1845 1 0.0 0.0 0.0 0.0 0.0 0.0 0.0 
1846 1 0.0 0.0 0.0 0.0 0.0 0.0 0.0 
1847 1 0.0 0.0 0.0 0.0 0.0 0.0 0.0 
1848 1 0.0 0.0 0.0 0.0 0.0 0.0 0.0 
1849 1 0.0 0.0 0.0 0.0 0.0 0.0 0.0 
1850 1 0.0 0.0 0.0 0.0 0.0 0.0 0.0 
1851 1 0.0 0.0 0.0 0.0 0.0 0.0 0.0 
1852 1 0.0 0.0 0.0 0.0 0.0 0.0 0.0 
1853 1 0.0 0.0 0.0 0.0 0.0 0.0 0.0 
1854 1 0.0 0.0 0.0 0.0 0.0 0.0 0.0 
1855 1 0.0 0.0 0.0 0.0 0.0 0.0 0.0 
1856 1 0.0 0.0 0.0 0.0 0.0 0.0 0.0 
1857 1 0.0 0.0 0.0 0.0 0.0 0.0 0.0 
1858 1 0.0 0.0 0.0 0.0 0.0 0.0 0.0 
1859 1 0.0 0.0 0.0 0.0 0.0 0.0 0.0 
1860 1 0.0 0.0 0.0 0.0 0.0 0.0 0.0 
1861 1 0.0 0.0 0.0 0.0 0.0 0.0 0.0 
1862 1 0.0 0.0 0.0 0.0 0.0 0.0 0.0 
1863 1 0.0 0.0 0.0 0.0 0.0 0.0 0.0 
1864 1 0.0 0.0 0.0 0.0 0.0 0.0 0.0 
1865 1 0.0 0.0 0.0 0.0 0.0 0.0 0.0 
1866 1 0.0 0.0 0.0 0.0 0.0 0.0 0.0 
1867 1 0.0 0.0 0.0 0.0 0.0 0.0 0.0 
1868 1 0.0 0.0 0.0 0.0 0.0 0.0 0.0 
1869 1 0.0 0.0 0.0 0.0 0.0 0.0 0.0 
1870 1 0.0 0.0 0.0 0.0 0.0 0.0 0.0 
1871 1 0.0 0.0 0.0 0.0 0.0 0.0 0.0 
1872 1 0.0 0.0 0.0 0.0 0.0 0.0 0.0 
1873 1 0.0 0.0 0.0 0.0 0.0 0.0 0.0 
1874 1 0.0 0.0 0.0 0.0 0.0 0.0 0.0 
1875 1 0.0 0.0 0.0 0.0 0.0 0.0 0.0 
1876 1 0.0 0.0 0.0 0.0 0.0 0.0 0.0 
1877 1 0.0 0.0 0.0 0.0 0.0 0.0 0.0 
1878 1 0.0 0.0 0.0 0.0 0.0 0.0 0.0 
1879 1 0.0 0.0 0.0 0.0 0.0 0.0 0.0 
1880 1 0.0 0.0 0.0 0.0 0.0 0.0 0.0 
1881 1 0.0 0.0 0.0 0.0 0.0 0.0 0.0 
1882 1 0.0 0.0 0.0 0.0 0.0 0.0 0.0 
1883 1 0.0 0.0 0.0 0.0 0.0 0.0 0.0 
1884 1 0.0 0.0 0.0 0.0 0.0 0.0 0.0 
1885 1 0.0 0.0 0.0 0.0 0.0 0.0 0.0 
1886 1 0.0 0.0 0.0 0.0 0.0 0.0 0.0 
1887 1 0.0 0.0 0.0 0.0 0.0 0.0 0.0 
1888 1 0.0 0.0 0.0 0.0 0.0 0.0 0.0 
1889 1 0.0 0.0 0.0 0.0 0.0 0.0 0.0 
1890 1 0.0 0.0 0.0 0.0 0.0 0.0 0.0 
1891 1 0.0 0.0 0.0 0.0 0.0 0.0 0.0 
1892 1 0.0 0.0 0.0 0.0 0.0 0.0 0.0 
1893 1 0.0 0.0 0.0 0.0 0.0 0.0 0.0 
1894 1 0.0 0.0 0.0 0.0 0.0 0.0 0.0 
1895 1 0.0 0.0 0.0 0.0 0.0 0.0 0.0 
1896 1 0.0 0.0 0.0 0.0 0.0 0.0 0.0 
1897 1 0.0 0.0 0.0 0.0 0.0 0.0 0.0 
1898 1 0.0 0.0 0.0 0.0 0.0 0.0 0.0 
1899 1 0.0 0.0 0.0 0.0 0.0 0.0 0.0 
1900 1 0.0 0.0 0.0 0.0 0.0 0.0 0.0 
1901 1 0.0 0.0 0.0 0.0 0.0 0.0 0.0 
1902 1 0.0 0.0 0.0 0.0 0.0 0.0 0.0 
1903 1 0.0 0.0 0.0 0.0 0.0 0.0 0.0 
1904 1 0.0 0.0 0.0 0.0 0.0 0.0 0.0 
1905 1 0.0 0.0 0.0 0.0 0.0 0.0 0.0 
1906 1 0.0 0.0 0.0 0.0 0.0 0.0 0.0 
1907 1 0.0 0.0 0.0 0.0 0.0 0.0 0.0 
1908 1 0.0 0.0 0.0 0.0 0.0 0.0 0.0 
1909 1 0.0 0.0 0.0 0.0 0.0 0.0 0.0 
1910 1 0.0 0.0 0.0 0.0 0.0 0.0 0.0 
1911 1 0.0 0.0 0.0 0.0 0.0 0.0 0.0 
1912 1 0.0 0.0 0.0 0.0 0.0 0.0 0.0 
1913 1 0.0 0.0 0.0 0.0 0.0 0.0 0.0 
1914 1 0.0 0.0 0.0 0.0 0.0 0.0 0.0 
1915 1 0.0 0.0 0.0 0.0 0.0 0.0 0.0 
1916 1 0.0 0.0 0.0 0.0 0.0 0.0 0.0 
1917 1 0.0 0.0 0.0 0.0 0.0 0.0 0.0 
1918 1 0.0 0.0 0.0 0.0 0.0 0.0 0.0 
1919 1 0.0 0.0 0.0 0.0 0.0 0.0 0.0 
1920 1 0.0 0.0 0.0 0.0 0.0 0.0 0.0 
1921 1 0.0 0.0 0.0 0.0 0.0 0.0 0.0 
1922 1 0.0 0.0 0.0 0.0 0.0 0.0 0.0 
1923 1 0.0 0.0 0.0 0.0 0.0 0.0 0.0 
1924 1 0.0 0.0 0.0 0.0 0.0 0.0 0.0 
1925 1 0.0 0.0 0.0 0.0 0.0 0.0 0.0 
1926 1 0.0 0.0 0.0 0.0 0.0 0.0 0.0 
1927 1 0.0 0.0 0.0 0.0 0.0 0.0 0.0 
1928 1 0.0 0.0 0.0 0.0 0.0 0.0 0.0 
1929 1 0.0 0.0 0.0 0.0 0.0 0.0 0.0 
1930 1 0.0 0.0 0.0 0.0 0.0 0.0 0.0 
1931 1 0.0 0.0 0.0 0.0 0.0 0.0 0.0 
1932 1 0.0 0.0 0.0 0.0 0.0 0.0 0.0 
1933 1 0.0 0.0 0.0 0.0 0.0 0.0 0.0 
1934 1 0.0 0.0 0.0 0.0 0.0 0.0 0.0 
1935 1 0.0 0.0 0.0 0.0 0.0 0.0 0.0 
1936 1 0.0 0.0 0.0 0.0 0.0 0.0 0.0 
1937 1 0.0 0.0 0.0 0.0 0.0 0.0 0.0 
1938 1 0.0 0.0 0.0 0.0 0.0 0.0 0.0 
1939 1 0.0 0.0 0.0 0.0 0.0 0.0 0.0 
1940 1 0.0 0.0 0.0 0.0 0.0 0.0 0.0 
1941 1 0.0 0.0 0.0 0.0 0.0 0.0 0.0 
1942 1 0.0 0.0 0.0 0.0 0.0 0.0 0.0 
1943 1 0.0 0.0 0.0 0.0 0.0 0.0 0.0 
1944 1 0.0 0.0 0.0 0.0 0.0 0.0 0.0 
1945 1 0.0 0.0 0.0 0.0 0.0 0.0 0.0 
1946 1 0.0 0.0 0.0 0.0 0.0 0.0 0.0 
1947 1 0.0 0.0 0.0 0.0 0.0 0.0 0.0 
1948 1 0.0 0.0 0.0 0.0 0.0 0.0 0.0 
1949 1 0.0 0.0 0.0 0.0 0.0 0.0 0.0 
1950 1 0.0 0.0 0.0 0.0 0.0 0.0 0.0 
1951 1 0.0 0.0 0.0 0.0 0.0 0.0 0.0 
1952 1 0.0 0.0 0.0 0.0 0.0 0.0 0.0 
1953 1 0.0 0.0 0.0 0.0 0.0 0.0 0.0 
1954 1 0.0 0.0 0.0 0.0 0.0 0.0 0.0 
1955 1 0.0 0.0 0.0 0.0 0.0 0.0 0.0 
1956 1 0.0 0.0 0.0 0.0 0.0 0.0 0.0 
1957 1 0.0 0.0 0.0 0.0 0.0 0.0 0.0 
1958 1 0.0 0.0 0.0 0.0 0.0 0.0 0.0 
1959 1 0.0 0.0 0.0 0.0 0.0 0.0 0.0 
1960 1 0.0 0.0 0.0 0.0 0.0 0.0 0.0 
1961 1 0.0 0.0 0.0 0.0 0.0 0.0 0.0 
1962 1 0.0 0.0 0.0 0.0 0.0 0.0 0.0 
1963 1 0.0 0.0 0.0 0.0 0.0 0.0 0.0 
1964 1 0.0 0.0 0.0 0.0 0.0 0.0 0.0 
1965 1 0.0 0.0 0.0 0.0 0.0 0.0 0.0 
1966 1 0.0 0.0 0.0 0.0 0.0 0.0 0.0 
1967 1 0.0 0.0 0.0 0.0 0.0 0.0 0.0 
1968 1 0.0 0.0 0.0 0.0 0.0 0.0 0.0 
1969 1 0.0 0.0 0.0 0.0 0.0 0.0 0.0 
1970 1 0.0 0.0 0.0 0.0 0.0 0.0 0.0 
1971 1 0.0 0.0 0.0 0.0 0.0 0.0 0.0 
1972 1 0.0 0.0 0.0 0.0 0.0 0.0 0.0 
1973 1 0.0 0.0 0.0 0.0 0.0 0.0 0.0 
1974 1 0.0 0.0 0.0 0.0 0.0 0.0 0.0 
1975 1 0.0 0.0 0.0 0.0 0.0 0.0 0.0 
1976 1 0.0 0.0 0.0 0.0 0.0 0.0 0.0 
1977 1 0.0 0.0 0.0 0.0 0.0 0.0 0.0 
1978 1 0.0 0.0 0.0 0.0 0.0 0.0 0.0 
1979 1 0.0 0.0 0.0 0.0 0.0 0.0 0.0 
1980 1 0.0 0.0 0.0 0.0 0.0 0.0 0.0 
1981 1 0.0 0.0 0.0 0.0 0.0 0.0 0.0 
1982 1 0.0 0.0 0.0 0.0 0.0 0.0 0.0 
1983 1 0.0 0.0 0.0 0.0 0.0 0.0 0.0 
1984 1 0.0 0.0 0.0 0.0 0.0 0.0 0.0 
1985 1 0.0 0.0 0.0 0.0 0.0 0.0 0.0 
1986 1 0.0 0.0 0.0 0.0 0.0 0.0 0.0 
1987 1 0.0 0.0 0.0 0.0 0.0 0.0 0.0 
1988 1 0.0 0.0 0.0 0.0 0.0 0.0 0.0 
1989 1 0.0 0.0 0.0 0.0 0.0 0.0 0.0 
1990 1 0.0 0.0 0.0 0.0 0.0 0.0 0.0 
1991 1 0.0 0.0 0.0 0.0 0.0 0.0 0.0 
1992 1 0.0 0.0 0.0 0.0 0.0 0.0 0.0 
1993 1 0.0 0.0 0.0 0.0 0.0 0.0 0.0 
1994 1 0.0 0.0 0.0 0.0 0.0 0.0 0.0 
1995 1 0.0 0.0 0.0 0.0 0.0 0.0 0.0 
1996 1 0.0 0.0 0.0 0.0 0.0 0.0 0.0 
1997 1 0.0 0.0 0.0 0.0 0.0 0.0 0.0 
1998 1 0.0 0.0 0.0 0.0 0.0 0.0 0.0 
1999 1 0.0 0.0 0.0 0.0 0.0 0.0 0.0 
2000 1 0.0 0.0 0.0 0.0 0.0 0.0 0.0 
2001 1 0.0 0.0 0.0 0.0 0.0 0.0 0.0 
2002 1 0.0 0.0 0.0 0.0 0.0 0.0 0.0 
2003 1 0.0 0.0 0.0 0.0 0.0 0.0 0.0 
2004 1 0.0 0.0 0.0 0.0 0.0 0.0 0.0 
2005 1 0.0 0.0 0.0 0.0 0.0 0.0 0.0 
2006 1 0.0 0.0 0.0 0.0 0.0 0.0 0.0 
2007 1 0.0 0.0 0.0 0.0 0.0 0.0 0.0 
2008 1 0.0 0.0 0.0 0.0 0.0 0.0 0.0 
2009 1 0.0 0.0 0.0 0.0 0.0 0.0 0.0 
2010 1 0.0 0.0 0.0 0.0 0.0 0.0 0.0 
2011 1 0.0 0.0 0.0 0.0 0.0 0.0 0.0 
2012 1 0.0 0.0 0.0 0.0 0.0 0.0 0.0 
2013 1 0.0 0.0 0.0 0.0 0.0 0.0 0.0 
2014 1 0.0 0.0 0.0 0.0 0.0 0.0 0.0 
2015 1 0.0 0.0 0.0 0.0 0.0 0.0 0.0 
2016 1 0.0 0.0 0.0 0.0 0.0 0.0 0.0 
2017 1 0.0 0.0 0.0 0.0 0.0 0.0 0.0 
2018 1 0.0 0.0 0.0 0.0 0.0 0.0 0.0 
2019 1 0.0 0.0 0.0 0.0 0.0 0.0 0.0 
2020 1 0.0 0.0 0.0 0.0 0.0 0.0 0.0 
2021 1 0.0 0.0 0.0 0.0 0.0 0.0 0.0 
2022 1 0.0 0.0 0.0 0.0 0.0 0.0 0.0 
2023 1 0.0 0.0 0.0 0.0 0.0 0.0 0.0 
2024 1 0.0 0.0 0.0 0.0 0.0 0.0 0.0 
2025 1 0.0 0.0 0.0 0.0 0.0 0.0 0.0 
2026 1 0.0 0.0 0.0 0.0 0.0 0.0 0.0 
2027 1 0.0 0.0 0.0 0.0 0.0 0.0 0.0 
2028 1 0.0 0.0 0.0 0.0 0.0 0.0 0.0 
2029 1 0.0 0.0 0.0 0.0 0.0 0.0 0.0 
2030 1 0.0 0.0 0.0 0.0 0.0 0.0 0.0 
2031 1 0.0 0.0 0.0 0.0 0.0 0.0 0.0 
2032 1 0.0 0.0 0.0 0.0 0.0 0.0 0.0 
2033 1 0.0 0.0 0.0 0.0 0.0 0.0 0.0 
2034 1 0.0 0.0 0.0 0.0 0.0 0.0 0.0 
2035 1 0.0 0.0 0.0 0.0 0.0 0.0 0.0 
2036 1 0.0 0.0 0.0 0.0 0.0 0.0 0.0 
2037 1 0.0 0.0 0.0 0.0 0.0 0.0 0.0 
2038 1 0.0 0.0 0.0 0.0 0.0 0.0 0.0 
2039 1 0.0 0.0 0.0 0.0 0.0 0.0 0.0 
2040 1 0.0 0.0 0.0 0.0 0.0 0.0 0.0 
2041 1 0.0 0.0 0.0 0.0 0.0 0.0 0.0 
2042 1 0.0 0.0 0.0 0.0 0.0 0.0 0.0 
2043 1 0.0 0.0 0.0 0.0 0.0 0.0 0.0 
2044 1 0.0 0.0 0.0 0.0 0.0 0.0 0.0 
2045 1 0.0 0.0 0.0 0.0 0.0 0.0 0.0 
2046 1 0.0 0.0 0.0 0.0 0.0 0.0 0.0 
2047 1 0.0 0.0 0.0 0.0 0.0 0.0 0.0 
2048 1 0.0 0.0 0.0 0.0 0.0 0.0 0.0 
2049 1 0.0 0.0 0.0 0.0 0.0 0.0 0.0 
2050 1 0.0 0.0 0.0 0.0 0.0 0.0 0.0 
2051 1 0.0 0.0 0.0 0.0 0.0 0.0 0.0 
2052 1 0.0 0.0 0.0 0.0 0.0 0.0 0.0 
2053 1 0.0 0.0 0.0 0.0 0.0 0.0 0.0 
2054 1 0.0 0.0 0.0 0.0 0.0 0.0 0.0 
2055 1 0.0 0.0 0.0 0.0 0.0 0.0 0.0 
2056 1 0.0 0.0 0.0 0.0 0.0 0.0 0.0 
2057 1 0.0 0.0 0.0 0.0 0.0 0.0 0.0 
2058 1 0.0 0.0 0.0 0.0 0.0 0.0 0.0 
2059 1 0.0 0.0 0.0 0.0 0.0 0.0 0.0 
2060 1 0.0 0.0 0.0 0.0 0.0 0.0 0.0 
2061 1 0.0 0.0 0.0 0.0 0.0 0.0 0.0 
2062 1 0.0 0.0 0.0 0.0 0.0 0.0 0.0 
2063 1 0.0 0.0 0.0 0.0 0.0 0.0 0.0 
2064 1 0.0 0.0 0.0 0.0 0.0 0.0 0.0 
2065 1 0.0 0.0 0.0 0.0 0.0 0.0 0.0 
2066 1 0.0 0.0 0.0 0.0 0.0 0.0 0.0 
2067 1 0.0 0.0 0.0 0.0 0.0 0.0 0.0 
2068 1 0.0 0.0 0.0 0.0 0.0 0.0 0.0 
2069 1 0.0 0.0 0.0 0.0 0.0 0.0 0.0 
2070 1 0.0 0.0 0.0 0.0 0.0 0.0 0.0 
2071 1 0.0 0.0 0.0 0.0 0.0 0.0 0.0 
2072 1 0.0 0.0 0.0 0.0 0.0 0.0 0.0 
2073 1 0.0 0.0 0.0 0.0 0.0 0.0 0.0 
2074 1 0.0 0.0 0.0 0.0 0.0 0.0 0.0 
2075 1 0.0 0.0 0.0 0.0 0.0 0.0 0.0 
2076 1 0.0 0.0 0.0 0.0 0.0 0.0 0.0 
2077 1 0.0 0.0 0.0 0.0 0.0 0.0 0.0 
2078 1 0.0 0.0 0.0 0.0 0.0 0.0 0.0 
2079 1 0.0 0.0 0.0 0.0 0.0 0.0 0.0 
2080 1 0.0 0.0 0.0 0.0 0.0 0.0 0.0 
2081 1 0.0 0.0 0.0 0.0 0.0 0.0 0.0 
2082 1 0.0 0.0 0.0 0.0 0.0 0.0 0.0 
2083 1 0.0 0.0 0.0 0.0 0.0 0.0 0.0 
2084 1 0.0 0.0 0.0 0.0 0.0 0.0 0.0 
2085 1 0.0 0.0 0.0 0.0 0.0 0.0 0.0 
2086 1 0.0 0.0 0.0 0.0 0.0 0.0 0.0 
2087 1 0.0 0.0 0.0 0.0 0.0 0.0 0.0 
2088 1 0.0 0.0 0.0 0.0 0.0 0.0 0.0 
2089 1 0.0 0.0 0.0 0.0 0.0 0.0 0.0 
2090 1 0.0 0.0 0.0 0.0 0.0 0.0 0.0 
2091 1 0.0 0.0 0.0 0.0 0.0 0.0 0.0 
2092 1 0.0 0.0 0.0 0.0 0.0 0.0 0.0 
2093 1 0.0 0.0 0.0 0.0 0.0 0.0 0.0 
2094 1 0.0 0.0 0.0 0.0 0.0 0.0 0.0 
2095 1 0.0 0.0 0.0 0.0 0.0 0.0 0.0 
2096 1 0.0 0.0 0.0 0.0 0.0 0.0 0.0 
2097 1 0.0 0.0 0.0 0.0 0.0 0.0 0.0 
2098 1 0.0 0.0 0.0 0.0 0.0 0.0 0.0 
2099 1 0.0 0.0 0.0 0.0 0.0 0.0 0.0 
2100 1 0.0 0.0 0.0 0.0 0.0 0.0 0.0 
2101 1 0.0 0.0 0.0 0.0 0.0 0.0 0.0 
2102 1 0.0 0.0 0.0 0.0 0.0 0.0 0.0 
2103 1 0.0 0.0 0.0 0.0 0.0 0.0 0.0 
2104 1 0.0 0.0 0.0 0.0 0.0 0.0 0.0 
2105 1 0.0 0.0 0.0 0.0 0.0 0.0 0.0 
2106 1 0.0 0.0 0.0 0.0 0.0 0.0 0.0 
2107 1 0.0 0.0 0.0 0.0 0.0 0.0 0.0 
2108 1 0.0 0.0 0.0 0.0 0.0 0.0 0.0 
2109 1 0.0 0.0 0.0 0.0 0.0 0.0 0.0 
2110 1 0.0 0.0 0.0 0.0 0.0 0.0 0.0 
2111 1 0.0 0.0 0.0 0.0 0.0 0.0 0.0 
2112 1 0.0 0.0 0.0 0.0 0.0 0.0 0.0 
2113 1 0.0 0.0 0.0 0.0 0.0 0.0 0.0 
2114 1 0.0 0.0 0.0 0.0 0.0 0.0 0.0 
2115 1 0.0 0.0 0.0 0.0 0.0 0.0 0.0 
2116 1 0.0 0.0 0.0 0.0 0.0 0.0 0.0 
2117 1 0.0 0.0 0.0 0.0 0.0 0.0 0.0 
2118 1 0.0 0.0 0.0 0.0 0.0 0.0 0.0 
2119 1 0.0 0.0 0.0 0.0 0.0 0.0 0.0 
2120 1 0.0 0.0 0.0 0.0 0.0 0.0 0.0 
2121 1 0.0 0.0 0.0 0.0 0.0 0.0 0.0 
2122 1 0.0 0.0 0.0 0.0 0.0 0.0 0.0 
2123 1 0.0 0.0 0.0 0.0 0.0 0.0 0.0 
2124 1 0.0 0.0 0.0 0.0 0.0 0.0 0.0 
2125 1 0.0 0.0 0.0 0.0 0.0 0.0 0.0 
2126 1 0.0 0.0 0.0 0.0 0.0 0.0 0.0 
2127 1 0.0 0.0 0.0 0.0 0.0 0.0 0.0 
2128 1 0.0 0.0 0.0 0.0 0.0 0.0 0.0 
2129 1 0.0 0.0 0.0 0.0 0.0 0.0 0.0 
2130 1 0.0 0.0 0.0 0.0 0.0 0.0 0.0 
2131 1 0.0 0.0 0.0 0.0 0.0 0.0 0.0 
2132 1 0.0 0.0 0.0 0.0 0.0 0.0 0.0 
2133 1 0.0 0.0 0.0 0.0 0.0 0.0 0.0 
2134 1 0.0 0.0 0.0 0.0 0.0 0.0 0.0 
2135 1 0.0 0.0 0.0 0.0 0.0 0.0 0.0 
2136 1 0.0 0.0 0.0 0.0 0.0 0.0 0.0 
2137 1 0.0 0.0 0.0 0.0 0.0 0.0 0.0 
2138 1 0.0 0.0 0.0 0.0 0.0 0.0 0.0 
2139 1 0.0 0.0 0.0 0.0 0.0 0.0 0.0 
2140 1 0.0 0.0 0.0 0.0 0.0 0.0 0.0 
2141 1 0.0 0.0 0.0 0.0 0.0 0.0 0.0 
2142 1 0.0 0.0 0.0 0.0 0.0 0.0 0.0 
2143 1 0.0 0.0 0.0 0.0 0.0 0.0 0.0 
2144 1 0.0 0.0 0.0 0.0 0.0 0.0 0.0 
2145 1 0.0 0.0 0.0 0.0 0.0 0.0 0.0 
2146 1 0.0 0.0 0.0 0.0 0.0 0.0 0.0 
2147 1 0.0 0.0 0.0 0.0 0.0 0.0 0.0 
2148 1 0.0 0.0 0.0 0.0 0.0 0.0 0.0 
2149 1 0.0 0.0 0.0 0.0 0.0 0.0 0.0 
2150 1 0.0 0.0 0.0 0.0 0.0 0.0 0.0 
2151 1 0.0 0.0 0.0 0.0 0.0 0.0 0.0 
2152 1 0.0 0.0 0.0 0.0 0.0 0.0 0.0 
2153 1 0.0 0.0 0.0 0.0 0.0 0.0 0.0 
2154 1 0.0 0.0 0.0 0.0 0.0 0.0 0.0 
2155 1 0.0 0.0 0.0 0.0 0.0 0.0 0.0 
2156 1 0.0 0.0 0.0 0.0 0.0 0.0 0.0 
2157 1 0.0 0.0 0.0 0.0 0.0 0.0 0.0 
2158 1 0.0 0.0 0.0 0.0 0.0 0.0 0.0 
2159 1 0.0 0.0 0.0 0.0 0.0 0.0 0.0 
2160 1 0.0 0.0 0.0 0.0 0.0 0.0 0.0 
2161 1 0.0 0.0 0.0 0.0 0.0 0.0 0.0 
2162 1 0.0 0.0 0.0 0.0 0.0 0.0 0.0 
2163 1 0.0 0.0 0.0 0.0 0.0 0.0 0.0 
2164 1 0.0 0.0 0.0 0.0 0.0 0.0 0.0 
2165 1 0.0 0.0 0.0 0.0 0.0 0.0 0.0 
2166 1 0.0 0.0 0.0 0.0 0.0 0.0 0.0 
2167 1 0.0 0.0 0.0 0.0 0.0 0.0 0.0 
2168 1 0.0 0.0 0.0 0.0 0.0 0.0 0.0 
2169 1 0.0 0.0 0.0 0.0 0.0 0.0 0.0 
2170 1 0.0 0.0 0.0 0.0 0.0 0.0 0.0 
2171 1 0.0 0.0 0.0 0.0 0.0 0.0 0.0 
2172 1 0.0 0.0 0.0 0.0 0.0 0.0 0.0 
2173 1 0.0 0.0 0.0 0.0 0.0 0.0 0.0 
2174 1 0.0 0.0 0.0 0.0 0.0 0.0 0.0 
2175 1 0.0 0.0 0.0 0.0 0.0 0.0 0.0 
2176 1 0.0 0.0 0.0 0.0 0.0 0.0 0.0 
2177 1 0.0 0.0 0.0 0.0 0.0 0.0 0.0 
2178 1 0.0 0.0 0.0 0.0 0.0 0.0 0.0 
2179 1 0.0 0.0 0.0 0.0 0.0 0.0 0.0 
2180 1 0.0 0.0 0.0 0.0 0.0 0.0 0.0 
2181 1 0.0 0.0 0.0 0.0 0.0 0.0 0.0 
2182 1 0.0 0.0 0.0 0.0 0.0 0.0 0.0 
2183 1 0.0 0.0 0.0 0.0 0.0 0.0 0.0 
2184 1 0.0 0.0 0.0 0.0 0.0 0.0 0.0 
2185 1 0.0 0.0 0.0 0.0 0.0 0.0 0.0 
2186 1 0.0 0.0 0.0 0.0 0.0 0.0 0.0 
2187 1 0.0 0.0 0.0 0.0 0.0 0.0 0.0 
2188 1 0.0 0.0 0.0 0.0 0.0 0.0 0.0 
2189 1 0.0 0.0 0.0 0.0 0.0 0.0 0.0 
2190 1 0.0 0.0 0.0 0.0 0.0 0.0 0.0 
2191 1 0.0 0.0 0.0 0.0 0.0 0.0 0.0 
2192 1 0.0 0.0 0.0 0.0 0.0 0.0 0.0 
2193 1 0.0 0.0 0.0 0.0 0.0 0.0 0.0 
2194 1 0.0 0.0 0.0 0.0 0.0 0.0 0.0 
2195 1 0.0 0.0 0.0 0.0 0.0 0.0 0.0 
2196 1 0.0 0.0 0.0 0.0 0.0 0.0 0.0 
2197 1 0.0 0.0 0.0 0.0 0.0 0.0 0.0 
2198 1 0.0 0.0 0.0 0.0 0.0 0.0 0.0 
2199 1 0.0 0.0 0.0 0.0 0.0 0.0 0.0 
2200 1 0.0 0.0 0.0 0.0 0.0 0.0 0.0 
2201 1 0.0 0.0 0.0 0.0 0.0 0.0 0.0 
2202 1 0.0 0.0 0.0 0.0 0.0 0.0 0.0 
2203 1 0.0 0.0 0.0 0.0 0.0 0.0 0.0 
2204 1 0.0 0.0 0.0 0.0 0.0 0.0 0.0 
2205 1 0.0 0.0 0.0 0.0 0.0 0.0 0.0 
2206 1 0.0 0.0 0.0 0.0 0.0 0.0 0.0 
2207 1 0.0 0.0 0.0 0.0 0.0 0.0 0.0 
2208 1 0.0 0.0 0.0 0.0 0.0 0.0 0.0 
2209 1 0.0 0.0 0.0 0.0 0.0 0.0 0.0 
2210 1 0.0 0.0 0.0 0.0 0.0 0.0 0.0 
2211 1 0.0 0.0 0.0 0.0 0.0 0.0 0.0 
2212 1 0.0 0.0 0.0 0.0 0.0 0.0 0.0 
2213 1 0.0 0.0 0.0 0.0 0.0 0.0 0.0 
2214 1 0.0 0.0 0.0 0.0 0.0 0.0 0.0 
2215 1 0.0 0.0 0.0 0.0 0.0 0.0 0.0 
2216 1 0.0 0.0 0.0 0.0 0.0 0.0 0.0 
2217 1 0.0 0.0 0.0 0.0 0.0 0.0 0.0 
2218 1 0.0 0.0 0.0 0.0 0.0 0.0 0.0 
2219 1 0.0 0.0 0.0 0.0 0.0 0.0 0.0 
2220 1 0.0 0.0 0.0 0.0 0.0 0.0 0.0 
2221 1 0.0 0.0 0.0 0.0 0.0 0.0 0.0 
2222 1 0.0 0.0 0.0 0.0 0.0 0.0 0.0 
2223 1 0.0 0.0 0.0 0.0 0.0 0.0 0.0 
2224 1 0.0 0.0 0.0 0.0 0.0 0.0 0.0 
2225 1 0.0 0.0 0.0 0.0 0.0 0.0 0.0 
2226 1 0.0 0.0 0.0 0.0 0.0 0.0 0.0 
2227 1 0.0 0.0 0.0 0.0 0.0 0.0 0.0 
2228 1 0.0 0.0 0.0 0.0 0.0 0.0 0.0 
2229 1 0.0 0.0 0.0 0.0 0.0 0.0 0.0 
2230 1 0.0 0.0 0.0 0.0 0.0 0.0 0.0 
2231 1 0.0 0.0 0.0 0.0 0.0 0.0 0.0 
2232 1 0.0 0.0 0.0 0.0 0.0 0.0 0.0 
2233 1 0.0 0.0 0.0 0.0 0.0 0.0 0.0 
2234 1 0.0 0.0 0.0 0.0 0.0 0.0 0.0 
2235 1 0.0 0.0 0.0 0.0 0.0 0.0 0.0 
2236 1 0.0 0.0 0.0 0.0 0.0 0.0 0.0 
2237 1 0.0 0.0 0.0 0.0 0.0 0.0 0.0 
2238 1 0.0 0.0 0.0 0.0 0.0 0.0 0.0 
2239 1 0.0 0.0 0.0 0.0 0.0 0.0 0.0 
2240 1 0.0 0.0 0.0 0.0 0.0 0.0 0.0 
2241 1 0.0 0.0 0.0 0.0 0.0 0.0 0.0 
2242 1 0.0 0.0 0.0 0.0 0.0 0.0 0.0 
2243 1 0.0 0.0 0.0 0.0 0.0 0.0 0.0 
2244 1 0.0 0.0 0.0 0.0 0.0 0.0 0.0 
2245 1 0.0 0.0 0.0 0.0 0.0 0.0 0.0 
2246 1 0.0 0.0 0.0 0.0 0.0 0.0 0.0 
2247 1 0.0 0.0 0.0 0.0 0.0 0.0 0.0 
2248 1 0.0 0.0 0.0 0.0 0.0 0.0 0.0 
2249 1 0.0 0.0 0.0 0.0 0.0 0.0 0.0 
2250 1 0.0 0.0 0.0 0.0 0.0 0.0 0.0 
2251 1 0.0 0.0 0.0 0.0 0.0 0.0 0.0 
2252 1 0.0 0.0 0.0 0.0 0.0 0.0 0.0 
2253 1 0.0 0.0 0.0 0.0 0.0 0.0 0.0 
2254 1 0.0 0.0 0.0 0.0 0.0 0.0 0.0 
2255 1 0.0 0.0 0.0 0.0 0.0 0.0 0.0 
2256 1 0.0 0.0 0.0 0.0 0.0 0.0 0.0 
2257 1 0.0 0.0 0.0 0.0 0.0 0.0 0.0 
2258 1 0.0 0.0 0.0 0.0 0.0 0.0 0.0 
2259 1 0.0 0.0 0.0 0.0 0.0 0.0 0.0 
2260 1 0.0 0.0 0.0 0.0 0.0 0.0 0.0 
2261 1 0.0 0.0 0.0 0.0 0.0 0.0 0.0 
2262 1 0.0 0.0 0.0 0.0 0.0 0.0 0.0 
2263 1 0.0 0.0 0.0 0.0 0.0 0.0 0.0 
2264 1 0.0 0.0 0.0 0.0 0.0 0.0 0.0 
2265 1 0.0 0.0 0.0 0.0 0.0 0.0 0.0 
2266 1 0.0 0.0 0.0 0.0 0.0 0.0 0.0 
2267 1 0.0 0.0 0.0 0.0 0.0 0.0 0.0 
2268 1 0.0 0.0 0.0 0.0 0.0 0.0 0.0 
2269 1 0.0 0.0 0.0 0.0 0.0 0.0 0.0 
2270 1 0.0 0.0 0.0 0.0 0.0 0.0 0.0 
2271 1 0.0 0.0 0.0 0.0 0.0 0.0 0.0 
2272 1 0.0 0.0 0.0 0.0 0.0 0.0 0.0 
2273 1 0.0 0.0 0.0 0.0 0.0 0.0 0.0 
2274 1 0.0 0.0 0.0 0.0 0.0 0.0 0.0 
2275 1 0.0 0.0 0.0 0.0 0.0 0.0 0.0 
2276 1 0.0 0.0 0.0 0.0 0.0 0.0 0.0 
2277 1 0.0 0.0 0.0 0.0 0.0 0.0 0.0 
2278 1 0.0 0.0 0.0 0.0 0.0 0.0 0.0 
2279 1 0.0 0.0 0.0 0.0 0.0 0.0 0.0 
2280 1 0.0 0.0 0.0 0.0 0.0 0.0 0.0 
2281 1 0.0 0.0 0.0 0.0 0.0 0.0 0.0 
2282 1 0.0 0.0 0.0 0.0 0.0 0.0 0.0 
2283 1 0.0 0.0 0.0 0.0 0.0 0.0 0.0 
2284 1 0.0 0.0 0.0 0.0 0.0 0.0 0.0 
2285 1 0.0 0.0 0.0 0.0 0.0 0.0 0.0 
2286 1 0.0 0.0 0.0 0.0 0.0 0.0 0.0 
2287 1 0.0 0.0 0.0 0.0 0.0 0.0 0.0 
2288 1 0.0 0.0 0.0 0.0 0.0 0.0 0.0 
2289 1 0.0 0.0 0.0 0.0 0.0 0.0 0.0 
2290 1 0.0 0.0 0.0 0.0 0.0 0.0 0.0 
2291 1 0.0 0.0 0.0 0.0 0.0 0.0 0.0 
2292 1 0.0 0.0 0.0 0.0 0.0 0.0 0.0 
2293 1 0.0 0.0 0.0 0.0 0.0 0.0 0.0 
2294 1 0.0 0.0 0.0 0.0 0.0 0.0 0.0 
2295 1 0.0 0.0 0.0 0.0 0.0 0.0 0.0 
2296 1 0.0 0.0 0.0 0.0 0.0 0.0 0.0 
2297 1 0.0 0.0 0.0 0.0 0.0 0.0 0.0 
2298 1 0.0 0.0 0.0 0.0 0.0 0.0 0.0 
2299 1 0.0 0.0 0.0 0.0 0.0 0.0 0.0 
2300 1 0.0 0.0 0.0 0.0 0.0 0.0 0.0 
2301 1 0.0 0.0 0.0 0.0 0.0 0.0 0.0 
2302 1 0.0 0.0 0.0 0.0 0.0 0.0 0.0 
2303 1 0.0 0.0 0.0 0.0 0.0 0.0 0.0 
2304 1 0.0 0.0 0.0 0.0 0.0 0.0 0.0 
2305 1 0.0 0.0 0.0 0.0 0.0 0.0 0.0 
2306 1 0.0 0.0 0.0 0.0 0.0 0.0 0.0 
2307 1 0.0 0.0 0.0 0.0 0.0 0.0 0.0 
2308 1 0.0 0.0 0.0 0.0 0.0 0.0 0.0 
2309 1 0.0 0.0 0.0 0.0 0.0 0.0 0.0 
2310 1 0.0 0.0 0.0 0.0 0.0 0.0 0.0 
2311 1 0.0 0.0 0.0 0.0 0.0 0.0 0.0 
2312 1 0.0 0.0 0.0 0.0 0.0 0.0 0.0 
2313 1 0.0 0.0 0.0 0.0 0.0 0.0 0.0 
2314 1 0.0 0.0 0.0 0.0 0.0 0.0 0.0 
2315 1 0.0 0.0 0.0 0.0 0.0 0.0 0.0 
2316 1 0.0 0.0 0.0 0.0 0.0 0.0 0.0 
2317 1 0.0 0.0 0.0 0.0 0.0 0.0 0.0 
2318 1 0.0 0.0 0.0 0.0 0.0 0.0 0.0 
2319 1 0.0 0.0 0.0 0.0 0.0 0.0 0.0 
2320 1 0.0 0.0 0.0 0.0 0.0 0.0 0.0 
2321 1 0.0 0.0 0.0 0.0 0.0 0.0 0.0 
2322 1 0.0 0.0 0.0 0.0 0.0 0.0 0.0 
2323 1 0.0 0.0 0.0 0.0 0.0 0.0 0.0 
2324 1 0.0 0.0 0.0 0.0 0.0 0.0 0.0 
2325 1 0.0 0.0 0.0 0.0 0.0 0.0 0.0 
2326 1 0.0 0.0 0.0 0.0 0.0 0.0 0.0 
2327 1 0.0 0.0 0.0 0.0 0.0 0.0 0.0 
2328 1 0.0 0.0 0.0 0.0 0.0 0.0 0.0 
2329 1 0.0 0.0 0.0 0.0 0.0 0.0 0.0 
2330 1 0.0 0.0 0.0 0.0 0.0 0.0 0.0 
2331 1 0.0 0.0 0.0 0.0 0.0 0.0 0.0 
2332 1 0.0 0.0 0.0 0.0 0.0 0.0 0.0 
2333 1 0.0 0.0 0.0 0.0 0.0 0.0 0.0 
2334 1 0.0 0.0 0.0 0.0 0.0 0.0 0.0 
2335 1 0.0 0.0 0.0 0.0 0.0 0.0 0.0 
2336 1 0.0 0.0 0.0 0.0 0.0 0.0 0.0 
2337 1 0.0 0.0 0.0 0.0 0.0 0.0 0.0 
2338 1 0.0 0.0 0.0 0.0 0.0 0.0 0.0 
2339 1 0.0 0.0 0.0 0.0 0.0 0.0 0.0 
2340 1 0.0 0.0 0.0 0.0 0.0 0.0 0.0 
2341 1 0.0 0.0 0.0 0.0 0.0 0.0 0.0 
2342 1 0.0 0.0 0.0 0.0 0.0 0.0 0.0 
2343 1 0.0 0.0 0.0 0.0 0.0 0.0 0.0 
2344 1 0.0 0.0 0.0 0.0 0.0 0.0 0.0 
2345 1 0.0 0.0 0.0 0.0 0.0 0.0 0.0 
2346 1 0.0 0.0 0.0 0.0 0.0 0.0 0.0 
2347 1 0.0 0.0 0.0 0.0 0.0 0.0 0.0 
2348 1 0.0 0.0 0.0 0.0 0.0 0.0 0.0 
2349 1 0.0 0.0 0.0 0.0 0.0 0.0 0.0 
2350 1 0.0 0.0 0.0 0.0 0.0 0.0 0.0 
2351 1 0.0 0.0 0.0 0.0 0.0 0.0 0.0 
2352 1 0.0 0.0 0.0 0.0 0.0 0.0 0.0 
2353 1 0.0 0.0 0.0 0.0 0.0 0.0 0.0 
2354 1 0.0 0.0 0.0 0.0 0.0 0.0 0.0 
2355 1 0.0 0.0 0.0 0.0 0.0 0.0 0.0 
2356 1 0.0 0.0 0.0 0.0 0.0 0.0 0.0 
2357 1 0.0 0.0 0.0 0.0 0.0 0.0 0.0 
2358 1 0.0 0.0 0.0 0.0 0.0 0.0 0.0 
2359 1 0.0 0.0 0.0 0.0 0.0 0.0 0.0 
2360 1 0.0 0.0 0.0 0.0 0.0 0.0 0.0 
2361 1 0.0 0.0 0.0 0.0 0.0 0.0 0.0 
2362 1 0.0 0.0 0.0 0.0 0.0 0.0 0.0 
2363 1 0.0 0.0 0.0 0.0 0.0 0.0 0.0 
2364 1 0.0 0.0 0.0 0.0 0.0 0.0 0.0 
2365 1 0.0 0.0 0.0 0.0 0.0 0.0 0.0 
2366 1 0.0 0.0 0.0 0.0 0.0 0.0 0.0 
2367 1 0.0 0.0 0.0 0.0 0.0 0.0 0.0 
2368 1 0.0 0.0 0.0 0.0 0.0 0.0 0.0 
2369 1 0.0 0.0 0.0 0.0 0.0 0.0 0.0 
2370 1 0.0 0.0 0.0 0.0 0.0 0.0 0.0 
2371 1 0.0 0.0 0.0 0.0 0.0 0.0 0.0 
2372 1 0.0 0.0 0.0 0.0 0.0 0.0 0.0 
2373 1 0.0 0.0 0.0 0.0 0.0 0.0 0.0 
2374 1 0.0 0.0 0.0 0.0 0.0 0.0 0.0 
2375 1 0.0 0.0 0.0 0.0 0.0 0.0 0.0 
2376 1 0.0 0.0 0.0 0.0 0.0 0.0 0.0 
2377 1 0.0 0.0 0.0 0.0 0.0 0.0 0.0 
2378 1 0.0 0.0 0.0 0.0 0.0 0.0 0.0 
2379 1 0.0 0.0 0.0 0.0 0.0 0.0 0.0 
2380 1 0.0 0.0 0.0 0.0 0.0 0.0 0.0 
2381 1 0.0 0.0 0.0 0.0 0.0 0.0 0.0 
2382 1 0.0 0.0 0.0 0.0 0.0 0.0 0.0 
2383 1 0.0 0.0 0.0 0.0 0.0 0.0 0.0 
2384 1 0.0 0.0 0.0 0.0 0.0 0.0 0.0 
2385 1 0.0 0.0 0.0 0.0 0.0 0.0 0.0 
2386 1 0.0 0.0 0.0 0.0 0.0 0.0 0.0 
2387 1 0.0 0.0 0.0 0.0 0.0 0.0 0.0 
2388 1 0.0 0.0 0.0 0.0 0.0 0.0 0.0 
2389 1 0.0 0.0 0.0 0.0 0.0 0.0 0.0 
2390 1 0.0 0.0 0.0 0.0 0.0 0.0 0.0 
2391 1 0.0 0.0 0.0 0.0 0.0 0.0 0.0 
2392 1 0.0 0.0 0.0 0.0 0.0 0.0 0.0 
2393 1 0.0 0.0 0.0 0.0 0.0 0.0 0.0 
2394 1 0.0 0.0 0.0 0.0 0.0 0.0 0.0 
2395 1 0.0 0.0 0.0 0.0 0.0 0.0 0.0 
2396 1 0.0 0.0 0.0 0.0 0.0 0.0 0.0 
2397 1 0.0 0.0 0.0 0.0 0.0 0.0 0.0 
2398 1 0.0 0.0 0.0 0.0 0.0 0.0 0.0 
2399 1 0.0 0.0 0.0 0.0 0.0 0.0 0.0 
2400 1 0.0 0.0 0.0 0.0 0.0 0.0 0.0 
2401 1 0.0 0.0 0.0 0.0 0.0 0.0 0.0 
2402 1 0.0 0.0 0.0 0.0 0.0 0.0 0.0 
2403 1 0.0 0.0 0.0 0.0 0.0 0.0 0.0 
2404 1 0.0 0.0 0.0 0.0 0.0 0.0 0.0 
2405 1 0.0 0.0 0.0 0.0 0.0 0.0 0.0 
2406 1 0.0 0.0 0.0 0.0 0.0 0.0 0.0 
2407 1 0.0 0.0 0.0 0.0 0.0 0.0 0.0 
2408 1 0.0 0.0 0.0 0.0 0.0 0.0 0.0 
2409 1 0.0 0.0 0.0 0.0 0.0 0.0 0.0 
2410 1 0.0 0.0 0.0 0.0 0.0 0.0 0.0 
2411 1 0.0 0.0 0.0 0.0 0.0 0.0 0.0 
2412 1 0.0 0.0 0.0 0.0 0.0 0.0 0.0 
2413 1 0.0 0.0 0.0 0.0 0.0 0.0 0.0 
2414 1 0.0 0.0 0.0 0.0 0.0 0.0 0.0 
2415 1 0.0 0.0 0.0 0.0 0.0 0.0 0.0 
2416 1 0.0 0.0 0.0 0.0 0.0 0.0 0.0 
2417 1 0.0 0.0 0.0 0.0 0.0 0.0 0.0 
2418 1 0.0 0.0 0.0 0.0 0.0 0.0 0.0 
2419 1 0.0 0.0 0.0 0.0 0.0 0.0 0.0 
2420 1 0.0 0.0 0.0 0.0 0.0 0.0 0.0 
2421 1 0.0 0.0 0.0 0.0 0.0 0.0 0.0 
2422 1 0.0 0.0 0.0 0.0 0.0 0.0 0.0 
2423 1 0.0 0.0 0.0 0.0 0.0 0.0 0.0 
2424 1 0.0 0.0 0.0 0.0 0.0 0.0 0.0 
2425 1 0.0 0.0 0.0 0.0 0.0 0.0 0.0 
2426 1 0.0 0.0 0.0 0.0 0.0 0.0 0.0 
2427 1 0.0 0.0 0.0 0.0 0.0 0.0 0.0 
2428 1 0.0 0.0 0.0 0.0 0.0 0.0 0.0 
2429 1 0.0 0.0 0.0 0.0 0.0 0.0 0.0 
2430 1 0.0 0.0 0.0 0.0 0.0 0.0 0.0 
2431 1 0.0 0.0 0.0 0.0 0.0 0.0 0.0 
2432 1 0.0 0.0 0.0 0.0 0.0 0.0 0.0 
2433 1 0.0 0.0 0.0 0.0 0.0 0.0 0.0 
2434 1 0.0 0.0 0.0 0.0 0.0 0.0 0.0 
2435 1 0.0 0.0 0.0 0.0 0.0 0.0 0.0 
2436 1 0.0 0.0 0.0 0.0 0.0 0.0 0.0 
2437 1 0.0 0.0 0.0 0.0 0.0 0.0 0.0 
2438 1 0.0 0.0 0.0 0.0 0.0 0.0 0.0 
2439 1 0.0 0.0 0.0 0.0 0.0 0.0 0.0 
2440 1 0.0 0.0 0.0 0.0 0.0 0.0 0.0 
2441 1 0.0 0.0 0.0 0.0 0.0 0.0 0.0 
2442 1 0.0 0.0 0.0 0.0 0.0 0.0 0.0 
2443 1 0.0 0.0 0.0 0.0 0.0 0.0 0.0 
2444 1 0.0 0.0 0.0 0.0 0.0 0.0 0.0 
2445 1 0.0 0.0 0.0 0.0 0.0 0.0 0.0 
2446 1 0.0 0.0 0.0 0.0 0.0 0.0 0.0 
2447 1 0.0 0.0 0.0 0.0 0.0 0.0 0.0 
2448 1 0.0 0.0 0.0 0.0 0.0 0.0 0.0 
2449 1 0.0 0.0 0.0 0.0 0.0 0.0 0.0 
2450 1 0.0 0.0 0.0 0.0 0.0 0.0 0.0 
2451 1 0.0 0.0 0.0 0.0 0.0 0.0 0.0 
2452 1 0.0 0.0 0.0 0.0 0.0 0.0 0.0 
2453 1 0.0 0.0 0.0 0.0 0.0 0.0 0.0 
2454 1 0.0 0.0 0.0 0.0 0.0 0.0 0.0 
2455 1 0.0 0.0 0.0 0.0 0.0 0.0 0.0 
2456 1 0.0 0.0 0.0 0.0 0.0 0.0 0.0 
2457 1 0.0 0.0 0.0 0.0 0.0 0.0 0.0 
2458 1 0.0 0.0 0.0 0.0 0.0 0.0 0.0 
2459 1 0.0 0.0 0.0 0.0 0.0 0.0 0.0 
2460 1 0.0 0.0 0.0 0.0 0.0 0.0 0.0 
2461 1 0.0 0.0 0.0 0.0 0.0 0.0 0.0 
2462 1 0.0 0.0 0.0 0.0 0.0 0.0 0.0 
2463 1 0.0 0.0 0.0 0.0 0.0 0.0 0.0 
2464 1 0.0 0.0 0.0 0.0 0.0 0.0 0.0 
2465 1 0.0 0.0 0.0 0.0 0.0 0.0 0.0 
2466 1 0.0 0.0 0.0 0.0 0.0 0.0 0.0 
2467 1 0.0 0.0 0.0 0.0 0.0 0.0 0.0 
2468 1 0.0 0.0 0.0 0.0 0.0 0.0 0.0 
2469 1 0.0 0.0 0.0 0.0 0.0 0.0 0.0 
2470 1 0.0 0.0 0.0 0.0 0.0 0.0 0.0 
2471 1 0.0 0.0 0.0 0.0 0.0 0.0 0.0 
2472 1 0.0 0.0 0.0 0.0 0.0 0.0 0.0 
2473 1 0.0 0.0 0.0 0.0 0.0 0.0 0.0 
2474 1 0.0 0.0 0.0 0.0 0.0 0.0 0.0 
2475 1 0.0 0.0 0.0 0.0 0.0 0.0 0.0 
2476 1 0.0 0.0 0.0 0.0 0.0 0.0 0.0 
2477 1 0.0 0.0 0.0 0.0 0.0 0.0 0.0 
2478 1 0.0 0.0 0.0 0.0 0.0 0.0 0.0 
2479 1 0.0 0.0 0.0 0.0 0.0 0.0 0.0 
2480 1 0.0 0.0 0.0 0.0 0.0 0.0 0.0 
2481 1 0.0 0.0 0.0 0.0 0.0 0.0 0.0 
2482 1 0.0 0.0 0.0 0.0 0.0 0.0 0.0 
2483 1 0.0 0.0 0.0 0.0 0.0 0.0 0.0 
2484 1 0.0 0.0 0.0 0.0 0.0 0.0 0.0 
2485 1 0.0 0.0 0.0 0.0 0.0 0.0 0.0 
2486 1 0.0 0.0 0.0 0.0 0.0 0.0 0.0 
2487 1 0.0 0.0 0.0 0.0 0.0 0.0 0.0 
2488 1 0.0 0.0 0.0 0.0 0.0 0.0 0.0 
2489 1 0.0 0.0 0.0 0.0 0.0 0.0 0.0 
2490 1 0.0 0.0 0.0 0.0 0.0 0.0 0.0 
2491 1 0.0 0.0 0.0 0.0 0.0 0.0 0.0 
2492 1 0.0 0.0 0.0 0.0 0.0 0.0 0.0 
2493 1 0.0 0.0 0.0 0.0 0.0 0.0 0.0 
2494 1 0.0 0.0 0.0 0.0 0.0 0.0 0.0 
2495 1 0.0 0.0 0.0 0.0 0.0 0.0 0.0 
2496 1 0.0 0.0 0.0 0.0 0.0 0.0 0.0 
2497 1 0.0 0.0 0.0 0.0 0.0 0.0 0.0 
2498 1 0.0 0.0 0.0 0.0 0.0 0.0 0.0 
2499 1 0.0 0.0 0.0 0.0 0.0 0.0 0.0 
2500 1 0.0 0.0 0.0 0.0 0.0 0.0 0.0 
2501 1 0.0 0.0 0.0 0.0 0.0 0.0 0.0 
2502 1 0.0 0.0 0.0 0.0 0.0 0.0 0.0 
2503 1 0.0 0.0 0.0 0.0 0.0 0.0 0.0 
2504 1 0.0 0.0 0.0 0.0 0.0 0.0 0.0 
2505 1 0.0 0.0 0.0 0.0 0.0 0.0 0.0 
2506 1 0.0 0.0 0.0 0.0 0.0 0.0 0.0 
2507 1 0.0 0.0 0.0 0.0 0.0 0.0 0.0 
2508 1 0.0 0.0 0.0 0.0 0.0 0.0 0.0 
2509 1 0.0 0.0 0.0 0.0 0.0 0.0 0.0 
2510 1 0.0 0.0 0.0 0.0 0.0 0.0 0.0 
2511 1 0.0 0.0 0.0 0.0 0.0 0.0 0.0 
2512 1 0.0 0.0 0.0 0.0 0.0 0.0 0.0 
2513 1 0.0 0.0 0.0 0.0 0.0 0.0 0.0 
2514 1 0.0 0.0 0.0 0.0 0.0 0.0 0.0 
2515 1 0.0 0.0 0.0 0.0 0.0 0.0 0.0 
2516 1 0.0 0.0 0.0 0.0 0.0 0.0 0.0 
2517 1 0.0 0.0 0.0 0.0 0.0 0.0 0.0 
2518 1 0.0 0.0 0.0 0.0 0.0 0.0 0.0 
2519 1 0.0 0.0 0.0 0.0 0.0 0.0 0.0 
2520 1 0.0 0.0 0.0 0.0 0.0 0.0 0.0 
2521 1 0.0 0.0 0.0 0.0 0.0 0.0 0.0 
2522 1 0.0 0.0 0.0 0.0 0.0 0.0 0.0 
2523 1 0.0 0.0 0.0 0.0 0.0 0.0 0.0 
2524 1 0.0 0.0 0.0 0.0 0.0 0.0 0.0 
2525 1 0.0 0.0 0.0 0.0 0.0 0.0 0.0 
2526 1 0.0 0.0 0.0 0.0 0.0 0.0 0.0 
2527 1 0.0 0.0 0.0 0.0 0.0 0.0 0.0 
2528 1 0.0 0.0 0.0 0.0 0.0 0.0 0.0 
2529 1 0.0 0.0 0.0 0.0 0.0 0.0 0.0 
2530 1 0.0 0.0 0.0 0.0 0.0 0.0 0.0 
2531 1 0.0 0.0 0.0 0.0 0.0 0.0 0.0 
2532 1 0.0 0.0 0.0 0.0 0.0 0.0 0.0 
2533 1 0.0 0.0 0.0 0.0 0.0 0.0 0.0 
2534 1 0.0 0.0 0.0 0.0 0.0 0.0 0.0 
2535 1 0.0 0.0 0.0 0.0 0.0 0.0 0.0 
2536 1 0.0 0.0 0.0 0.0 0.0 0.0 0.0 
2537 1 0.0 0.0 0.0 0.0 0.0 0.0 0.0 
2538 1 0.0 0.0 0.0 0.0 0.0 0.0 0.0 
2539 1 0.0 0.0 0.0 0.0 0.0 0.0 0.0 
2540 1 0.0 0.0 0.0 0.0 0.0 0.0 0.0 
2541 1 0.0 0.0 0.0 0.0 0.0 0.0 0.0 
2542 1 0.0 0.0 0.0 0.0 0.0 0.0 0.0 
2543 1 0.0 0.0 0.0 0.0 0.0 0.0 0.0 
2544 1 0.0 0.0 0.0 0.0 0.0 0.0 0.0 
2545 1 0.0 0.0 0.0 0.0 0.0 0.0 0.0 
2546 1 0.0 0.0 0.0 0.0 0.0 0.0 0.0 
2547 1 0.0 0.0 0.0 0.0 0.0 0.0 0.0 
2548 1 0.0 0.0 0.0 0.0 0.0 0.0 0.0 
2549 1 0.0 0.0 0.0 0.0 0.0 0.0 0.0 
2550 1 0.0 0.0 0.0 0.0 0.0 0.0 0.0 
2551 1 0.0 0.0 0.0 0.0 0.0 0.0 0.0 
2552 1 0.0 0.0 0.0 0.0 0.0 0.0 0.0 
2553 1 0.0 0.0 0.0 0.0 0.0 0.0 0.0 
2554 1 0.0 0.0 0.0 0.0 0.0 0.0 0.0 
2555 1 0.0 0.0 0.0 0.0 0.0 0.0 0.0 
2556 1 0.0 0.0 0.0 0.0 0.0 0.0 0.0 
2557 1 0.0 0.0 0.0 0.0 0.0 0.0 0.0 
2558 1 0.0 0.0 0.0 0.0 0.0 0.0 0.0 
2559 1 0.0 0.0 0.0 0.0 0.0 0.0 0.0 
2560 1 0.0 0.0 0.0 0.0 0.0 0.0 0.0 
2561 1 0.0 0.0 0.0 0.0 0.0 0.0 0.0 
2562 1 0.0 0.0 0.0 0.0 0.0 0.0 0.0 
2563 1 0.0 0.0 0.0 0.0 0.0 0.0 0.0 
2564 1 0.0 0.0 0.0 0.0 0.0 0.0 0.0 
2565 1 0.0 0.0 0.0 0.0 0.0 0.0 0.0 
2566 1 0.0 0.0 0.0 0.0 0.0 0.0 0.0 
2567 1 0.0 0.0 0.0 0.0 0.0 0.0 0.0 
2568 1 0.0 0.0 0.0 0.0 0.0 0.0 0.0 
2569 1 0.0 0.0 0.0 0.0 0.0 0.0 0.0 
2570 1 0.0 0.0 0.0 0.0 0.0 0.0 0.0 
2571 1 0.0 0.0 0.0 0.0 0.0 0.0 0.0 
2572 1 0.0 0.0 0.0 0.0 0.0 0.0 0.0 
2573 1 0.0 0.0 0.0 0.0 0.0 0.0 0.0 
2574 1 0.0 0.0 0.0 0.0 0.0 0.0 0.0 
2575 1 0.0 0.0 0.0 0.0 0.0 0.0 0.0 
2576 1 0.0 0.0 0.0 0.0 0.0 0.0 0.0 
2577 1 0.0 0.0 0.0 0.0 0.0 0.0 0.0 
2578 1 0.0 0.0 0.0 0.0 0.0 0.0 0.0 
2579 1 0.0 0.0 0.0 0.0 0.0 0.0 0.0 
2580 1 0.0 0.0 0.0 0.0 0.0 0.0 0.0 
2581 1 0.0 0.0 0.0 0.0 0.0 0.0 0.0 
2582 1 0.0 0.0 0.0 0.0 0.0 0.0 0.0 
2583 1 0.0 0.0 0.0 0.0 0.0 0.0 0.0 
2584 1 0.0 0.0 0.0 0.0 0.0 0.0 0.0 
2585 1 0.0 0.0 0.0 0.0 0.0 0.0 0.0 
2586 1 0.0 0.0 0.0 0.0 0.0 0.0 0.0 
2587 1 0.0 0.0 0.0 0.0 0.0 0.0 0.0 
2588 1 0.0 0.0 0.0 0.0 0.0 0.0 0.0 
2589 1 0.0 0.0 0.0 0.0 0.0 0.0 0.0 
2590 1 0.0 0.0 0.0 0.0 0.0 0.0 0.0 
2591 1 0.0 0.0 0.0 0.0 0.0 0.0 0.0 
2592 1 0.0 0.0 0.0 0.0 0.0 0.0 0.0 
2593 1 0.0 0.0 0.0 0.0 0.0 0.0 0.0 
2594 1 0.0 0.0 0.0 0.0 0.0 0.0 0.0 
2595 1 0.0 0.0 0.0 0.0 0.0 0.0 0.0 
2596 1 0.0 0.0 0.0 0.0 0.0 0.0 0.0 
2597 1 0.0 0.0 0.0 0.0 0.0 0.0 0.0 
2598 1 0.0 0.0 0.0 0.0 0.0 0.0 0.0 
2599 1 0.0 0.0 0.0 0.0 0.0 0.0 0.0 
2600 1 0.0 0.0 0.0 0.0 0.0 0.0 0.0 
2601 1 0.0 0.0 0.0 0.0 0.0 0.0 0.0 
2602 1 0.0 0.0 0.0 0.0 0.0 0.0 0.0 
2603 1 0.0 0.0 0.0 0.0 0.0 0.0 0.0 
2604 1 0.0 0.0 0.0 0.0 0.0 0.0 0.0 
2605 1 0.0 0.0 0.0 0.0 0.0 0.0 0.0 
2606 1 0.0 0.0 0.0 0.0 0.0 0.0 0.0 
2607 1 0.0 0.0 0.0 0.0 0.0 0.0 0.0 
2608 1 0.0 0.0 0.0 0.0 0.0 0.0 0.0 
2609 1 0.0 0.0 0.0 0.0 0.0 0.0 0.0 
2610 1 0.0 0.0 0.0 0.0 0.0 0.0 0.0 
2611 1 0.0 0.0 0.0 0.0 0.0 0.0 0.0 
2612 1 0.0 0.0 0.0 0.0 0.0 0.0 0.0 
2613 1 0.0 0.0 0.0 0.0 0.0 0.0 0.0 
2614 1 0.0 0.0 0.0 0.0 0.0 0.0 0.0 
2615 1 0.0 0.0 0.0 0.0 0.0 0.0 0.0 
2616 1 0.0 0.0 0.0 0.0 0.0 0.0 0.0 
2617 1 0.0 0.0 0.0 0.0 0.0 0.0 0.0 
2618 1 0.0 0.0 0.0 0.0 0.0 0.0 0.0 
2619 1 0.0 0.0 0.0 0.0 0.0 0.0 0.0 
2620 1 0.0 0.0 0.0 0.0 0.0 0.0 0.0 
2621 1 0.0 0.0 0.0 0.0 0.0 0.0 0.0 
2622 1 0.0 0.0 0.0 0.0 0.0 0.0 0.0 
2623 1 0.0 0.0 0.0 0.0 0.0 0.0 0.0 
2624 1 0.0 0.0 0.0 0.0 0.0 0.0 0.0 
2625 1 0.0 0.0 0.0 0.0 0.0 0.0 0.0 
2626 1 0.0 0.0 0.0 0.0 0.0 0.0 0.0 
2627 1 0.0 0.0 0.0 0.0 0.0 0.0 0.0 
2628 1 0.0 0.0 0.0 0.0 0.0 0.0 0.0 
2629 1 0.0 0.0 0.0 0.0 0.0 0.0 0.0 
2630 1 0.0 0.0 0.0 0.0 0.0 0.0 0.0 
2631 1 0.0 0.0 0.0 0.0 0.0 0.0 0.0 
2632 1 0.0 0.0 0.0 0.0 0.0 0.0 0.0 
2633 1 0.0 0.0 0.0 0.0 0.0 0.0 0.0 
2634 1 0.0 0.0 0.0 0.0 0.0 0.0 0.0 
2635 1 0.0 0.0 0.0 0.0 0.0 0.0 0.0 
2636 1 0.0 0.0 0.0 0.0 0.0 0.0 0.0 
2637 1 0.0 0.0 0.0 0.0 0.0 0.0 0.0 
2638 1 0.0 0.0 0.0 0.0 0.0 0.0 0.0 
2639 1 0.0 0.0 0.0 0.0 0.0 0.0 0.0 
2640 1 0.0 0.0 0.0 0.0 0.0 0.0 0.0 
2641 1 0.0 0.0 0.0 0.0 0.0 0.0 0.0 
2642 1 0.0 0.0 0.0 0.0 0.0 0.0 0.0 
2643 1 0.0 0.0 0.0 0.0 0.0 0.0 0.0 
2644 1 0.0 0.0 0.0 0.0 0.0 0.0 0.0 
2645 1 0.0 0.0 0.0 0.0 0.0 0.0 0.0 
2646 1 0.0 0.0 0.0 0.0 0.0 0.0 0.0 
2647 1 0.0 0.0 0.0 0.0 0.0 0.0 0.0 
2648 1 0.0 0.0 0.0 0.0 0.0 0.0 0.0 
2649 1 0.0 0.0 0.0 0.0 0.0 0.0 0.0 
2650 1 0.0 0.0 0.0 0.0 0.0 0.0 0.0 
2651 1 0.0 0.0 0.0 0.0 0.0 0.0 0.0 
2652 1 0.0 0.0 0.0 0.0 0.0 0.0 0.0 
2653 1 0.0 0.0 0.0 0.0 0.0 0.0 0.0 
2654 1 0.0 0.0 0.0 0.0 0.0 0.0 0.0 
2655 1 0.0 0.0 0.0 0.0 0.0 0.0 0.0 
2656 1 0.0 0.0 0.0 0.0 0.0 0.0 0.0 
2657 1 0.0 0.0 0.0 0.0 0.0 0.0 0.0 
2658 1 0.0 0.0 0.0 0.0 0.0 0.0 0.0 
2659 1 0.0 0.0 0.0 0.0 0.0 0.0 0.0 
2660 1 0.0 0.0 0.0 0.0 0.0 0.0 0.0 
2661 1 0.0 0.0 0.0 0.0 0.0 0.0 0.0 
2662 1 0.0 0.0 0.0 0.0 0.0 0.0 0.0 
2663 1 0.0 0.0 0.0 0.0 0.0 0.0 0.0 
2664 1 0.0 0.0 0.0 0.0 0.0 0.0 0.0 
2665 1 0.0 0.0 0.0 0.0 0.0 0.0 0.0 
2666 1 0.0 0.0 0.0 0.0 0.0 0.0 0.0 
2667 1 0.0 0.0 0.0 0.0 0.0 0.0 0.0 
2668 1 0.0 0.0 0.0 0.0 0.0 0.0 0.0 
2669 1 0.0 0.0 0.0 0.0 0.0 0.0 0.0 
2670 1 0.0 0.0 0.0 0.0 0.0 0.0 0.0 
2671 1 0.0 0.0 0.0 0.0 0.0 0.0 0.0 
2672 1 0.0 0.0 0.0 0.0 0.0 0.0 0.0 
2673 1 0.0 0.0 0.0 0.0 0.0 0.0 0.0 
2674 1 0.0 0.0 0.0 0.0 0.0 0.0 0.0 
2675 1 0.0 0.0 0.0 0.0 0.0 0.0 0.0 
2676 1 0.0 0.0 0.0 0.0 0.0 0.0 0.0 
2677 1 0.0 0.0 0.0 0.0 0.0 0.0 0.0 
2678 1 0.0 0.0 0.0 0.0 0.0 0.0 0.0 
2679 1 0.0 0.0 0.0 0.0 0.0 0.0 0.0 
2680 1 0.0 0.0 0.0 0.0 0.0 0.0 0.0 
2681 1 0.0 0.0 0.0 0.0 0.0 0.0 0.0 
2682 1 0.0 0.0 0.0 0.0 0.0 0.0 0.0 
2683 1 0.0 0.0 0.0 0.0 0.0 0.0 0.0 
2684 1 0.0 0.0 0.0 0.0 0.0 0.0 0.0 
2685 1 0.0 0.0 0.0 0.0 0.0 0.0 0.0 
2686 1 0.0 0.0 0.0 0.0 0.0 0.0 0.0 
2687 1 0.0 0.0 0.0 0.0 0.0 0.0 0.0 
2688 1 0.0 0.0 0.0 0.0 0.0 0.0 0.0 
2689 1 0.0 0.0 0.0 0.0 0.0 0.0 0.0 
2690 1 0.0 0.0 0.0 0.0 0.0 0.0 0.0 
2691 1 0.0 0.0 0.0 0.0 0.0 0.0 0.0 
2692 1 0.0 0.0 0.0 0.0 0.0 0.0 0.0 
2693 1 0.0 0.0 0.0 0.0 0.0 0.0 0.0 
2694 1 0.0 0.0 0.0 0.0 0.0 0.0 0.0 
2695 1 0.0 0.0 0.0 0.0 0.0 0.0 0.0 
2696 1 0.0 0.0 0.0 0.0 0.0 0.0 0.0 
2697 1 0.0 0.0 0.0 0.0 0.0 0.0 0.0 
2698 1 0.0 0.0 0.0 0.0 0.0 0.0 0.0 
2699 1 0.0 0.0 0.0 0.0 0.0 0.0 0.0 
2700 1 0.0 0.0 0.0 0.0 0.0 0.0 0.0 
2701 1 0.0 0.0 0.0 0.0 0.0 0.0 0.0 
2702 1 0.0 0.0 0.0 0.0 0.0 0.0 0.0 
2703 1 0.0 0.0 0.0 0.0 0.0 0.0 0.0 
2704 1 0.0 0.0 0.0 0.0 0.0 0.0 0.0 
2705 1 0.0 0.0 0.0 0.0 0.0 0.0 0.0 
2706 1 0.0 0.0 0.0 0.0 0.0 0.0 0.0 
2707 1 0.0 0.0 0.0 0.0 0.0 0.0 0.0 
2708 1 0.0 0.0 0.0 0.0 0.0 0.0 0.0 
2709 1 0.0 0.0 0.0 0.0 0.0 0.0 0.0 
2710 1 0.0 0.0 0.0 0.0 0.0 0.0 0.0 
2711 1 0.0 0.0 0.0 0.0 0.0 0.0 0.0 
2712 1 0.0 0.0 0.0 0.0 0.0 0.0 0.0 
2713 1 0.0 0.0 0.0 0.0 0.0 0.0 0.0 
2714 1 0.0 0.0 0.0 0.0 0.0 0.0 0.0 
2715 1 0.0 0.0 0.0 0.0 0.0 0.0 0.0 
2716 1 0.0 0.0 0.0 0.0 0.0 0.0 0.0 
2717 1 0.0 0.0 0.0 0.0 0.0 0.0 0.0 
2718 1 0.0 0.0 0.0 0.0 0.0 0.0 0.0 
2719 1 0.0 0.0 0.0 0.0 0.0 0.0 0.0 
2720 1 0.0 0.0 0.0 0.0 0.0 0.0 0.0 
2721 1 0.0 0.0 0.0 0.0 0.0 0.0 0.0 
2722 1 0.0 0.0 0.0 0.0 0.0 0.0 0.0 
2723 1 0.0 0.0 0.0 0.0 0.0 0.0 0.0 
2724 1 0.0 0.0 0.0 0.0 0.0 0.0 0.0 
2725 1 0.0 0.0 0.0 0.0 0.0 0.0 0.0 
2726 1 0.0 0.0 0.0 0.0 0.0 0.0 0.0 
2727 1 0.0 0.0 0.0 0.0 0.0 0.0 0.0 
2728 1 0.0 0.0 0.0 0.0 0.0 0.0 0.0 
2729 1 0.0 0.0 0.0 0.0 0.0 0.0 0.0 
2730 1 0.0 0.0 0.0 0.0 0.0 0.0 0.0 
2731 1 0.0 0.0 0.0 0.0 0.0 0.0 0.0 
2732 1 0.0 0.0 0.0 0.0 0.0 0.0 0.0 
2733 1 0.0 0.0 0.0 0.0 0.0 0.0 0.0 
2734 1 0.0 0.0 0.0 0.0 0.0 0.0 0.0 
2735 1 0.0 0.0 0.0 0.0 0.0 0.0 0.0 
2736 1 0.0 0.0 0.0 0.0 0.0 0.0 0.0 
2737 1 0.0 0.0 0.0 0.0 0.0 0.0 0.0 
2738 1 0.0 0.0 0.0 0.0 0.0 0.0 0.0 
2739 1 0.0 0.0 0.0 0.0 0.0 0.0 0.0 
2740 1 0.0 0.0 0.0 0.0 0.0 0.0 0.0 
2741 1 0.0 0.0 0.0 0.0 0.0 0.0 0.0 
2742 1 0.0 0.0 0.0 0.0 0.0 0.0 0.0 
2743 1 0.0 0.0 0.0 0.0 0.0 0.0 0.0 
2744 1 0.0 0.0 0.0 0.0 0.0 0.0 0.0 
2745 1 0.0 0.0 0.0 0.0 0.0 0.0 0.0 
2746 1 0.0 0.0 0.0 0.0 0.0 0.0 0.0 
2747 1 0.0 0.0 0.0 0.0 0.0 0.0 0.0 
2748 1 0.0 0.0 0.0 0.0 0.0 0.0 0.0 
2749 1 0.0 0.0 0.0 0.0 0.0 0.0 0.0 
2750 1 0.0 0.0 0.0 0.0 0.0 0.0 0.0 
2751 1 0.0 0.0 0.0 0.0 0.0 0.0 0.0 
2752 1 0.0 0.0 0.0 0.0 0.0 0.0 0.0 
2753 1 0.0 0.0 0.0 0.0 0.0 0.0 0.0 
2754 1 0.0 0.0 0.0 0.0 0.0 0.0 0.0 
2755 1 0.0 0.0 0.0 0.0 0.0 0.0 0.0 
2756 1 0.0 0.0 0.0 0.0 0.0 0.0 0.0 
2757 1 0.0 0.0 0.0 0.0 0.0 0.0 0.0 
2758 1 0.0 0.0 0.0 0.0 0.0 0.0 0.0 
2759 1 0.0 0.0 0.0 0.0 0.0 0.0 0.0 
2760 1 0.0 0.0 0.0 0.0 0.0 0.0 0.0 
2761 1 0.0 0.0 0.0 0.0 0.0 0.0 0.0 
2762 1 0.0 0.0 0.0 0.0 0.0 0.0 0.0 
2763 1 0.0 0.0 0.0 0.0 0.0 0.0 0.0 
2764 1 0.0 0.0 0.0 0.0 0.0 0.0 0.0 
2765 1 0.0 0.0 0.0 0.0 0.0 0.0 0.0 
2766 1 0.0 0.0 0.0 0.0 0.0 0.0 0.0 
2767 1 0.0 0.0 0.0 0.0 0.0 0.0 0.0 
2768 1 0.0 0.0 0.0 0.0 0.0 0.0 0.0 
2769 1 0.0 0.0 0.0 0.0 0.0 0.0 0.0 
2770 1 0.0 0.0 0.0 0.0 0.0 0.0 0.0 
2771 1 0.0 0.0 0.0 0.0 0.0 0.0 0.0 
2772 1 0.0 0.0 0.0 0.0 0.0 0.0 0.0 
2773 1 0.0 0.0 0.0 0.0 0.0 0.0 0.0 
2774 1 0.0 0.0 0.0 0.0 0.0 0.0 0.0 
2775 1 0.0 0.0 0.0 0.0 0.0 0.0 0.0 
2776 1 0.0 0.0 0.0 0.0 0.0 0.0 0.0 
2777 1 0.0 0.0 0.0 0.0 0.0 0.0 0.0 
2778 1 0.0 0.0 0.0 0.0 0.0 0.0 0.0 
2779 1 0.0 0.0 0.0 0.0 0.0 0.0 0.0 
2780 1 0.0 0.0 0.0 0.0 0.0 0.0 0.0 
2781 1 0.0 0.0 0.0 0.0 0.0 0.0 0.0 
2782 1 0.0 0.0 0.0 0.0 0.0 0.0 0.0 
2783 1 0.0 0.0 0.0 0.0 0.0 0.0 0.0 
2784 1 0.0 0.0 0.0 0.0 0.0 0.0 0.0 
2785 1 0.0 0.0 0.0 0.0 0.0 0.0 0.0 
2786 1 0.0 0.0 0.0 0.0 0.0 0.0 0.0 
2787 1 0.0 0.0 0.0 0.0 0.0 0.0 0.0 
2788 1 0.0 0.0 0.0 0.0 0.0 0.0 0.0 
2789 1 0.0 0.0 0.0 0.0 0.0 0.0 0.0 
2790 1 0.0 0.0 0.0 0.0 0.0 0.0 0.0 
2791 1 0.0 0.0 0.0 0.0 0.0 0.0 0.0 
2792 1 0.0 0.0 0.0 0.0 0.0 0.0 0.0 
2793 1 0.0 0.0 0.0 0.0 0.0 0.0 0.0 
2794 1 0.0 0.0 0.0 0.0 0.0 0.0 0.0 
2795 1 0.0 0.0 0.0 0.0 0.0 0.0 0.0 
2796 1 0.0 0.0 0.0 0.0 0.0 0.0 0.0 
2797 1 0.0 0.0 0.0 0.0 0.0 0.0 0.0 
2798 1 0.0 0.0 0.0 0.0 0.0 0.0 0.0 
2799 1 0.0 0.0 0.0 0.0 0.0 0.0 0.0 
2800 1 0.0 0.0 0.0 0.0 0.0 0.0 0.0 
2801 1 0.0 0.0 0.0 0.0 0.0 0.0 0.0 
2802 1 0.0 0.0 0.0 0.0 0.0 0.0 0.0 
2803 1 0.0 0.0 0.0 0.0 0.0 0.0 0.0 
2804 1 0.0 0.0 0.0 0.0 0.0 0.0 0.0 
2805 1 0.0 0.0 0.0 0.0 0.0 0.0 0.0 
2806 1 0.0 0.0 0.0 0.0 0.0 0.0 0.0 
2807 1 0.0 0.0 0.0 0.0 0.0 0.0 0.0 
2808 1 0.0 0.0 0.0 0.0 0.0 0.0 0.0 
2809 1 0.0 0.0 0.0 0.0 0.0 0.0 0.0 
2810 1 0.0 0.0 0.0 0.0 0.0 0.0 0.0 
2811 1 0.0 0.0 0.0 0.0 0.0 0.0 0.0 
2812 1 0.0 0.0 0.0 0.0 0.0 0.0 0.0 
2813 1 0.0 0.0 0.0 0.0 0.0 0.0 0.0 
2814 1 0.0 0.0 0.0 0.0 0.0 0.0 0.0 
2815 1 0.0 0.0 0.0 0.0 0.0 0.0 0.0 
2816 1 0.0 0.0 0.0 0.0 0.0 0.0 0.0 
2817 1 0.0 0.0 0.0 0.0 0.0 0.0 0.0 
2818 1 0.0 0.0 0.0 0.0 0.0 0.0 0.0 
2819 1 0.0 0.0 0.0 0.0 0.0 0.0 0.0 
2820 1 0.0 0.0 0.0 0.0 0.0 0.0 0.0 
2821 1 0.0 0.0 0.0 0.0 0.0 0.0 0.0 
2822 1 0.0 0.0 0.0 0.0 0.0 0.0 0.0 
2823 1 0.0 0.0 0.0 0.0 0.0 0.0 0.0 
2824 1 0.0 0.0 0.0 0.0 0.0 0.0 0.0 
2825 1 0.0 0.0 0.0 0.0 0.0 0.0 0.0 
2826 1 0.0 0.0 0.0 0.0 0.0 0.0 0.0 
2827 1 0.0 0.0 0.0 0.0 0.0 0.0 0.0 
2828 1 0.0 0.0 0.0 0.0 0.0 0.0 0.0 
2829 1 0.0 0.0 0.0 0.0 0.0 0.0 0.0 
2830 1 0.0 0.0 0.0 0.0 0.0 0.0 0.0 
2831 1 0.0 0.0 0.0 0.0 0.0 0.0 0.0 
2832 1 0.0 0.0 0.0 0.0 0.0 0.0 0.0 
2833 1 0.0 0.0 0.0 0.0 0.0 0.0 0.0 
2834 1 0.0 0.0 0.0 0.0 0.0 0.0 0.0 
2835 1 0.0 0.0 0.0 0.0 0.0 0.0 0.0 
2836 1 0.0 0.0 0.0 0.0 0.0 0.0 0.0 
2837 1 0.0 0.0 0.0 0.0 0.0 0.0 0.0 
2838 1 0.0 0.0 0.0 0.0 0.0 0.0 0.0 
2839 1 0.0 0.0 0.0 0.0 0.0 0.0 0.0 
2840 1 0.0 0.0 0.0 0.0 0.0 0.0 0.0 
2841 1 0.0 0.0 0.0 0.0 0.0 0.0 0.0 
2842 1 0.0 0.0 0.0 0.0 0.0 0.0 0.0 
2843 1 0.0 0.0 0.0 0.0 0.0 0.0 0.0 
2844 1 0.0 0.0 0.0 0.0 0.0 0.0 0.0 
2845 1 0.0 0.0 0.0 0.0 0.0 0.0 0.0 
2846 1 0.0 0.0 0.0 0.0 0.0 0.0 0.0 
2847 1 0.0 0.0 0.0 0.0 0.0 0.0 0.0 
2848 1 0.0 0.0 0.0 0.0 0.0 0.0 0.0 
2849 1 0.0 0.0 0.0 0.0 0.0 0.0 0.0 
2850 1 0.0 0.0 0.0 0.0 0.0 0.0 0.0 
2851 1 0.0 0.0 0.0 0.0 0.0 0.0 0.0 
2852 1 0.0 0.0 0.0 0.0 0.0 0.0 0.0 
2853 1 0.0 0.0 0.0 0.0 0.0 0.0 0.0 
2854 1 0.0 0.0 0.0 0.0 0.0 0.0 0.0 
2855 1 0.0 0.0 0.0 0.0 0.0 0.0 0.0 
2856 1 0.0 0.0 0.0 0.0 0.0 0.0 0.0 
2857 1 0.0 0.0 0.0 0.0 0.0 0.0 0.0 
2858 1 0.0 0.0 0.0 0.0 0.0 0.0 0.0 
2859 1 0.0 0.0 0.0 0.0 0.0 0.0 0.0 
2860 1 0.0 0.0 0.0 0.0 0.0 0.0 0.0 
2861 1 0.0 0.0 0.0 0.0 0.0 0.0 0.0 
2862 1 0.0 0.0 0.0 0.0 0.0 0.0 0.0 
2863 1 0.0 0.0 0.0 0.0 0.0 0.0 0.0 
2864 1 0.0 0.0 0.0 0.0 0.0 0.0 0.0 
2865 1 0.0 0.0 0.0 0.0 0.0 0.0 0.0 
2866 1 0.0 0.0 0.0 0.0 0.0 0.0 0.0 
2867 1 0.0 0.0 0.0 0.0 0.0 0.0 0.0 
2868 1 0.0 0.0 0.0 0.0 0.0 0.0 0.0 
2869 1 0.0 0.0 0.0 0.0 0.0 0.0 0.0 
2870 1 0.0 0.0 0.0 0.0 0.0 0.0 0.0 
2871 1 0.0 0.0 0.0 0.0 0.0 0.0 0.0 
2872 1 0.0 0.0 0.0 0.0 0.0 0.0 0.0 
2873 1 0.0 0.0 0.0 0.0 0.0 0.0 0.0 
2874 1 0.0 0.0 0.0 0.0 0.0 0.0 0.0 
2875 1 0.0 0.0 0.0 0.0 0.0 0.0 0.0 
2876 1 0.0 0.0 0.0 0.0 0.0 0.0 0.0 
2877 1 0.0 0.0 0.0 0.0 0.0 0.0 0.0 
2878 1 0.0 0.0 0.0 0.0 0.0 0.0 0.0 
2879 1 0.0 0.0 0.0 0.0 0.0 0.0 0.0 
2880 1 0.0 0.0 0.0 0.0 0.0 0.0 0.0 
2881 1 0.0 0.0 0.0 0.0 0.0 0.0 0.0 
2882 1 0.0 0.0 0.0 0.0 0.0 0.0 0.0 
2883 1 0.0 0.0 0.0 0.0 0.0 0.0 0.0 
2884 1 0.0 0.0 0.0 0.0 0.0 0.0 0.0 
2885 1 0.0 0.0 0.0 0.0 0.0 0.0 0.0 
2886 1 0.0 0.0 0.0 0.0 0.0 0.0 0.0 
2887 1 0.0 0.0 0.0 0.0 0.0 0.0 0.0 
2888 1 0.0 0.0 0.0 0.0 0.0 0.0 0.0 
2889 1 0.0 0.0 0.0 0.0 0.0 0.0 0.0 
2890 1 0.0 0.0 0.0 0.0 0.0 0.0 0.0 
2891 1 0.0 0.0 0.0 0.0 0.0 0.0 0.0 
2892 1 0.0 0.0 0.0 0.0 0.0 0.0 0.0 
2893 1 0.0 0.0 0.0 0.0 0.0 0.0 0.0 
2894 1 0.0 0.0 0.0 0.0 0.0 0.0 0.0 
2895 1 0.0 0.0 0.0 0.0 0.0 0.0 0.0 
2896 1 0.0 0.0 0.0 0.0 0.0 0.0 0.0 
2897 1 0.0 0.0 0.0 0.0 0.0 0.0 0.0 
2898 1 0.0 0.0 0.0 0.0 0.0 0.0 0.0 
2899 1 0.0 0.0 0.0 0.0 0.0 0.0 0.0 
2900 1 0.0 0.0 0.0 0.0 0.0 0.0 0.0 
2901 1 0.0 0.0 0.0 0.0 0.0 0.0 0.0 
2902 1 0.0 0.0 0.0 0.0 0.0 0.0 0.0 
2903 1 0.0 0.0 0.0 0.0 0.0 0.0 0.0 
2904 1 0.0 0.0 0.0 0.0 0.0 0.0 0.0 
2905 1 0.0 0.0 0.0 0.0 0.0 0.0 0.0 
2906 1 0.0 0.0 0.0 0.0 0.0 0.0 0.0 
2907 1 0.0 0.0 0.0 0.0 0.0 0.0 0.0 
2908 1 0.0 0.0 0.0 0.0 0.0 0.0 0.0 
2909 1 0.0 0.0 0.0 0.0 0.0 0.0 0.0 
2910 1 0.0 0.0 0.0 0.0 0.0 0.0 0.0 
2911 1 0.0 0.0 0.0 0.0 0.0 0.0 0.0 
2912 1 0.0 0.0 0.0 0.0 0.0 0.0 0.0 
2913 1 0.0 0.0 0.0 0.0 0.0 0.0 0.0 
2914 1 0.0 0.0 0.0 0.0 0.0 0.0 0.0 
2915 1 0.0 0.0 0.0 0.0 0.0 0.0 0.0 
2916 1 0.0 0.0 0.0 0.0 0.0 0.0 0.0 
2917 1 0.0 0.0 0.0 0.0 0.0 0.0 0.0 
2918 1 0.0 0.0 0.0 0.0 0.0 0.0 0.0 
2919 1 0.0 0.0 0.0 0.0 0.0 0.0 0.0 
2920 1 0.0 0.0 0.0 0.0 0.0 0.0 0.0 
2921 1 0.0 0.0 0.0 0.0 0.0 0.0 0.0 
2922 1 0.0 0.0 0.0 0.0 0.0 0.0 0.0 
2923 1 0.0 0.0 0.0 0.0 0.0 0.0 0.0 
2924 1 0.0 0.0 0.0 0.0 0.0 0.0 0.0 
2925 1 0.0 0.0 0.0 0.0 0.0 0.0 0.0 
2926 1 0.0 0.0 0.0 0.0 0.0 0.0 0.0 
2927 1 0.0 0.0 0.0 0.0 0.0 0.0 0.0 
2928 1 0.0 0.0 0.0 0.0 0.0 0.0 0.0 
2929 1 0.0 0.0 0.0 0.0 0.0 0.0 0.0 
2930 1 0.0 0.0 0.0 0.0 0.0 0.0 0.0 
2931 1 0.0 0.0 0.0 0.0 0.0 0.0 0.0 
2932 1 0.0 0.0 0.0 0.0 0.0 0.0 0.0 
2933 1 0.0 0.0 0.0 0.0 0.0 0.0 0.0 
2934 1 0.0 0.0 0.0 0.0 0.0 0.0 0.0 
2935 1 0.0 0.0 0.0 0.0 0.0 0.0 0.0 
2936 1 0.0 0.0 0.0 0.0 0.0 0.0 0.0 
2937 1 0.0 0.0 0.0 0.0 0.0 0.0 0.0 
2938 1 0.0 0.0 0.0 0.0 0.0 0.0 0.0 
2939 1 0.0 0.0 0.0 0.0 0.0 0.0 0.0 
2940 1 0.0 0.0 0.0 0.0 0.0 0.0 0.0 
2941 1 0.0 0.0 0.0 0.0 0.0 0.0 0.0 
2942 1 0.0 0.0 0.0 0.0 0.0 0.0 0.0 
2943 1 0.0 0.0 0.0 0.0 0.0 0.0 0.0 
2944 1 0.0 0.0 0.0 0.0 0.0 0.0 0.0 
2945 1 0.0 0.0 0.0 0.0 0.0 0.0 0.0 
2946 1 0.0 0.0 0.0 0.0 0.0 0.0 0.0 
2947 1 0.0 0.0 0.0 0.0 0.0 0.0 0.0 
2948 1 0.0 0.0 0.0 0.0 0.0 0.0 0.0 
2949 1 0.0 0.0 0.0 0.0 0.0 0.0 0.0 
2950 1 0.0 0.0 0.0 0.0 0.0 0.0 0.0 
2951 1 0.0 0.0 0.0 0.0 0.0 0.0 0.0 
2952 1 0.0 0.0 0.0 0.0 0.0 0.0 0.0 
2953 1 0.0 0.0 0.0 0.0 0.0 0.0 0.0 
2954 1 0.0 0.0 0.0 0.0 0.0 0.0 0.0 
2955 1 0.0 0.0 0.0 0.0 0.0 0.0 0.0 
2956 1 0.0 0.0 0.0 0.0 0.0 0.0 0.0 
2957 1 0.0 0.0 0.0 0.0 0.0 0.0 0.0 
2958 1 0.0 0.0 0.0 0.0 0.0 0.0 0.0 
2959 1 0.0 0.0 0.0 0.0 0.0 0.0 0.0 
2960 1 0.0 0.0 0.0 0.0 0.0 0.0 0.0 
2961 1 0.0 0.0 0.0 0.0 0.0 0.0 0.0 
2962 1 0.0 0.0 0.0 0.0 0.0 0.0 0.0 
2963 1 0.0 0.0 0.0 0.0 0.0 0.0 0.0 
2964 1 0.0 0.0 0.0 0.0 0.0 0.0 0.0 
2965 1 0.0 0.0 0.0 0.0 0.0 0.0 0.0 
2966 1 0.0 0.0 0.0 0.0 0.0 0.0 0.0 
2967 1 0.0 0.0 0.0 0.0 0.0 0.0 0.0 
2968 1 0.0 0.0 0.0 0.0 0.0 0.0 0.0 
2969 1 0.0 0.0 0.0 0.0 0.0 0.0 0.0 
2970 1 0.0 0.0 0.0 0.0 0.0 0.0 0.0 
2971 1 0.0 0.0 0.0 0.0 0.0 0.0 0.0 
2972 1 0.0 0.0 0.0 0.0 0.0 0.0 0.0 
2973 1 0.0 0.0 0.0 0.0 0.0 0.0 0.0 
2974 1 0.0 0.0 0.0 0.0 0.0 0.0 0.0 
2975 1 0.0 0.0 0.0 0.0 0.0 0.0 0.0 
2976 1 0.0 0.0 0.0 0.0 0.0 0.0 0.0 
2977 1 0.0 0.0 0.0 0.0 0.0 0.0 0.0 
2978 1 0.0 0.0 0.0 0.0 0.0 0.0 0.0 
2979 1 0.0 0.0 0.0 0.0 0.0 0.0 0.0 
2980 1 0.0 0.0 0.0 0.0 0.0 0.0 0.0 
2981 1 0.0 0.0 0.0 0.0 0.0 0.0 0.0 
2982 1 0.0 0.0 0.0 0.0 0.0 0.0 0.0 
2983 1 0.0 0.0 0.0 0.0 0.0 0.0 0.0 
2984 1 0.0 0.0 0.0 0.0 0.0 0.0 0.0 
2985 1 0.0 0.0 0.0 0.0 0.0 0.0 0.0 
2986 1 0.0 0.0 0.0 0.0 0.0 0.0 0.0 
2987 1 0.0 0.0 0.0 0.0 0.0 0.0 0.0 
2988 1 0.0 0.0 0.0 0.0 0.0 0.0 0.0 
2989 1 0.0 0.0 0.0 0.0 0.0 0.0 0.0 
2990 1 0.0 0.0 0.0 0.0 0.0 0.0 0.0 
2991 1 0.0 0.0 0.0 0.0 0.0 0.0 0.0 
2992 1 0.0 0.0 0.0 0.0 0.0 0.0 0.0 
2993 1 0.0 0.0 0.0 0.0 0.0 0.0 0.0 
2994 1 0.0 0.0 0.0 0.0 0.0 0.0 0.0 
2995 1 0.0 0.0 0.0 0.0 0.0 0.0 0.0 
2996 1 0.0 0.0 0.0 0.0 0.0 0.0 0.0 
2997 1 0.0 0.0 0.0 0.0 0.0 0.0 0.0 
2998 1 0.0 0.0 0.0 0.0 0.0 0.0 0.0 
2999 1 0.0 0.0 0.0 0.0 0.0 0.0 0.0 
3000 1 0.0 0.0 0.0 0.0 0.0 0.0 0.0 
3001 1 0.0 0.0 0.0 0.0 0.0 0.0 0.0 
3002 1 0.0 0.0 0.0 0.0 0.0 0.0 0.0 
3003 1 0.0 0.0 0.0 0.0 0.0 0.0 0.0 
3004 1 0.0 0.0 0.0 0.0 0.0 0.0 0.0 
3005 1 0.0 0.0 0.0 0.0 0.0 0.0 0.0 
3006 1 0.0 0.0 0.0 0.0 0.0 0.0 0.0 
3007 1 0.0 0.0 0.0 0.0 0.0 0.0 0.0 
3008 1 0.0 0.0 0.0 0.0 0.0 0.0 0.0 
3009 1 0.0 0.0 0.0 0.0 0.0 0.0 0.0 
3010 1 0.0 0.0 0.0 0.0 0.0 0.0 0.0 
3011 1 0.0 0.0 0.0 0.0 0.0 0.0 0.0 
3012 1 0.0 0.0 0.0 0.0 0.0 0.0 0.0 
3013 1 0.0 0.0 0.0 0.0 0.0 0.0 0.0 
3014 1 0.0 0.0 0.0 0.0 0.0 0.0 0.0 
3015 1 0.0 0.0 0.0 0.0 0.0 0.0 0.0 
3016 1 0.0 0.0 0.0 0.0 0.0 0.0 0.0 
3017 1 0.0 0.0 0.0 0.0 0.0 0.0 0.0 
3018 1 0.0 0.0 0.0 0.0 0.0 0.0 0.0 
3019 1 0.0 0.0 0.0 0.0 0.0 0.0 0.0 
3020 1 0.0 0.0 0.0 0.0 0.0 0.0 0.0 
3021 1 0.0 0.0 0.0 0.0 0.0 0.0 0.0 
3022 1 0.0 0.0 0.0 0.0 0.0 0.0 0.0 
3023 1 0.0 0.0 0.0 0.0 0.0 0.0 0.0 
3024 1 0.0 0.0 0.0 0.0 0.0 0.0 0.0 
3025 1 0.0 0.0 0.0 0.0 0.0 0.0 0.0 
3026 1 0.0 0.0 0.0 0.0 0.0 0.0 0.0 
3027 1 0.0 0.0 0.0 0.0 0.0 0.0 0.0 
3028 1 0.0 0.0 0.0 0.0 0.0 0.0 0.0 
3029 1 0.0 0.0 0.0 0.0 0.0 0.0 0.0 
3030 1 0.0 0.0 0.0 0.0 0.0 0.0 0.0 
3031 1 0.0 0.0 0.0 0.0 0.0 0.0 0.0 
3032 1 0.0 0.0 0.0 0.0 0.0 0.0 0.0 
3033 1 0.0 0.0 0.0 0.0 0.0 0.0 0.0 
3034 1 0.0 0.0 0.0 0.0 0.0 0.0 0.0 
3035 1 0.0 0.0 0.0 0.0 0.0 0.0 0.0 
3036 1 0.0 0.0 0.0 0.0 0.0 0.0 0.0 
3037 1 0.0 0.0 0.0 0.0 0.0 0.0 0.0 
3038 1 0.0 0.0 0.0 0.0 0.0 0.0 0.0 
3039 1 0.0 0.0 0.0 0.0 0.0 0.0 0.0 
3040 1 0.0 0.0 0.0 0.0 0.0 0.0 0.0 
3041 1 0.0 0.0 0.0 0.0 0.0 0.0 0.0 
3042 1 0.0 0.0 0.0 0.0 0.0 0.0 0.0 
3043 1 0.0 0.0 0.0 0.0 0.0 0.0 0.0 
3044 1 0.0 0.0 0.0 0.0 0.0 0.0 0.0 
3045 1 0.0 0.0 0.0 0.0 0.0 0.0 0.0 
3046 1 0.0 0.0 0.0 0.0 0.0 0.0 0.0 
3047 1 0.0 0.0 0.0 0.0 0.0 0.0 0.0 
3048 1 0.0 0.0 0.0 0.0 0.0 0.0 0.0 
3049 1 0.0 0.0 0.0 0.0 0.0 0.0 0.0 
3050 1 0.0 0.0 0.0 0.0 0.0 0.0 0.0 
3051 1 0.0 0.0 0.0 0.0 0.0 0.0 0.0 
3052 1 0.0 0.0 0.0 0.0 0.0 0.0 0.0 
3053 1 0.0 0.0 0.0 0.0 0.0 0.0 0.0 
3054 1 0.0 0.0 0.0 0.0 0.0 0.0 0.0 
3055 1 0.0 0.0 0.0 0.0 0.0 0.0 0.0 
3056 1 0.0 0.0 0.0 0.0 0.0 0.0 0.0 
3057 1 0.0 0.0 0.0 0.0 0.0 0.0 0.0 
3058 1 0.0 0.0 0.0 0.0 0.0 0.0 0.0 
3059 1 0.0 0.0 0.0 0.0 0.0 0.0 0.0 
3060 1 0.0 0.0 0.0 0.0 0.0 0.0 0.0 
3061 1 0.0 0.0 0.0 0.0 0.0 0.0 0.0 
3062 1 0.0 0.0 0.0 0.0 0.0 0.0 0.0 
3063 1 0.0 0.0 0.0 0.0 0.0 0.0 0.0 
3064 1 0.0 0.0 0.0 0.0 0.0 0.0 0.0 
3065 1 0.0 0.0 0.0 0.0 0.0 0.0 0.0 
3066 1 0.0 0.0 0.0 0.0 0.0 0.0 0.0 
3067 1 0.0 0.0 0.0 0.0 0.0 0.0 0.0 
3068 1 0.0 0.0 0.0 0.0 0.0 0.0 0.0 
3069 1 0.0 0.0 0.0 0.0 0.0 0.0 0.0 
3070 1 0.0 0.0 0.0 0.0 0.0 0.0 0.0 
3071 1 0.0 0.0 0.0 0.0 0.0 0.0 0.0 
3072 1 0.0 0.0 0.0 0.0 0.0 0.0 0.0 
3073 1 0.0 0.0 0.0 0.0 0.0 0.0 0.0 
3074 1 0.0 0.0 0.0 0.0 0.0 0.0 0.0 
3075 1 0.0 0.0 0.0 0.0 0.0 0.0 0.0 
3076 1 0.0 0.0 0.0 0.0 0.0 0.0 0.0 
3077 1 0.0 0.0 0.0 0.0 0.0 0.0 0.0 
3078 1 0.0 0.0 0.0 0.0 0.0 0.0 0.0 
3079 1 0.0 0.0 0.0 0.0 0.0 0.0 0.0 
3080 1 0.0 0.0 0.0 0.0 0.0 0.0 0.0 
3081 1 0.0 0.0 0.0 0.0 0.0 0.0 0.0 
3082 1 0.0 0.0 0.0 0.0 0.0 0.0 0.0 
3083 1 0.0 0.0 0.0 0.0 0.0 0.0 0.0 
3084 1 0.0 0.0 0.0 0.0 0.0 0.0 0.0 
3085 1 0.0 0.0 0.0 0.0 0.0 0.0 0.0 
3086 1 0.0 0.0 0.0 0.0 0.0 0.0 0.0 
3087 1 0.0 0.0 0.0 0.0 0.0 0.0 0.0 
3088 1 0.0 0.0 0.0 0.0 0.0 0.0 0.0 
