Density,U_0,r0,n
0.005,41.11063920615657,2.0723772844052553,13.742056656682802
