Density,U_0,r0,n
0.0005009338934140755,100.0,2.1701658425016674,0.1
