Density,U_0,r0,n
0.0028252814886715618,42.99617300541882,2.1010520422109638,30.0
