Density,U_0,r0,n
0.004806859830612116,2.055461317044982,2.175855480428976,22.506425290836265
