Density,U_0,r0,n
0.0026987420772492323,0.1,2.10716687531828,0.1
